"../../../Engine/Plugins/Interchange/Runtime/Content/Pipelines/DefaultTexturePipeline.uasset" 0
"../../../Engine/Plugins/Interchange/Runtime/Content/Pipelines/DefaultTexturePipeline.uexp" 1
"../../../Engine/Plugins/Interchange/Runtime/Content/Pipelines/DefaultSceneLevelPipeline.uasset" 2
"../../../Engine/Plugins/Interchange/Runtime/Content/Pipelines/DefaultSceneLevelPipeline.uexp" 3
"../../../Engine/Plugins/Interchange/Runtime/Content/Pipelines/DefaultSceneAssetsPipeline.uasset" 4
"../../../Engine/Plugins/Interchange/Runtime/Content/Pipelines/DefaultSceneAssetsPipeline.uexp" 5
"../../../Engine/Plugins/Interchange/Runtime/Content/Pipelines/DefaultMaterialXPipeline.uasset" 6
"../../../Engine/Plugins/Interchange/Runtime/Content/Pipelines/DefaultMaterialXPipeline.uexp" 7
"../../../Engine/Plugins/Interchange/Runtime/Content/Pipelines/DefaultMaterialPipeline.uasset" 8
"../../../Engine/Plugins/Interchange/Runtime/Content/Pipelines/DefaultMaterialPipeline.uexp" 9
"../../../Engine/Plugins/Interchange/Runtime/Content/Pipelines/DefaultGLTFSceneAssetsPipeline.uasset" 10
"../../../Engine/Plugins/Interchange/Runtime/Content/Pipelines/DefaultGLTFSceneAssetsPipeline.uexp" 11
"../../../Engine/Plugins/Interchange/Runtime/Content/Pipelines/DefaultGLTFPipeline.uasset" 12
"../../../Engine/Plugins/Interchange/Runtime/Content/Pipelines/DefaultGLTFPipeline.uexp" 13
"../../../Engine/Plugins/Interchange/Runtime/Content/Pipelines/DefaultGLTFAssetsPipeline.uasset" 14
"../../../Engine/Plugins/Interchange/Runtime/Content/Pipelines/DefaultGLTFAssetsPipeline.uexp" 15
"../../../Engine/Plugins/Interchange/Runtime/Content/Pipelines/DefaultAssetsPipeline.uasset" 16
"../../../Engine/Plugins/Interchange/Runtime/Content/Pipelines/DefaultAssetsPipeline.uexp" 17
"../../../Engine/Plugins/Animation/ControlRig/Content/Controls/DefaultGizmoLibraryNormalized.uasset" 18
"../../../Engine/Plugins/Animation/ControlRig/Content/Controls/DefaultGizmoLibraryNormalized.uexp" 19
"../../../Engine/Plugins/Animation/ACLPlugin/Content/ACLAnimCurveCompressionSettings.uasset" 20
"../../../Engine/Plugins/Animation/ACLPlugin/Content/ACLAnimCurveCompressionSettings.uexp" 21
"../../../Engine/Plugins/Animation/ACLPlugin/Content/ACLAnimBoneCompressionSettings.uasset" 22
"../../../Engine/Plugins/Animation/ACLPlugin/Content/ACLAnimBoneCompressionSettings.uexp" 23
"../../../Engine/Plugins/2D/Paper2D/Content/PlaceholderTextures/DummySpriteTexture.ubulk" 24
"../../../Engine/Plugins/2D/Paper2D/Content/PlaceholderTextures/DummySpriteTexture.uasset" 25
"../../../Engine/Plugins/2D/Paper2D/Content/PlaceholderTextures/DummySpriteTexture.uexp" 26
"../../../Engine/Plugins/2D/Paper2D/Content/DummySprite.uasset" 27
"../../../Engine/Plugins/2D/Paper2D/Content/DummySprite.uexp" 28
"../../../Engine/Plugins/2D/Paper2D/Content/DefaultPaperTerrainMaterial.uasset" 29
"../../../Engine/Plugins/2D/Paper2D/Content/DefaultPaperTerrainMaterial.uexp" 30
"../../../Engine/Content/EngineSounds/Master.uasset" 31
"../../../Engine/Content/EngineSounds/Master.uexp" 32
"../../../Engine/Content/EngineMaterials/DefaultPhysicalMaterial.uasset" 33
"../../../Engine/Content/EngineMaterials/DefaultPhysicalMaterial.uexp" 34
"../../../Engine/Content/EngineMaterials/DefaultDestructiblePhysicalMaterial.uasset" 35
"../../../Engine/Content/EngineMaterials/DefaultDestructiblePhysicalMaterial.uexp" 36
"../../../Engine/Content/EngineFonts/Faces/RobotoLight.uexp" 37
"../../../Engine/Content/EngineFonts/Faces/RobotoLight.uasset" 38
"../../../Engine/Content/EngineFonts/Faces/RobotoLight.ufont" 39
"../../../Engine/Content/EngineFonts/Faces/RobotoBold.uexp" 40
"../../../Engine/Content/EngineFonts/Faces/RobotoBold.uasset" 41
"../../../Engine/Content/EngineFonts/Faces/RobotoBold.ufont" 42
"../../../Engine/Content/EngineFonts/Faces/RobotoRegular.uexp" 43
"../../../Engine/Content/EngineFonts/Faces/RobotoRegular.uasset" 44
"../../../Engine/Content/EngineFonts/Faces/RobotoRegular.ufont" 45
"../../../Engine/Content/EngineFonts/Faces/DroidSansFallback.uexp" 46
"../../../Engine/Content/EngineFonts/Faces/DroidSansFallback.uasset" 47
"../../../Engine/Content/EngineFonts/Faces/DroidSansFallback.ufont" 48
"../../../Engine/Content/EngineFonts/Faces/RobotoItalic.uexp" 49
"../../../Engine/Content/EngineFonts/Faces/RobotoItalic.uasset" 50
"../../../Engine/Content/EngineFonts/Faces/RobotoItalic.ufont" 51
"../../../Engine/Content/EngineFonts/Faces/RobotoBoldItalic.uexp" 52
"../../../Engine/Content/EngineFonts/Faces/RobotoBoldItalic.uasset" 53
"../../../Engine/Content/EngineFonts/Faces/RobotoBoldItalic.ufont" 54
"../../../Engine/Content/EngineFonts/Roboto.uasset" 55
"../../../Engine/Content/EngineFonts/Roboto.uexp" 56
"../../../Engine/Content/EditorResources/S_Actor.ubulk" 57
"../../../Engine/Content/EditorResources/S_Actor.uasset" 58
"../../../Engine/Content/EditorResources/S_Actor.uexp" 59
"../../../Engine/Plugins/Runtime/AudioWidgets/Content/Resources/ScrubHandleDown_Clamped.uasset" 60
"../../../Engine/Plugins/Runtime/AudioWidgets/Content/Resources/ScrubHandleDown_Clamped.uexp" 61
"../../../Engine/Content/EngineResources/GradientTexture0.uasset" 62
"../../../Engine/Content/EngineResources/GradientTexture0.uexp" 63
"../../../Engine/Content/EngineResources/DefaultTexture.ubulk" 64
"../../../Engine/Content/EngineResources/DefaultTexture.uasset" 65
"../../../Engine/Content/EngineResources/DefaultTexture.uexp" 66
"../../../Engine/Content/EngineResources/Black.uasset" 67
"../../../Engine/Content/EngineResources/Black.uexp" 68
"../../../Engine/Content/EngineMaterials/PreintegratedSkinBRDF.uasset" 69
"../../../Engine/Content/EngineMaterials/PreintegratedSkinBRDF.uexp" 70
"../../../Engine/Content/EngineMaterials/MiniFont.uasset" 71
"../../../Engine/Content/EngineMaterials/MiniFont.uexp" 72
"../../../Engine/Content/EngineMaterials/FastBlueNoise_vec2_128x128x64.uasset" 73
"../../../Engine/Content/EngineMaterials/FastBlueNoise_vec2_128x128x64.uexp" 74
"../../../Engine/Content/EngineMaterials/FastBlueNoise_scalar_128x128x64.uasset" 75
"../../../Engine/Content/EngineMaterials/FastBlueNoise_scalar_128x128x64.uexp" 76
"../../../Engine/Content/EngineMaterials/DefaultWhiteGrid.ubulk" 77
"../../../Engine/Content/EngineMaterials/DefaultWhiteGrid.uasset" 78
"../../../Engine/Content/EngineMaterials/DefaultWhiteGrid.uexp" 79
"../../../Engine/Content/EngineMaterials/DefaultBokeh.uasset" 80
"../../../Engine/Content/EngineMaterials/DefaultBokeh.uexp" 81
"../../../Engine/Content/EngineMaterials/DefaultBloomKernel.uasset" 82
"../../../Engine/Content/EngineMaterials/DefaultBloomKernel.uexp" 83
"../../../Engine/Content/EngineDamageTypes/DmgTypeBP_Environmental.uasset" 84
"../../../Engine/Content/EngineDamageTypes/DmgTypeBP_Environmental.uexp" 85
"../../../Engine/Content/EditorResources/S_TriggerSphere.uasset" 86
"../../../Engine/Content/EditorResources/S_TriggerSphere.uexp" 87
"../../../Engine/Content/EditorResources/S_TriggerCapsule.uasset" 88
"../../../Engine/Content/EditorResources/S_TriggerCapsule.uexp" 89
"../../../Engine/Content/EditorResources/S_TriggerBox.uasset" 90
"../../../Engine/Content/EditorResources/S_TriggerBox.uexp" 91
"../../../Engine/Content/EditorResources/S_Trigger.ubulk" 92
"../../../Engine/Content/EditorResources/S_Trigger.uasset" 93
"../../../Engine/Content/EditorResources/S_Trigger.uexp" 94
"../../../Engine/Content/EditorResources/S_Terrain.ubulk" 95
"../../../Engine/Content/EditorResources/S_Terrain.uasset" 96
"../../../Engine/Content/EditorResources/S_Terrain.uexp" 97
"../../../Engine/Content/EditorResources/S_Solver.ubulk" 98
"../../../Engine/Content/EditorResources/S_Solver.uasset" 99
"../../../Engine/Content/EditorResources/S_Solver.uexp" 100
"../../../Engine/Content/EditorResources/S_BoxReflectionCapture.uasset" 101
"../../../Engine/Content/EditorResources/S_BoxReflectionCapture.uexp" 102
"../../../Engine/Content/EditorResources/EmptyActor.uasset" 103
"../../../Engine/Content/EditorResources/EmptyActor.uexp" 104
"../../../Engine/Content/EditorResources/BSPVertex.uasset" 105
"../../../Engine/Content/EditorResources/BSPVertex.uexp" 106
"../../../Engine/Content/EditorLandscapeResources/DefaultAlphaTexture.uasset" 107
"../../../Engine/Content/EditorLandscapeResources/DefaultAlphaTexture.uexp" 108
"../../../Engine/Content/EngineResources/FilmGrains/Marcie_Grain_v3_128_M2_000.uasset" 109
"../../../Engine/Content/EngineResources/FilmGrains/Marcie_Grain_v3_128_M2_000.uexp" 110
"../../../Engine/Content/EngineMaterials/LTC/Sheen_LTC.uasset" 111
"../../../Engine/Content/EngineMaterials/LTC/Sheen_LTC.uexp" 112
"../../../Engine/Content/EngineMaterials/LTC/GGX_LTCMat.uasset" 113
"../../../Engine/Content/EngineMaterials/LTC/GGX_LTCMat.uexp" 114
"../../../Engine/Content/EngineMaterials/LTC/GGX_LTCAmp.uasset" 115
"../../../Engine/Content/EngineMaterials/LTC/GGX_LTCAmp.uexp" 116
"../../../Engine/Content/EngineMaterials/EnergyConservation/Sheen_Energy.uasset" 117
"../../../Engine/Content/EngineMaterials/EnergyConservation/Sheen_Energy.uexp" 118
"../../../Engine/Content/EngineMaterials/EnergyConservation/SheenLegacy_Energy.uasset" 119
"../../../Engine/Content/EngineMaterials/EnergyConservation/SheenLegacy_Energy.uexp" 120
"../../../Engine/Content/EngineMaterials/EnergyConservation/GGX_TransmissionEnergyArray.uasset" 121
"../../../Engine/Content/EngineMaterials/EnergyConservation/GGX_TransmissionEnergyArray.uexp" 122
"../../../Engine/Content/EngineMaterials/EnergyConservation/GGX_ReflectionEnergy.uasset" 123
"../../../Engine/Content/EngineMaterials/EnergyConservation/GGX_ReflectionEnergy.uexp" 124
"../../../Engine/Content/EngineMaterials/EnergyConservation/Diffuse_Energy.uasset" 125
"../../../Engine/Content/EngineMaterials/EnergyConservation/Diffuse_Energy.uexp" 126
"../../../Engine/Content/EditorResources/SequenceRecorder/RecordingIndicator.uasset" 127
"../../../Engine/Content/EditorResources/SequenceRecorder/RecordingIndicator.uexp" 128
"../../../Engine/Content/EditorResources/SequenceRecorder/Countdown.uasset" 129
"../../../Engine/Content/EditorResources/SequenceRecorder/Countdown.uexp" 130
"../../../Engine/Content/EditorMaterials/ParticleSystems/PSysThumbnail_OOD.ubulk" 131
"../../../Engine/Content/EditorMaterials/ParticleSystems/PSysThumbnail_OOD.uasset" 132
"../../../Engine/Content/EditorMaterials/ParticleSystems/PSysThumbnail_OOD.uexp" 133
"../../../Engine/Content/EditorMaterials/ParticleSystems/PSysThumbnail_NoImage.ubulk" 134
"../../../Engine/Content/EditorMaterials/ParticleSystems/PSysThumbnail_NoImage.uasset" 135
"../../../Engine/Content/EditorMaterials/ParticleSystems/PSysThumbnail_NoImage.uexp" 136
"../../../Engine/Content/EngineMaterials/T_Default_Material_Grid_M.ubulk" 137
"../../../Engine/Content/EngineMaterials/T_Default_Material_Grid_M.uasset" 138
"../../../Engine/Content/EngineMaterials/T_Default_Material_Grid_M.uexp" 139
"../../../Engine/Content/EngineMaterials/T_Default_Material_Grid_N.ubulk" 140
"../../../Engine/Content/EngineMaterials/T_Default_Material_Grid_N.uasset" 141
"../../../Engine/Content/EngineMaterials/T_Default_Material_Grid_N.uexp" 142
"../../../Engine/Content/Functions/Engine_MaterialFunctions01/Opacity/CameraDepthFade.uasset" 143
"../../../Engine/Content/Functions/Engine_MaterialFunctions01/Opacity/CameraDepthFade.uexp" 144
"../../../Engine/Content/EngineMaterials/WorldGridMaterial.uasset" 145
"../../../Engine/Content/EngineMaterials/WorldGridMaterial.uexp" 146
"../../../Engine/Content/BasicShapes/Cube.ubulk" 147
"../../../Engine/Content/BasicShapes/Cube.uasset" 148
"../../../Engine/Content/BasicShapes/Cube.uexp" 149
"../../../Engine/Content/BasicShapes/BasicShapeMaterial.uasset" 150
"../../../Engine/Content/BasicShapes/BasicShapeMaterial.uexp" 151
"C:/Repos/Unreal_stealth/Unreal_stealth_proj/Stealth_game/Content/LevelPrototyping/Objects/RunnableWalls/BP_RunnableWall.uasset" 152
"C:/Repos/Unreal_stealth/Unreal_stealth_proj/Stealth_game/Content/LevelPrototyping/Objects/RunnableWalls/BP_RunnableWall.uexp" 153
"C:/Repos/Unreal_stealth/Unreal_stealth_proj/Stealth_game/Content/Misc/Vsync_Enabler_BP.uasset" 154
"C:/Repos/Unreal_stealth/Unreal_stealth_proj/Stealth_game/Content/Misc/Vsync_Enabler_BP.uexp" 155
"../../../Engine/Content/Functions/Engine_MaterialFunctions02/Lerp_3Color.uasset" 156
"../../../Engine/Content/Functions/Engine_MaterialFunctions02/Lerp_3Color.uexp" 157
"C:/Repos/Unreal_stealth/Unreal_stealth_proj/Stealth_game/Content/Assets/Materials/Glowing_Portal.uasset" 158
"C:/Repos/Unreal_stealth/Unreal_stealth_proj/Stealth_game/Content/Assets/Materials/Glowing_Portal.uexp" 159
"C:/Repos/Unreal_stealth/Unreal_stealth_proj/Stealth_game/Content/LevelPrototyping/Objects/Utilities/Change_level_trigger_BP.uasset" 160
"C:/Repos/Unreal_stealth/Unreal_stealth_proj/Stealth_game/Content/LevelPrototyping/Objects/Utilities/Change_level_trigger_BP.uexp" 161
"../../../Engine/Content/EngineResources/DefaultTextureCube.uasset" 162
"../../../Engine/Content/EngineResources/DefaultTextureCube.uexp" 163
"../../../Engine/Content/EngineResources/DefaultVolumeTexture2D.uasset" 164
"../../../Engine/Content/EngineResources/DefaultVolumeTexture2D.uexp" 165
"../../../Engine/Content/EngineResources/DefaultVolumeTexture.uasset" 166
"../../../Engine/Content/EngineResources/DefaultVolumeTexture.uexp" 167
"../../../Engine/Content/EngineMeshes/Sphere.ubulk" 168
"../../../Engine/Content/EngineMeshes/Sphere.uasset" 169
"../../../Engine/Content/EngineMeshes/Sphere.uexp" 170
"../../../Engine/Content/VREditor/TransformGizmo/Main.uasset" 171
"../../../Engine/Content/VREditor/TransformGizmo/Main.uexp" 172
"../../../Engine/Content/VREditor/TransformGizmo/Xray.uasset" 173
"../../../Engine/Content/VREditor/TransformGizmo/Xray.uexp" 174
"../../../Engine/Content/VREditor/TransformGizmo/SM_Sequencer_Node.ubulk" 175
"../../../Engine/Content/VREditor/TransformGizmo/SM_Sequencer_Node.uasset" 176
"../../../Engine/Content/VREditor/TransformGizmo/SM_Sequencer_Node.uexp" 177
"../../../Engine/Plugins/Runtime/MeshModelingToolset/Content/Materials/M_DynamicMeshComponentVtxColor.uasset" 178
"../../../Engine/Plugins/Runtime/MeshModelingToolset/Content/Materials/M_DynamicMeshComponentVtxColor.uexp" 179
"../../../Engine/Plugins/Runtime/HairStrands/Content/Materials/HairMeshesDefaultMaterial.uasset" 180
"../../../Engine/Plugins/Runtime/HairStrands/Content/Materials/HairMeshesDefaultMaterial.uexp" 181
"../../../Engine/Plugins/Runtime/HairStrands/Content/Materials/HairDefaultMaterial.uasset" 182
"../../../Engine/Plugins/Runtime/HairStrands/Content/Materials/HairDefaultMaterial.uexp" 183
"../../../Engine/Plugins/Runtime/HairStrands/Content/Materials/HairGroupColors.uasset" 184
"../../../Engine/Plugins/Runtime/HairStrands/Content/Materials/HairGroupColors.uexp" 185
"../../../Engine/Content/Functions/Engine_MaterialFunctions02/Utility/MakeFloat2.uasset" 186
"../../../Engine/Content/Functions/Engine_MaterialFunctions02/Utility/MakeFloat2.uexp" 187
"../../../Engine/Content/Functions/Engine_MaterialFunctions02/Utility/MakeFloat3.uasset" 188
"../../../Engine/Content/Functions/Engine_MaterialFunctions02/Utility/MakeFloat3.uexp" 189
"../../../Engine/Content/EngineMaterials/HairColorMap.uasset" 190
"../../../Engine/Content/EngineMaterials/HairColorMap.uexp" 191
"../../../Engine/Content/EngineMaterials/HairDebugColor.uasset" 192
"../../../Engine/Content/EngineMaterials/HairDebugColor.uexp" 193
"../../../Engine/Plugins/Runtime/HairStrands/Content/Materials/HairDebugMaterial.uasset" 194
"../../../Engine/Plugins/Runtime/HairStrands/Content/Materials/HairDebugMaterial.uexp" 195
"../../../Engine/Plugins/Runtime/HairStrands/Content/Materials/HairCardsDefaultMaterial.uasset" 196
"../../../Engine/Plugins/Runtime/HairStrands/Content/Materials/HairCardsDefaultMaterial.uexp" 197
"../../../Engine/Content/Functions/Engine_MaterialFunctions02/Texturing/CustomRotator.uasset" 198
"../../../Engine/Content/Functions/Engine_MaterialFunctions02/Texturing/CustomRotator.uexp" 199
"../../../Engine/Content/Functions/Engine_MaterialFunctions02/Utility/BreakOutFloat2Components.uasset" 200
"../../../Engine/Content/Functions/Engine_MaterialFunctions02/Utility/BreakOutFloat2Components.uexp" 201
"../../../Engine/Content/Functions/Engine_MaterialFunctions01/Texturing/ScaleUVsByCenter.uasset" 202
"../../../Engine/Content/Functions/Engine_MaterialFunctions01/Texturing/ScaleUVsByCenter.uexp" 203
"../../../Engine/Plugins/Runtime/AudioWidgets/Content/AudioMaterialSlate/Functions/MF_SingleLine_Smooth.uasset" 204
"../../../Engine/Plugins/Runtime/AudioWidgets/Content/AudioMaterialSlate/Functions/MF_SingleLine_Smooth.uexp" 205
"../../../Engine/Plugins/Runtime/AudioWidgets/Content/AudioMaterialSlate/Functions/MF_AngleGradient.uasset" 206
"../../../Engine/Plugins/Runtime/AudioWidgets/Content/AudioMaterialSlate/Functions/MF_AngleGradient.uexp" 207
"../../../Engine/Plugins/Runtime/AudioWidgets/Content/AudioMaterialSlate/Functions/MF_SingleLine.uasset" 208
"../../../Engine/Plugins/Runtime/AudioWidgets/Content/AudioMaterialSlate/Functions/MF_SingleLine.uexp" 209
"../../../Engine/Content/Functions/Engine_MaterialFunctions01/Gradient/SphereGradient-2D.uasset" 210
"../../../Engine/Content/Functions/Engine_MaterialFunctions01/Gradient/SphereGradient-2D.uexp" 211
"../../../Engine/Plugins/Runtime/AudioWidgets/Content/AudioMaterialSlate/M_AudioMaterialToggleButton.uasset" 212
"../../../Engine/Plugins/Runtime/AudioWidgets/Content/AudioMaterialSlate/M_AudioMaterialToggleButton.uexp" 213
"../../../Engine/Plugins/Runtime/AudioWidgets/Content/AudioMaterialSlate/MI_AudioMaterialToggleButton.uasset" 214
"../../../Engine/Plugins/Runtime/AudioWidgets/Content/AudioMaterialSlate/MI_AudioMaterialToggleButton.uexp" 215
"../../../Engine/Content/Functions/Engine_MaterialFunctions02/Utility/VectorLength.uasset" 216
"../../../Engine/Content/Functions/Engine_MaterialFunctions02/Utility/VectorLength.uexp" 217
"../../../Engine/Content/Functions/Engine_MaterialFunctions01/Gradient/GeneratedRoundRect.uasset" 218
"../../../Engine/Content/Functions/Engine_MaterialFunctions01/Gradient/GeneratedRoundRect.uexp" 219
"../../../Engine/Plugins/Runtime/AudioWidgets/Content/AudioMaterialSlate/M_AudioMaterialRoundedSlider.uasset" 220
"../../../Engine/Plugins/Runtime/AudioWidgets/Content/AudioMaterialSlate/M_AudioMaterialRoundedSlider.uexp" 221
"../../../Engine/Plugins/Runtime/AudioWidgets/Content/AudioMaterialSlate/MI_AudioMaterialRoundedSlider.uasset" 222
"../../../Engine/Plugins/Runtime/AudioWidgets/Content/AudioMaterialSlate/MI_AudioMaterialRoundedSlider.uexp" 223
"../../../Engine/Plugins/Runtime/AudioWidgets/Content/AudioMaterialSlate/Functions/MF_Lines.uasset" 224
"../../../Engine/Plugins/Runtime/AudioWidgets/Content/AudioMaterialSlate/Functions/MF_Lines.uexp" 225
"../../../Engine/Plugins/Runtime/AudioWidgets/Content/AudioMaterialSlate/M_AudioMaterialMeter.uasset" 226
"../../../Engine/Plugins/Runtime/AudioWidgets/Content/AudioMaterialSlate/M_AudioMaterialMeter.uexp" 227
"../../../Engine/Plugins/Runtime/AudioWidgets/Content/AudioMaterialSlate/MI_AudioMaterialMeter.uasset" 228
"../../../Engine/Plugins/Runtime/AudioWidgets/Content/AudioMaterialSlate/MI_AudioMaterialMeter.uexp" 229
"../../../Engine/Plugins/Runtime/AudioWidgets/Content/AudioMaterialSlate/M_AudioMaterialKnob.uasset" 230
"../../../Engine/Plugins/Runtime/AudioWidgets/Content/AudioMaterialSlate/M_AudioMaterialKnob.uexp" 231
"../../../Engine/Plugins/Runtime/AudioWidgets/Content/AudioMaterialSlate/MI_AudioMaterialKnob.uasset" 232
"../../../Engine/Plugins/Runtime/AudioWidgets/Content/AudioMaterialSlate/MI_AudioMaterialKnob.uexp" 233
"../../../Engine/Plugins/Runtime/AudioWidgets/Content/AudioMaterialSlate/Functions/MF_DotOutlined.uasset" 234
"../../../Engine/Plugins/Runtime/AudioWidgets/Content/AudioMaterialSlate/Functions/MF_DotOutlined.uexp" 235
"../../../Engine/Plugins/Runtime/AudioWidgets/Content/AudioMaterialSlate/M_AudioMaterialEnvelope_ADSR.uasset" 236
"../../../Engine/Plugins/Runtime/AudioWidgets/Content/AudioMaterialSlate/M_AudioMaterialEnvelope_ADSR.uexp" 237
"../../../Engine/Plugins/Runtime/AudioWidgets/Content/AudioMaterialSlate/MI_AudioMaterialEnvelope_ADSR.uasset" 238
"../../../Engine/Plugins/Runtime/AudioWidgets/Content/AudioMaterialSlate/MI_AudioMaterialEnvelope_ADSR.uexp" 239
"../../../Engine/Plugins/NNE/NNEDenoiser/Content/NNEDTOM_Output_Default.uasset" 240
"../../../Engine/Plugins/NNE/NNEDenoiser/Content/NNEDTOM_Output_Default.uexp" 241
"../../../Engine/Plugins/NNE/NNEDenoiser/Content/NNEDTOM_Output_Alpha.uasset" 242
"../../../Engine/Plugins/NNE/NNEDenoiser/Content/NNEDTOM_Output_Alpha.uexp" 243
"../../../Engine/Plugins/NNE/NNEDenoiser/Content/NNEDTIM_ColorAlbedoNormal_Default.uasset" 244
"../../../Engine/Plugins/NNE/NNEDenoiser/Content/NNEDTIM_ColorAlbedoNormal_Default.uexp" 245
"../../../Engine/Plugins/NNE/NNEDenoiser/Content/NNEDTIM_ColorAlbedoNormal_Alpha.uasset" 246
"../../../Engine/Plugins/NNE/NNEDenoiser/Content/NNEDTIM_ColorAlbedoNormal_Alpha.uexp" 247
"../../../Engine/Plugins/NNE/NNEDenoiser/Content/NNEDOM_Output_Default.uasset" 248
"../../../Engine/Plugins/NNE/NNEDenoiser/Content/NNEDOM_Output_Default.uexp" 249
"../../../Engine/Plugins/NNE/NNEDenoiser/Content/NNEDOM_Output_Alpha.uasset" 250
"../../../Engine/Plugins/NNE/NNEDenoiser/Content/NNEDOM_Output_Alpha.uexp" 251
"../../../Engine/Plugins/NNE/NNEDenoiser/Content/NNEDIM_HighQuality_Default.uasset" 252
"../../../Engine/Plugins/NNE/NNEDenoiser/Content/NNEDIM_HighQuality_Default.uexp" 253
"../../../Engine/Plugins/NNE/NNEDenoiser/Content/NNEDIM_HighQuality_Alpha.uasset" 254
"../../../Engine/Plugins/NNE/NNEDenoiser/Content/NNEDIM_HighQuality_Alpha.uexp" 255
"../../../Engine/Plugins/NNE/NNEDenoiser/Content/NNEDIM_ColorAlbedoNormal_Default.uasset" 256
"../../../Engine/Plugins/NNE/NNEDenoiser/Content/NNEDIM_ColorAlbedoNormal_Default.uexp" 257
"../../../Engine/Plugins/NNE/NNEDenoiser/Content/NNEDIM_ColorAlbedoNormal_Alpha.uasset" 258
"../../../Engine/Plugins/NNE/NNEDenoiser/Content/NNEDIM_ColorAlbedoNormal_Alpha.uexp" 259
"../../../Engine/Plugins/Media/MediaPlate/Content/SM_MediaPlateScreen.ubulk" 260
"../../../Engine/Plugins/Media/MediaPlate/Content/SM_MediaPlateScreen.uasset" 261
"../../../Engine/Plugins/Media/MediaPlate/Content/SM_MediaPlateScreen.uexp" 262
"../../../Engine/Plugins/Interchange/Assets/Content/Functions/MX_UsdPreviewSurface.uasset" 263
"../../../Engine/Plugins/Interchange/Assets/Content/Functions/MX_UsdPreviewSurface.uexp" 264
"../../../Engine/Plugins/Interchange/Assets/Content/Functions/MX_UniformEDF.uasset" 265
"../../../Engine/Plugins/Interchange/Assets/Content/Functions/MX_UniformEDF.uexp" 266
"../../../Engine/Plugins/Interchange/Assets/Content/Functions/MX_TranslucentBSDF.uasset" 267
"../../../Engine/Plugins/Interchange/Assets/Content/Functions/MX_TranslucentBSDF.uexp" 268
"../../../Engine/Plugins/Interchange/Assets/Content/Functions/MX_ThinFilmBSDF.uasset" 269
"../../../Engine/Plugins/Interchange/Assets/Content/Functions/MX_ThinFilmBSDF.uexp" 270
"../../../Engine/Plugins/Interchange/Assets/Content/Functions/MX_SurfaceUnlit.uasset" 271
"../../../Engine/Plugins/Interchange/Assets/Content/Functions/MX_SurfaceUnlit.uexp" 272
"../../../Engine/Plugins/Interchange/Assets/Content/Functions/MX_Surface.uasset" 273
"../../../Engine/Plugins/Interchange/Assets/Content/Functions/MX_Surface.uexp" 274
"../../../Engine/Plugins/Interchange/Assets/Content/Functions/MX_SubsurfaceBSDF.uasset" 275
"../../../Engine/Plugins/Interchange/Assets/Content/Functions/MX_SubsurfaceBSDF.uexp" 276
"../../../Engine/Plugins/Interchange/Assets/Content/Functions/MX_SheenBSDF.uasset" 277
"../../../Engine/Plugins/Interchange/Assets/Content/Functions/MX_SheenBSDF.uexp" 278
"../../../Engine/Plugins/Interchange/Assets/Content/Functions/MX_OrenNayarBSDF.uasset" 279
"../../../Engine/Plugins/Interchange/Assets/Content/Functions/MX_OrenNayarBSDF.uexp" 280
"../../../Engine/Plugins/Interchange/Assets/Content/Utilities/New_LUT.uasset" 281
"../../../Engine/Plugins/Interchange/Assets/Content/Utilities/New_LUT.uexp" 282
"../../../Engine/Content/Functions/Engine_MaterialFunctions03/Math/RemapValueRange.uasset" 283
"../../../Engine/Content/Functions/Engine_MaterialFunctions03/Math/RemapValueRange.uexp" 284
"../../../Engine/Plugins/Interchange/Assets/Content/Functions/MF_Iridescence.uasset" 285
"../../../Engine/Plugins/Interchange/Assets/Content/Functions/MF_Iridescence.uexp" 286
"../../../Engine/Plugins/Interchange/Assets/Content/Functions/MX_StandardSurface.uasset" 287
"../../../Engine/Plugins/Interchange/Assets/Content/Functions/MX_StandardSurface.uexp" 288
"../../../Engine/Plugins/Interchange/Assets/Content/Functions/MX_TransmissionSurface.uasset" 289
"../../../Engine/Plugins/Interchange/Assets/Content/Functions/MX_TransmissionSurface.uexp" 290
"../../../Engine/Plugins/Interchange/Assets/Content/Functions/MX_OpenPBR_Translucent.uasset" 291
"../../../Engine/Plugins/Interchange/Assets/Content/Functions/MX_OpenPBR_Translucent.uexp" 292
"../../../Engine/Plugins/Interchange/Assets/Content/Functions/MX_OpenPBR_Opaque.uasset" 293
"../../../Engine/Plugins/Interchange/Assets/Content/Functions/MX_OpenPBR_Opaque.uexp" 294
"../../../Engine/Plugins/Interchange/Assets/Content/Functions/MX_MeasuredEDF.uasset" 295
"../../../Engine/Plugins/Interchange/Assets/Content/Functions/MX_MeasuredEDF.uexp" 296
"../../../Engine/Plugins/Interchange/Assets/Content/Functions/MX_GeneralizedSchlickBSDF.uasset" 297
"../../../Engine/Plugins/Interchange/Assets/Content/Functions/MX_GeneralizedSchlickBSDF.uexp" 298
"../../../Engine/Plugins/Interchange/Assets/Content/Functions/MX_DielectricBSDF.uasset" 299
"../../../Engine/Plugins/Interchange/Assets/Content/Functions/MX_DielectricBSDF.uexp" 300
"../../../Engine/Plugins/Interchange/Assets/Content/Functions/MX_ConicalEDF.uasset" 301
"../../../Engine/Plugins/Interchange/Assets/Content/Functions/MX_ConicalEDF.uexp" 302
"../../../Engine/Plugins/Interchange/Assets/Content/Functions/MX_ConductorBSDF.uasset" 303
"../../../Engine/Plugins/Interchange/Assets/Content/Functions/MX_ConductorBSDF.uexp" 304
"../../../Engine/Plugins/Interchange/Assets/Content/Functions/MX_BurleyDiffuseBSDF.uasset" 305
"../../../Engine/Plugins/Interchange/Assets/Content/Functions/MX_BurleyDiffuseBSDF.uexp" 306
"../../../Engine/Plugins/Interchange/Assets/Content/Functions/MX_AnisotropicVDF.uasset" 307
"../../../Engine/Plugins/Interchange/Assets/Content/Functions/MX_AnisotropicVDF.uexp" 308
"../../../Engine/Plugins/Interchange/Assets/Content/Functions/MX_AbsorptionVDF.uasset" 309
"../../../Engine/Plugins/Interchange/Assets/Content/Functions/MX_AbsorptionVDF.uexp" 310
"../../../Engine/Plugins/Editor/SpeedTreeImporter/Content/SpeedTree9/game_wind_noise.ubulk" 311
"../../../Engine/Plugins/Editor/SpeedTreeImporter/Content/SpeedTree9/game_wind_noise.uasset" 312
"../../../Engine/Plugins/Editor/SpeedTreeImporter/Content/SpeedTree9/game_wind_noise.uexp" 313
"../../../Engine/Plugins/Editor/SpeedTreeImporter/Content/SpeedTree9/UnpackDirection.uasset" 314
"../../../Engine/Plugins/Editor/SpeedTreeImporter/Content/SpeedTree9/UnpackDirection.uexp" 315
"../../../Engine/Content/Functions/Engine_MaterialFunctions02/ObjectLocalBounds.uasset" 316
"../../../Engine/Content/Functions/Engine_MaterialFunctions02/ObjectLocalBounds.uexp" 317
"../../../Engine/Content/Functions/Engine_MaterialFunctions02/Utility/BreakOutFloat3Components.uasset" 318
"../../../Engine/Content/Functions/Engine_MaterialFunctions02/Utility/BreakOutFloat3Components.uexp" 319
"../../../Engine/Content/Functions/Engine_MaterialFunctions02/UVs/BoundingBoxBased_0-1_UVW.uasset" 320
"../../../Engine/Content/Functions/Engine_MaterialFunctions02/UVs/BoundingBoxBased_0-1_UVW.uexp" 321
"../../../Engine/Plugins/Editor/SpeedTreeImporter/Content/SpeedTree9/UnpackInteger3.uasset" 322
"../../../Engine/Plugins/Editor/SpeedTreeImporter/Content/SpeedTree9/UnpackInteger3.uexp" 323
"../../../Engine/Plugins/Editor/SpeedTreeImporter/Content/SpeedTree9/SpeedTreeCameraFacing.uasset" 324
"../../../Engine/Plugins/Editor/SpeedTreeImporter/Content/SpeedTree9/SpeedTreeCameraFacing.uexp" 325
"../../../Engine/Content/Functions/Engine_MaterialFunctions02/WorldPositionOffset/ObjectScale.uasset" 326
"../../../Engine/Content/Functions/Engine_MaterialFunctions02/WorldPositionOffset/ObjectScale.uexp" 327
"../../../Engine/Content/Functions/Engine_MaterialFunctions02/SafeNormalize.uasset" 328
"../../../Engine/Content/Functions/Engine_MaterialFunctions02/SafeNormalize.uexp" 329
"../../../Engine/Plugins/Editor/SpeedTreeImporter/Content/SpeedTree9/SpeedTreeWindMotion.uasset" 330
"../../../Engine/Plugins/Editor/SpeedTreeImporter/Content/SpeedTree9/SpeedTreeWindMotion.uexp" 331
"../../../Engine/Plugins/Editor/SpeedTreeImporter/Content/SpeedTree9/SpeedTreeBranchMotion.uasset" 332
"../../../Engine/Plugins/Editor/SpeedTreeImporter/Content/SpeedTree9/SpeedTreeBranchMotion.uexp" 333
"../../../Engine/Plugins/Editor/SpeedTreeImporter/Content/SpeedTree9/SpeedTreeWind.uasset" 334
"../../../Engine/Plugins/Editor/SpeedTreeImporter/Content/SpeedTree9/SpeedTreeWind.uexp" 335
"../../../Engine/Plugins/Editor/SpeedTreeImporter/Content/SpeedTree9/EmptyNormal.uasset" 336
"../../../Engine/Plugins/Editor/SpeedTreeImporter/Content/SpeedTree9/EmptyNormal.uexp" 337
"../../../Engine/Plugins/Editor/SpeedTreeImporter/Content/SpeedTree9/Empty.uasset" 338
"../../../Engine/Plugins/Editor/SpeedTreeImporter/Content/SpeedTree9/Empty.uexp" 339
"../../../Engine/Plugins/Editor/SpeedTreeImporter/Content/SpeedTree9/SpeedTreeMaster.uasset" 340
"../../../Engine/Plugins/Editor/SpeedTreeImporter/Content/SpeedTree9/SpeedTreeMaster.uexp" 341
"../../../Engine/Plugins/Editor/SpeedTreeImporter/Content/SpeedTree9/SpeedTreeBillboard.uasset" 342
"../../../Engine/Plugins/Editor/SpeedTreeImporter/Content/SpeedTree9/SpeedTreeBillboard.uexp" 343
"../../../Engine/Plugins/Editor/SpeedTreeImporter/Content/SpeedTree9/SpeedTreeBillboardMaster.uasset" 344
"../../../Engine/Plugins/Editor/SpeedTreeImporter/Content/SpeedTree9/SpeedTreeBillboardMaster.uexp" 345
"../../../Engine/Content/Functions/Engine_MaterialFunctions02/WorldPositionOffset/CameraOffset.uasset" 346
"../../../Engine/Content/Functions/Engine_MaterialFunctions02/WorldPositionOffset/CameraOffset.uexp" 347
"../../../Engine/Plugins/Animation/ControlRig/Content/M_Manip.uasset" 348
"../../../Engine/Plugins/Animation/ControlRig/Content/M_Manip.uexp" 349
"../../../Engine/Plugins/Animation/ControlRig/Content/Controls/ControlRig_Wedge_solid.ubulk" 350
"../../../Engine/Plugins/Animation/ControlRig/Content/Controls/ControlRig_Wedge_solid.uasset" 351
"../../../Engine/Plugins/Animation/ControlRig/Content/Controls/ControlRig_Wedge_solid.uexp" 352
"../../../Engine/Plugins/Animation/ControlRig/Content/Controls/ControlRig_Wedge_3mm.ubulk" 353
"../../../Engine/Plugins/Animation/ControlRig/Content/Controls/ControlRig_Wedge_3mm.uasset" 354
"../../../Engine/Plugins/Animation/ControlRig/Content/Controls/ControlRig_Wedge_3mm.uexp" 355
"../../../Engine/Plugins/Animation/ControlRig/Content/Controls/ControlRig_Wedge_1mm.ubulk" 356
"../../../Engine/Plugins/Animation/ControlRig/Content/Controls/ControlRig_Wedge_1mm.uasset" 357
"../../../Engine/Plugins/Animation/ControlRig/Content/Controls/ControlRig_Wedge_1mm.uexp" 358
"../../../Engine/Plugins/Animation/ControlRig/Content/Controls/ControlRig_Triangle_solid.ubulk" 359
"../../../Engine/Plugins/Animation/ControlRig/Content/Controls/ControlRig_Triangle_solid.uasset" 360
"../../../Engine/Plugins/Animation/ControlRig/Content/Controls/ControlRig_Triangle_solid.uexp" 361
"../../../Engine/Plugins/Animation/ControlRig/Content/Controls/ControlRig_Triangle_3mm.ubulk" 362
"../../../Engine/Plugins/Animation/ControlRig/Content/Controls/ControlRig_Triangle_3mm.uasset" 363
"../../../Engine/Plugins/Animation/ControlRig/Content/Controls/ControlRig_Triangle_3mm.uexp" 364
"../../../Engine/Plugins/Animation/ControlRig/Content/Controls/ControlRig_Triangle_1mm.ubulk" 365
"../../../Engine/Plugins/Animation/ControlRig/Content/Controls/ControlRig_Triangle_1mm.uasset" 366
"../../../Engine/Plugins/Animation/ControlRig/Content/Controls/ControlRig_Triangle_1mm.uexp" 367
"../../../Engine/Plugins/Animation/ControlRig/Content/Controls/ControlRig_Star4_solid.ubulk" 368
"../../../Engine/Plugins/Animation/ControlRig/Content/Controls/ControlRig_Star4_solid.uasset" 369
"../../../Engine/Plugins/Animation/ControlRig/Content/Controls/ControlRig_Star4_solid.uexp" 370
"../../../Engine/Plugins/Animation/ControlRig/Content/Controls/ControlRig_Star4_3mm.ubulk" 371
"../../../Engine/Plugins/Animation/ControlRig/Content/Controls/ControlRig_Star4_3mm.uasset" 372
"../../../Engine/Plugins/Animation/ControlRig/Content/Controls/ControlRig_Star4_3mm.uexp" 373
"../../../Engine/Plugins/Animation/ControlRig/Content/Controls/ControlRig_Star4_1mm.ubulk" 374
"../../../Engine/Plugins/Animation/ControlRig/Content/Controls/ControlRig_Star4_1mm.uasset" 375
"../../../Engine/Plugins/Animation/ControlRig/Content/Controls/ControlRig_Star4_1mm.uexp" 376
"../../../Engine/Plugins/Animation/ControlRig/Content/Controls/ControlRig_Square_solid.ubulk" 377
"../../../Engine/Plugins/Animation/ControlRig/Content/Controls/ControlRig_Square_solid.uasset" 378
"../../../Engine/Plugins/Animation/ControlRig/Content/Controls/ControlRig_Square_solid.uexp" 379
"../../../Engine/Plugins/Animation/ControlRig/Content/Controls/ControlRig_Square_3mm.ubulk" 380
"../../../Engine/Plugins/Animation/ControlRig/Content/Controls/ControlRig_Square_3mm.uasset" 381
"../../../Engine/Plugins/Animation/ControlRig/Content/Controls/ControlRig_Square_3mm.uexp" 382
"../../../Engine/Plugins/Animation/ControlRig/Content/Controls/ControlRig_Square_1mm.ubulk" 383
"../../../Engine/Plugins/Animation/ControlRig/Content/Controls/ControlRig_Square_1mm.uasset" 384
"../../../Engine/Plugins/Animation/ControlRig/Content/Controls/ControlRig_Square_1mm.uexp" 385
"../../../Engine/Plugins/Animation/ControlRig/Content/Controls/ControlRig_Sphere_solid.ubulk" 386
"../../../Engine/Plugins/Animation/ControlRig/Content/Controls/ControlRig_Sphere_solid.uasset" 387
"../../../Engine/Plugins/Animation/ControlRig/Content/Controls/ControlRig_Sphere_solid.uexp" 388
"../../../Engine/Plugins/Animation/ControlRig/Content/Controls/ControlRig_Sphere_3mm.ubulk" 389
"../../../Engine/Plugins/Animation/ControlRig/Content/Controls/ControlRig_Sphere_3mm.uasset" 390
"../../../Engine/Plugins/Animation/ControlRig/Content/Controls/ControlRig_Sphere_3mm.uexp" 391
"../../../Engine/Plugins/Animation/ControlRig/Content/Controls/ControlRig_Sphere_1mm.ubulk" 392
"../../../Engine/Plugins/Animation/ControlRig/Content/Controls/ControlRig_Sphere_1mm.uasset" 393
"../../../Engine/Plugins/Animation/ControlRig/Content/Controls/ControlRig_Sphere_1mm.uexp" 394
"../../../Engine/Plugins/Animation/ControlRig/Content/Controls/ControlRig_RoundedTriangle_solid.ubulk" 395
"../../../Engine/Plugins/Animation/ControlRig/Content/Controls/ControlRig_RoundedTriangle_solid.uasset" 396
"../../../Engine/Plugins/Animation/ControlRig/Content/Controls/ControlRig_RoundedTriangle_solid.uexp" 397
"../../../Engine/Plugins/Animation/ControlRig/Content/Controls/ControlRig_RoundedTriangle_3mm.ubulk" 398
"../../../Engine/Plugins/Animation/ControlRig/Content/Controls/ControlRig_RoundedTriangle_3mm.uasset" 399
"../../../Engine/Plugins/Animation/ControlRig/Content/Controls/ControlRig_RoundedTriangle_3mm.uexp" 400
"../../../Engine/Plugins/Animation/ControlRig/Content/Controls/ControlRig_RoundedTriangle_1mm.ubulk" 401
"../../../Engine/Plugins/Animation/ControlRig/Content/Controls/ControlRig_RoundedTriangle_1mm.uasset" 402
"../../../Engine/Plugins/Animation/ControlRig/Content/Controls/ControlRig_RoundedTriangle_1mm.uexp" 403
"../../../Engine/Plugins/Animation/ControlRig/Content/Controls/ControlRig_RoundedSquare_solid.ubulk" 404
"../../../Engine/Plugins/Animation/ControlRig/Content/Controls/ControlRig_RoundedSquare_solid.uasset" 405
"../../../Engine/Plugins/Animation/ControlRig/Content/Controls/ControlRig_RoundedSquare_solid.uexp" 406
"../../../Engine/Plugins/Animation/ControlRig/Content/Controls/ControlRig_RoundedSquare_3mm.ubulk" 407
"../../../Engine/Plugins/Animation/ControlRig/Content/Controls/ControlRig_RoundedSquare_3mm.uasset" 408
"../../../Engine/Plugins/Animation/ControlRig/Content/Controls/ControlRig_RoundedSquare_3mm.uexp" 409
"../../../Engine/Plugins/Animation/ControlRig/Content/Controls/ControlRig_RoundedSquare_1mm.ubulk" 410
"../../../Engine/Plugins/Animation/ControlRig/Content/Controls/ControlRig_RoundedSquare_1mm.uasset" 411
"../../../Engine/Plugins/Animation/ControlRig/Content/Controls/ControlRig_RoundedSquare_1mm.uexp" 412
"../../../Engine/Plugins/Animation/ControlRig/Content/Controls/ControlRig_QuarterCircle_solid.ubulk" 413
"../../../Engine/Plugins/Animation/ControlRig/Content/Controls/ControlRig_QuarterCircle_solid.uasset" 414
"../../../Engine/Plugins/Animation/ControlRig/Content/Controls/ControlRig_QuarterCircle_solid.uexp" 415
"../../../Engine/Plugins/Animation/ControlRig/Content/Controls/ControlRig_QuarterCircle_3mm.ubulk" 416
"../../../Engine/Plugins/Animation/ControlRig/Content/Controls/ControlRig_QuarterCircle_3mm.uasset" 417
"../../../Engine/Plugins/Animation/ControlRig/Content/Controls/ControlRig_QuarterCircle_3mm.uexp" 418
"../../../Engine/Plugins/Animation/ControlRig/Content/Controls/ControlRig_QuarterCircle_1mm.ubulk" 419
"../../../Engine/Plugins/Animation/ControlRig/Content/Controls/ControlRig_QuarterCircle_1mm.uasset" 420
"../../../Engine/Plugins/Animation/ControlRig/Content/Controls/ControlRig_QuarterCircle_1mm.uexp" 421
"../../../Engine/Plugins/Animation/ControlRig/Content/Controls/ControlRig_Pyramid_solid.ubulk" 422
"../../../Engine/Plugins/Animation/ControlRig/Content/Controls/ControlRig_Pyramid_solid.uasset" 423
"../../../Engine/Plugins/Animation/ControlRig/Content/Controls/ControlRig_Pyramid_solid.uexp" 424
"../../../Engine/Plugins/Animation/ControlRig/Content/Controls/ControlRig_Pyramid_3mm.ubulk" 425
"../../../Engine/Plugins/Animation/ControlRig/Content/Controls/ControlRig_Pyramid_3mm.uasset" 426
"../../../Engine/Plugins/Animation/ControlRig/Content/Controls/ControlRig_Pyramid_3mm.uexp" 427
"../../../Engine/Plugins/Animation/ControlRig/Content/Controls/ControlRig_Pyramid_1mm.ubulk" 428
"../../../Engine/Plugins/Animation/ControlRig/Content/Controls/ControlRig_Pyramid_1mm.uasset" 429
"../../../Engine/Plugins/Animation/ControlRig/Content/Controls/ControlRig_Pyramid_1mm.uexp" 430
"../../../Engine/Plugins/Animation/ControlRig/Content/Controls/ControlRig_Octagon_solid.ubulk" 431
"../../../Engine/Plugins/Animation/ControlRig/Content/Controls/ControlRig_Octagon_solid.uasset" 432
"../../../Engine/Plugins/Animation/ControlRig/Content/Controls/ControlRig_Octagon_solid.uexp" 433
"../../../Engine/Plugins/Animation/ControlRig/Content/Controls/ControlRig_Octagon_3mm.ubulk" 434
"../../../Engine/Plugins/Animation/ControlRig/Content/Controls/ControlRig_Octagon_3mm.uasset" 435
"../../../Engine/Plugins/Animation/ControlRig/Content/Controls/ControlRig_Octagon_3mm.uexp" 436
"../../../Engine/Plugins/Animation/ControlRig/Content/Controls/ControlRig_Octagon_1mm.ubulk" 437
"../../../Engine/Plugins/Animation/ControlRig/Content/Controls/ControlRig_Octagon_1mm.uasset" 438
"../../../Engine/Plugins/Animation/ControlRig/Content/Controls/ControlRig_Octagon_1mm.uexp" 439
"../../../Engine/Plugins/Animation/ControlRig/Content/Controls/ControlRig_Hexagon_solid.ubulk" 440
"../../../Engine/Plugins/Animation/ControlRig/Content/Controls/ControlRig_Hexagon_solid.uasset" 441
"../../../Engine/Plugins/Animation/ControlRig/Content/Controls/ControlRig_Hexagon_solid.uexp" 442
"../../../Engine/Plugins/Animation/ControlRig/Content/Controls/ControlRig_Hexagon_3mm.ubulk" 443
"../../../Engine/Plugins/Animation/ControlRig/Content/Controls/ControlRig_Hexagon_3mm.uasset" 444
"../../../Engine/Plugins/Animation/ControlRig/Content/Controls/ControlRig_Hexagon_3mm.uexp" 445
"../../../Engine/Plugins/Animation/ControlRig/Content/Controls/ControlRig_Hexagon_1mm.ubulk" 446
"../../../Engine/Plugins/Animation/ControlRig/Content/Controls/ControlRig_Hexagon_1mm.uasset" 447
"../../../Engine/Plugins/Animation/ControlRig/Content/Controls/ControlRig_Hexagon_1mm.uexp" 448
"../../../Engine/Plugins/Animation/ControlRig/Content/Controls/ControlRig_HalfCircle_solid.ubulk" 449
"../../../Engine/Plugins/Animation/ControlRig/Content/Controls/ControlRig_HalfCircle_solid.uasset" 450
"../../../Engine/Plugins/Animation/ControlRig/Content/Controls/ControlRig_HalfCircle_solid.uexp" 451
"../../../Engine/Plugins/Animation/ControlRig/Content/Controls/ControlRig_HalfCircle_3mm.ubulk" 452
"../../../Engine/Plugins/Animation/ControlRig/Content/Controls/ControlRig_HalfCircle_3mm.uasset" 453
"../../../Engine/Plugins/Animation/ControlRig/Content/Controls/ControlRig_HalfCircle_3mm.uexp" 454
"../../../Engine/Plugins/Animation/ControlRig/Content/Controls/ControlRig_HalfCircle_1mm.ubulk" 455
"../../../Engine/Plugins/Animation/ControlRig/Content/Controls/ControlRig_HalfCircle_1mm.uasset" 456
"../../../Engine/Plugins/Animation/ControlRig/Content/Controls/ControlRig_HalfCircle_1mm.uexp" 457
"../../../Engine/Plugins/Animation/ControlRig/Content/Controls/ControlRig_Diamond_solid.ubulk" 458
"../../../Engine/Plugins/Animation/ControlRig/Content/Controls/ControlRig_Diamond_solid.uasset" 459
"../../../Engine/Plugins/Animation/ControlRig/Content/Controls/ControlRig_Diamond_solid.uexp" 460
"../../../Engine/Plugins/Animation/ControlRig/Content/Controls/ControlRig_Diamond_3mm.ubulk" 461
"../../../Engine/Plugins/Animation/ControlRig/Content/Controls/ControlRig_Diamond_3mm.uasset" 462
"../../../Engine/Plugins/Animation/ControlRig/Content/Controls/ControlRig_Diamond_3mm.uexp" 463
"../../../Engine/Plugins/Animation/ControlRig/Content/Controls/ControlRig_Diamond_1mm.ubulk" 464
"../../../Engine/Plugins/Animation/ControlRig/Content/Controls/ControlRig_Diamond_1mm.uasset" 465
"../../../Engine/Plugins/Animation/ControlRig/Content/Controls/ControlRig_Diamond_1mm.uexp" 466
"../../../Engine/Plugins/Animation/ControlRig/Content/Controls/ControlRig_Circle_solid.ubulk" 467
"../../../Engine/Plugins/Animation/ControlRig/Content/Controls/ControlRig_Circle_solid.uasset" 468
"../../../Engine/Plugins/Animation/ControlRig/Content/Controls/ControlRig_Circle_solid.uexp" 469
"../../../Engine/Plugins/Animation/ControlRig/Content/Controls/ControlRig_Circle_3mm.ubulk" 470
"../../../Engine/Plugins/Animation/ControlRig/Content/Controls/ControlRig_Circle_3mm.uasset" 471
"../../../Engine/Plugins/Animation/ControlRig/Content/Controls/ControlRig_Circle_3mm.uexp" 472
"../../../Engine/Plugins/Animation/ControlRig/Content/Controls/ControlRig_Circle_1mm.ubulk" 473
"../../../Engine/Plugins/Animation/ControlRig/Content/Controls/ControlRig_Circle_1mm.uasset" 474
"../../../Engine/Plugins/Animation/ControlRig/Content/Controls/ControlRig_Circle_1mm.uexp" 475
"../../../Engine/Plugins/Animation/ControlRig/Content/Controls/ControlRig_Box_solid.ubulk" 476
"../../../Engine/Plugins/Animation/ControlRig/Content/Controls/ControlRig_Box_solid.uasset" 477
"../../../Engine/Plugins/Animation/ControlRig/Content/Controls/ControlRig_Box_solid.uexp" 478
"../../../Engine/Plugins/Animation/ControlRig/Content/Controls/ControlRig_Box_3mm.ubulk" 479
"../../../Engine/Plugins/Animation/ControlRig/Content/Controls/ControlRig_Box_3mm.uasset" 480
"../../../Engine/Plugins/Animation/ControlRig/Content/Controls/ControlRig_Box_3mm.uexp" 481
"../../../Engine/Plugins/Animation/ControlRig/Content/Controls/ControlRig_Box_1mm.ubulk" 482
"../../../Engine/Plugins/Animation/ControlRig/Content/Controls/ControlRig_Box_1mm.uasset" 483
"../../../Engine/Plugins/Animation/ControlRig/Content/Controls/ControlRig_Box_1mm.uexp" 484
"../../../Engine/Plugins/Animation/ControlRig/Content/Controls/ControlRig_Arrow_solid.ubulk" 485
"../../../Engine/Plugins/Animation/ControlRig/Content/Controls/ControlRig_Arrow_solid.uasset" 486
"../../../Engine/Plugins/Animation/ControlRig/Content/Controls/ControlRig_Arrow_solid.uexp" 487
"../../../Engine/Plugins/Animation/ControlRig/Content/Controls/ControlRig_Arrow_3mm.ubulk" 488
"../../../Engine/Plugins/Animation/ControlRig/Content/Controls/ControlRig_Arrow_3mm.uasset" 489
"../../../Engine/Plugins/Animation/ControlRig/Content/Controls/ControlRig_Arrow_3mm.uexp" 490
"../../../Engine/Plugins/Animation/ControlRig/Content/Controls/ControlRig_Arrow_1mm.ubulk" 491
"../../../Engine/Plugins/Animation/ControlRig/Content/Controls/ControlRig_Arrow_1mm.uasset" 492
"../../../Engine/Plugins/Animation/ControlRig/Content/Controls/ControlRig_Arrow_1mm.uexp" 493
"../../../Engine/Plugins/Animation/ControlRig/Content/Controls/ControlRig_Arrow4_solid.ubulk" 494
"../../../Engine/Plugins/Animation/ControlRig/Content/Controls/ControlRig_Arrow4_solid.uasset" 495
"../../../Engine/Plugins/Animation/ControlRig/Content/Controls/ControlRig_Arrow4_solid.uexp" 496
"../../../Engine/Plugins/Animation/ControlRig/Content/Controls/ControlRig_Arrow4_3mm.ubulk" 497
"../../../Engine/Plugins/Animation/ControlRig/Content/Controls/ControlRig_Arrow4_3mm.uasset" 498
"../../../Engine/Plugins/Animation/ControlRig/Content/Controls/ControlRig_Arrow4_3mm.uexp" 499
"../../../Engine/Plugins/Animation/ControlRig/Content/Controls/ControlRig_Arrow4_1mm.ubulk" 500
"../../../Engine/Plugins/Animation/ControlRig/Content/Controls/ControlRig_Arrow4_1mm.uasset" 501
"../../../Engine/Plugins/Animation/ControlRig/Content/Controls/ControlRig_Arrow4_1mm.uexp" 502
"../../../Engine/Plugins/Animation/ControlRig/Content/Controls/ControlRig_Arrow2_solid.ubulk" 503
"../../../Engine/Plugins/Animation/ControlRig/Content/Controls/ControlRig_Arrow2_solid.uasset" 504
"../../../Engine/Plugins/Animation/ControlRig/Content/Controls/ControlRig_Arrow2_solid.uexp" 505
"../../../Engine/Plugins/Animation/ControlRig/Content/Controls/ControlRig_Arrow2_3mm.ubulk" 506
"../../../Engine/Plugins/Animation/ControlRig/Content/Controls/ControlRig_Arrow2_3mm.uasset" 507
"../../../Engine/Plugins/Animation/ControlRig/Content/Controls/ControlRig_Arrow2_3mm.uexp" 508
"../../../Engine/Plugins/Animation/ControlRig/Content/Controls/ControlRig_Arrow2_1mm.ubulk" 509
"../../../Engine/Plugins/Animation/ControlRig/Content/Controls/ControlRig_Arrow2_1mm.uasset" 510
"../../../Engine/Plugins/Animation/ControlRig/Content/Controls/ControlRig_Arrow2_1mm.uexp" 511
"../../../Engine/Plugins/Animation/ControlRig/Content/Controls/ControlRigXRayMaterial.uasset" 512
"../../../Engine/Plugins/Animation/ControlRig/Content/Controls/ControlRigXRayMaterial.uexp" 513
"../../../Engine/Plugins/Animation/ControlRig/Content/Controls/ControlRigGizmoMaterial.uasset" 514
"../../../Engine/Plugins/Animation/ControlRig/Content/Controls/ControlRigGizmoMaterial.uexp" 515
"../../../Engine/Plugins/2D/Paper2D/Content/DefaultSpriteMaterial.uasset" 516
"../../../Engine/Plugins/2D/Paper2D/Content/DefaultSpriteMaterial.uexp" 517
"../../../Engine/Plugins/2D/Paper2D/Content/OpaqueUnlitSpriteMaterial.uasset" 518
"../../../Engine/Plugins/2D/Paper2D/Content/OpaqueUnlitSpriteMaterial.uexp" 519
"../../../Engine/Plugins/2D/Paper2D/Content/MaskedUnlitSpriteMaterial.uasset" 520
"../../../Engine/Plugins/2D/Paper2D/Content/MaskedUnlitSpriteMaterial.uexp" 521
"../../../Engine/Content/EngineResources/WhiteSquareTexture.uasset" 522
"../../../Engine/Content/EngineResources/WhiteSquareTexture.uexp" 523
"../../../Engine/Content/EngineMaterials/Widget3DPassThrough.uasset" 524
"../../../Engine/Content/EngineMaterials/Widget3DPassThrough.uexp" 525
"../../../Engine/Content/EngineMaterials/Widget3DPassThrough_Translucent.uasset" 526
"../../../Engine/Content/EngineMaterials/Widget3DPassThrough_Translucent.uexp" 527
"../../../Engine/Content/EngineMaterials/Widget3DPassThrough_Translucent_OneSided.uasset" 528
"../../../Engine/Content/EngineMaterials/Widget3DPassThrough_Translucent_OneSided.uexp" 529
"../../../Engine/Content/EngineMaterials/Widget3DPassThrough_Opaque.uasset" 530
"../../../Engine/Content/EngineMaterials/Widget3DPassThrough_Opaque.uexp" 531
"../../../Engine/Content/EngineMaterials/Widget3DPassThrough_Opaque_OneSided.uasset" 532
"../../../Engine/Content/EngineMaterials/Widget3DPassThrough_Opaque_OneSided.uexp" 533
"../../../Engine/Content/EngineMaterials/Widget3DPassThrough_Masked_OneSided.uasset" 534
"../../../Engine/Content/EngineMaterials/Widget3DPassThrough_Masked_OneSided.uexp" 535
"../../../Engine/Content/EngineMaterials/Widget3DPassThrough_Masked.uasset" 536
"../../../Engine/Content/EngineMaterials/Widget3DPassThrough_Masked.uexp" 537
"../../../Engine/Content/EngineMaterials/WeightMapPlaceholderTexture.uasset" 538
"../../../Engine/Content/EngineMaterials/WeightMapPlaceholderTexture.uexp" 539
"../../../Engine/Content/EngineMaterials/WeightMapArrayPlaceholderTexture.uasset" 540
"../../../Engine/Content/EngineMaterials/WeightMapArrayPlaceholderTexture.uexp" 541
"../../../Engine/Content/EngineMaterials/RemoveSurfaceMaterial.uasset" 542
"../../../Engine/Content/EngineMaterials/RemoveSurfaceMaterial.uexp" 543
"../../../Engine/Content/EngineMaterials/DefaultCalibrationGrayscale.uasset" 544
"../../../Engine/Content/EngineMaterials/DefaultCalibrationGrayscale.uexp" 545
"../../../Engine/Content/EngineMaterials/PPM_DefaultCalibrationGrayscale.uasset" 546
"../../../Engine/Content/EngineMaterials/PPM_DefaultCalibrationGrayscale.uexp" 547
"../../../Engine/Content/EngineMaterials/DefaultCalibrationColor.uasset" 548
"../../../Engine/Content/EngineMaterials/DefaultCalibrationColor.uexp" 549
"../../../Engine/Content/EngineMaterials/PPM_DefaultCalibrationColor.uasset" 550
"../../../Engine/Content/EngineMaterials/PPM_DefaultCalibrationColor.uexp" 551
"../../../Engine/Content/EngineMaterials/PhAT_JointLimitMaterial.uasset" 552
"../../../Engine/Content/EngineMaterials/PhAT_JointLimitMaterial.uexp" 553
"../../../Engine/Content/EngineMaterials/NaniteHiddenSectionMaterial.uasset" 554
"../../../Engine/Content/EngineMaterials/NaniteHiddenSectionMaterial.uexp" 555
"../../../Engine/Content/EngineMaterials/InvalidLightmapSettings.ubulk" 556
"../../../Engine/Content/EngineMaterials/InvalidLightmapSettings.uasset" 557
"../../../Engine/Content/EngineMaterials/InvalidLightmapSettings.uexp" 558
"../../../Engine/Content/EngineMaterials/M_InvalidLightmapSettings.uasset" 559
"../../../Engine/Content/EngineMaterials/M_InvalidLightmapSettings.uexp" 560
"../../../Engine/Content/EngineMaterials/GizmoMaterial.uasset" 561
"../../../Engine/Content/EngineMaterials/GizmoMaterial.uexp" 562
"../../../Engine/Content/EngineMaterials/BaseFlattenEmissiveMap_VT.uasset" 563
"../../../Engine/Content/EngineMaterials/BaseFlattenEmissiveMap_VT.uexp" 564
"../../../Engine/Content/EngineMaterials/BaseFlattenGrayscaleMap_VT.uasset" 565
"../../../Engine/Content/EngineMaterials/BaseFlattenGrayscaleMap_VT.uexp" 566
"../../../Engine/Content/EngineMaterials/BaseFlattenLinearColor_VT.uasset" 567
"../../../Engine/Content/EngineMaterials/BaseFlattenLinearColor_VT.uexp" 568
"../../../Engine/Content/EngineMaterials/Black_1x1_EXR_Texture_VT.uasset" 569
"../../../Engine/Content/EngineMaterials/Black_1x1_EXR_Texture_VT.uexp" 570
"../../../Engine/Content/EngineMaterials/BaseFlattenDiffuseMap_VT.uasset" 571
"../../../Engine/Content/EngineMaterials/BaseFlattenDiffuseMap_VT.uexp" 572
"../../../Engine/Content/EngineMaterials/BaseFlattenNormalMap_VT.uasset" 573
"../../../Engine/Content/EngineMaterials/BaseFlattenNormalMap_VT.uexp" 574
"../../../Engine/Content/EngineMaterials/FlattenMaterial_WS_Normal_VT.uasset" 575
"../../../Engine/Content/EngineMaterials/FlattenMaterial_WS_Normal_VT.uexp" 576
"../../../Engine/Content/EngineMaterials/FlattenMaterial_VT.uasset" 577
"../../../Engine/Content/EngineMaterials/FlattenMaterial_VT.uexp" 578
"../../../Engine/Content/EngineMaterials/BaseFlattenNormalMap.uasset" 579
"../../../Engine/Content/EngineMaterials/BaseFlattenNormalMap.uexp" 580
"../../../Engine/Content/EngineMaterials/BaseFlattenGrayscaleMap.uasset" 581
"../../../Engine/Content/EngineMaterials/BaseFlattenGrayscaleMap.uexp" 582
"../../../Engine/Content/EngineMaterials/BaseFlattenDiffuseMap.uasset" 583
"../../../Engine/Content/EngineMaterials/BaseFlattenDiffuseMap.uexp" 584
"../../../Engine/Content/Functions/Engine_MaterialFunctions02/PivotPainter2/Black_1x1_EXR_Texture.uasset" 585
"../../../Engine/Content/Functions/Engine_MaterialFunctions02/PivotPainter2/Black_1x1_EXR_Texture.uexp" 586
"../../../Engine/Content/EngineMaterials/BaseFlattenEmissiveMap.uasset" 587
"../../../Engine/Content/EngineMaterials/BaseFlattenEmissiveMap.uexp" 588
"../../../Engine/Content/EngineMaterials/BaseFlattenLinearColor.uasset" 589
"../../../Engine/Content/EngineMaterials/BaseFlattenLinearColor.uexp" 590
"../../../Engine/Content/EngineMaterials/FlattenMaterial.uasset" 591
"../../../Engine/Content/EngineMaterials/FlattenMaterial.uexp" 592
"../../../Engine/Content/EngineMaterials/DefaultWhiteGrid_Low.uasset" 593
"../../../Engine/Content/EngineMaterials/DefaultWhiteGrid_Low.uexp" 594
"../../../Engine/Content/EngineMaterials/EmissiveMeshMaterial.uasset" 595
"../../../Engine/Content/EngineMaterials/EmissiveMeshMaterial.uexp" 596
"../../../Engine/Content/EngineFonts/RobotoDistanceField.uasset" 597
"../../../Engine/Content/EngineFonts/RobotoDistanceField.uexp" 598
"../../../Engine/Content/EngineMaterials/DefaultTextMaterialOpaque.uasset" 599
"../../../Engine/Content/EngineMaterials/DefaultTextMaterialOpaque.uexp" 600
"../../../Engine/Content/EngineMaterials/DefaultDiffuse.ubulk" 601
"../../../Engine/Content/EngineMaterials/DefaultDiffuse.uasset" 602
"../../../Engine/Content/EngineMaterials/DefaultDiffuse.uexp" 603
"../../../Engine/Content/EngineMaterials/DefaultPostProcessMaterial.uasset" 604
"../../../Engine/Content/EngineMaterials/DefaultPostProcessMaterial.uexp" 605
"../../../Engine/Content/EngineMaterials/DefaultLightFunctionMaterial.uasset" 606
"../../../Engine/Content/EngineMaterials/DefaultLightFunctionMaterial.uexp" 607
"../../../Engine/Content/EngineMaterials/DefaultDeferredDecalMaterial.uasset" 608
"../../../Engine/Content/EngineMaterials/DefaultDeferredDecalMaterial.uexp" 609
"../../../Engine/Content/Functions/Engine_MaterialFunctions02/Utility/CameraDirectionVector.uasset" 610
"../../../Engine/Content/Functions/Engine_MaterialFunctions02/Utility/CameraDirectionVector.uexp" 611
"../../../Engine/Content/EngineDebugMaterials/VolumeToRender.uasset" 612
"../../../Engine/Content/EngineDebugMaterials/VolumeToRender.uexp" 613
"../../../Engine/Content/EngineDebugMaterials/M_VolumeRenderSphereTracePP.uasset" 614
"../../../Engine/Content/EngineDebugMaterials/M_VolumeRenderSphereTracePP.uexp" 615
"../../../Engine/Content/EngineDebugMaterials/M_SimpleUnlitTranslucent.uasset" 616
"../../../Engine/Content/EngineDebugMaterials/M_SimpleUnlitTranslucent.uexp" 617
"../../../Engine/Content/EngineDebugMaterials/DebugMeshMaterial.uasset" 618
"../../../Engine/Content/EngineDebugMaterials/DebugMeshMaterial.uexp" 619
"../../../Engine/Content/EngineDebugMaterials/DebugEditorMaterial.uasset" 620
"../../../Engine/Content/EngineDebugMaterials/DebugEditorMaterial.uexp" 621
"../../../Engine/Content/EditorMaterials/PreviewShadowIndicator.ubulk" 622
"../../../Engine/Content/EditorMaterials/PreviewShadowIndicator.uasset" 623
"../../../Engine/Content/EditorMaterials/PreviewShadowIndicator.uexp" 624
"../../../Engine/Content/EditorMaterials/PreviewShadowIndicatorMaterial.uasset" 625
"../../../Engine/Content/EditorMaterials/PreviewShadowIndicatorMaterial.uexp" 626
"../../../Engine/Content/EditorMaterials/PhAT_UnselectedMaterial.uasset" 627
"../../../Engine/Content/EditorMaterials/PhAT_UnselectedMaterial.uexp" 628
"../../../Engine/Content/EditorMaterials/PhAT_NoCollisionMaterial.uasset" 629
"../../../Engine/Content/EditorMaterials/PhAT_NoCollisionMaterial.uexp" 630
"../../../Engine/Content/EditorLandscapeResources/SplineEditorMeshMat.uasset" 631
"../../../Engine/Content/EditorLandscapeResources/SplineEditorMeshMat.uexp" 632
"../../../Engine/Content/EditorLandscapeResources/SplineEditorMesh.ubulk" 633
"../../../Engine/Content/EditorLandscapeResources/SplineEditorMesh.uasset" 634
"../../../Engine/Content/EditorLandscapeResources/SplineEditorMesh.uexp" 635
"../../../Engine/Content/EngineMaterials/DefaultMaterial.uasset" 636
"../../../Engine/Content/EngineMaterials/DefaultMaterial.uexp" 637
"../../../Engine/Content/BasicShapes/Sphere.ubulk" 638
"../../../Engine/Content/BasicShapes/Sphere.uasset" 639
"../../../Engine/Content/BasicShapes/Sphere.uexp" 640
"../../../Engine/Content/BasicShapes/Plane.ubulk" 641
"../../../Engine/Content/BasicShapes/Plane.uasset" 642
"../../../Engine/Content/BasicShapes/Plane.uexp" 643
"../../../Engine/Content/BasicShapes/Cylinder.ubulk" 644
"../../../Engine/Content/BasicShapes/Cylinder.uasset" 645
"../../../Engine/Content/BasicShapes/Cylinder.uexp" 646
"../../../Engine/Content/BasicShapes/Cone.ubulk" 647
"../../../Engine/Content/BasicShapes/Cone.uasset" 648
"../../../Engine/Content/BasicShapes/Cone.uexp" 649
"../../../Engine/Content/EngineSky/VolumetricClouds/T_CloudMask.ubulk" 650
"../../../Engine/Content/EngineSky/VolumetricClouds/T_CloudMask.uasset" 651
"../../../Engine/Content/EngineSky/VolumetricClouds/T_CloudMask.uexp" 652
"../../../Engine/Content/EngineSky/VolumetricClouds/VT_Lightning.uasset" 653
"../../../Engine/Content/EngineSky/VolumetricClouds/VT_Lightning.uexp" 654
"../../../Engine/Content/EngineSky/VolumetricClouds/T_Profile_08.ubulk" 655
"../../../Engine/Content/EngineSky/VolumetricClouds/T_Profile_08.uasset" 656
"../../../Engine/Content/EngineSky/VolumetricClouds/T_Profile_08.uexp" 657
"../../../Engine/Content/Functions/Engine_MaterialFunctions02/Utility/MakeFloat4.uasset" 658
"../../../Engine/Content/Functions/Engine_MaterialFunctions02/Utility/MakeFloat4.uexp" 659
"../../../Engine/Content/Functions/Engine_MaterialFunctions01/Units/Km-to-Cm.uasset" 660
"../../../Engine/Content/Functions/Engine_MaterialFunctions01/Units/Km-to-Cm.uexp" 661
"../../../Engine/Content/Functions/Engine_MaterialFunctions02/Utility/BreakOutFloat4Components.uasset" 662
"../../../Engine/Content/Functions/Engine_MaterialFunctions02/Utility/BreakOutFloat4Components.uexp" 663
"../../../Engine/Content/EngineSky/VolumetricClouds/T_CloudPattern.ubulk" 664
"../../../Engine/Content/EngineSky/VolumetricClouds/T_CloudPattern.uasset" 665
"../../../Engine/Content/EngineSky/VolumetricClouds/T_CloudPattern.uexp" 666
"../../../Engine/Content/EngineSky/VolumetricClouds/VT_PerlinWorley_Balanced.uasset" 667
"../../../Engine/Content/EngineSky/VolumetricClouds/VT_PerlinWorley_Balanced.uexp" 668
"../../../Engine/Content/EngineSky/VolumetricClouds/m_SimpleVolumetricCloud.uasset" 669
"../../../Engine/Content/EngineSky/VolumetricClouds/m_SimpleVolumetricCloud.uexp" 670
"../../../Engine/Content/EngineSky/VolumetricClouds/m_SimpleVolumetricCloud_Inst.uasset" 671
"../../../Engine/Content/EngineSky/VolumetricClouds/m_SimpleVolumetricCloud_Inst.uexp" 672
"../../../Engine/Content/EditorMaterials/Camera/CineMat.uasset" 673
"../../../Engine/Content/EditorMaterials/Camera/CineMat.uexp" 674
"../../../Engine/Content/EditorMaterials/Camera/MI_CineMat_Rig.uasset" 675
"../../../Engine/Content/EditorMaterials/Camera/MI_CineMat_Rig.uexp" 676
"../../../Engine/Content/EditorMeshes/Camera/SM_RailRig_Track.ubulk" 677
"../../../Engine/Content/EditorMeshes/Camera/SM_RailRig_Track.uasset" 678
"../../../Engine/Content/EditorMeshes/Camera/SM_RailRig_Track.uexp" 679
"../../../Engine/Content/EditorMeshes/Camera/SM_RailRig_Mount.ubulk" 680
"../../../Engine/Content/EditorMeshes/Camera/SM_RailRig_Mount.uasset" 681
"../../../Engine/Content/EditorMeshes/Camera/SM_RailRig_Mount.uexp" 682
"../../../Engine/Content/EditorMeshes/Camera/SM_CraneRig_Mount.ubulk" 683
"../../../Engine/Content/EditorMeshes/Camera/SM_CraneRig_Mount.uasset" 684
"../../../Engine/Content/EditorMeshes/Camera/SM_CraneRig_Mount.uexp" 685
"../../../Engine/Content/EditorMeshes/Camera/SM_CraneRig_Body.ubulk" 686
"../../../Engine/Content/EditorMeshes/Camera/SM_CraneRig_Body.uasset" 687
"../../../Engine/Content/EditorMeshes/Camera/SM_CraneRig_Body.uexp" 688
"../../../Engine/Content/EditorMeshes/Camera/SM_CraneRig_Base.ubulk" 689
"../../../Engine/Content/EditorMeshes/Camera/SM_CraneRig_Base.uasset" 690
"../../../Engine/Content/EditorMeshes/Camera/SM_CraneRig_Base.uexp" 691
"../../../Engine/Content/EditorMeshes/Camera/SM_CraneRig_Arm.ubulk" 692
"../../../Engine/Content/EditorMeshes/Camera/SM_CraneRig_Arm.uasset" 693
"../../../Engine/Content/EditorMeshes/Camera/SM_CraneRig_Arm.uexp" 694
"../../../Engine/Content/EditorMaterials/Dataflow/DataflowVertexMaterial.uasset" 695
"../../../Engine/Content/EditorMaterials/Dataflow/DataflowVertexMaterial.uexp" 696
"../../../Engine/Content/EditorMaterials/Dataflow/DataflowTwoSidedVertexMaterial.uasset" 697
"../../../Engine/Content/EditorMaterials/Dataflow/DataflowTwoSidedVertexMaterial.uexp" 698
"../../../Engine/Content/VREditor/LaserPointer/VR_LaserPower_01.ubulk" 699
"../../../Engine/Content/VREditor/LaserPointer/VR_LaserPower_01.uasset" 700
"../../../Engine/Content/VREditor/LaserPointer/VR_LaserPower_01.uexp" 701
"../../../Engine/Content/VREditor/TransformGizmo/TransformGizmoMaterial.uasset" 702
"../../../Engine/Content/VREditor/TransformGizmo/TransformGizmoMaterial.uexp" 703
"../../../Engine/Content/VREditor/TransformGizmo/TranslucentTransformGizmoMaterial.uasset" 704
"../../../Engine/Content/VREditor/TransformGizmo/TranslucentTransformGizmoMaterial.uexp" 705
"../../../Engine/Content/VREditor/TransformGizmo/BoundingBoxEdge.ubulk" 706
"../../../Engine/Content/VREditor/TransformGizmo/BoundingBoxEdge.uasset" 707
"../../../Engine/Content/VREditor/TransformGizmo/BoundingBoxEdge.uexp" 708
"../../../Engine/Content/VREditor/TransformGizmo/BoundingBoxCorner.ubulk" 709
"../../../Engine/Content/VREditor/TransformGizmo/BoundingBoxCorner.uasset" 710
"../../../Engine/Content/VREditor/TransformGizmo/BoundingBoxCorner.uexp" 711
"../../../Engine/Plugins/Interchange/Assets/Content/gltf/Textures/T_White_srgb.uasset" 712
"../../../Engine/Plugins/Interchange/Assets/Content/gltf/Textures/T_White_srgb.uexp" 713
"../../../Engine/Plugins/Interchange/Assets/Content/gltf/MaterialFunctions/MF_BaseColor.uasset" 714
"../../../Engine/Plugins/Interchange/Assets/Content/gltf/MaterialFunctions/MF_BaseColor.uexp" 715
"../../../Engine/Plugins/Interchange/Assets/Content/gltf/MaterialFunctions/MF_RotateV2.uasset" 716
"../../../Engine/Plugins/Interchange/Assets/Content/gltf/MaterialFunctions/MF_RotateV2.uexp" 717
"../../../Engine/Plugins/Interchange/Assets/Content/gltf/MaterialFunctions/MF_TransformUVs.uasset" 718
"../../../Engine/Plugins/Interchange/Assets/Content/gltf/MaterialFunctions/MF_TransformUVs.uexp" 719
"../../../Engine/Plugins/Interchange/Assets/Content/gltf/MaterialBodies/MF_Unlit_Body.uasset" 720
"../../../Engine/Plugins/Interchange/Assets/Content/gltf/MaterialBodies/MF_Unlit_Body.uexp" 721
"../../../Engine/Plugins/Interchange/Assets/Content/gltf/M_Unlit.uasset" 722
"../../../Engine/Plugins/Interchange/Assets/Content/gltf/M_Unlit.uexp" 723
"../../../Engine/Plugins/Interchange/Assets/Content/gltf/MaterialInstances/MI_Unlit_Opaque.uasset" 724
"../../../Engine/Plugins/Interchange/Assets/Content/gltf/MaterialInstances/MI_Unlit_Opaque.uexp" 725
"../../../Engine/Plugins/Interchange/Assets/Content/gltf/MaterialInstances/MI_Unlit_Mask_DS.uasset" 726
"../../../Engine/Plugins/Interchange/Assets/Content/gltf/MaterialInstances/MI_Unlit_Mask_DS.uexp" 727
"../../../Engine/Plugins/Interchange/Assets/Content/gltf/MaterialInstances/MI_Unlit_Mask.uasset" 728
"../../../Engine/Plugins/Interchange/Assets/Content/gltf/MaterialInstances/MI_Unlit_Mask.uexp" 729
"../../../Engine/Plugins/Interchange/Assets/Content/gltf/MaterialInstances/MI_Unlit_Blend_DS.uasset" 730
"../../../Engine/Plugins/Interchange/Assets/Content/gltf/MaterialInstances/MI_Unlit_Blend_DS.uexp" 731
"../../../Engine/Plugins/Interchange/Assets/Content/gltf/MaterialInstances/MI_Unlit_Blend.uasset" 732
"../../../Engine/Plugins/Interchange/Assets/Content/gltf/MaterialInstances/MI_Unlit_Blend.uexp" 733
"../../../Engine/Content/Functions/Engine_MaterialFunctions02/Math/Transform3x3Matrix.uasset" 734
"../../../Engine/Content/Functions/Engine_MaterialFunctions02/Math/Transform3x3Matrix.uexp" 735
"../../../Engine/Content/EngineMaterials/Good64x64TilingNoiseHighFreq.uasset" 736
"../../../Engine/Content/EngineMaterials/Good64x64TilingNoiseHighFreq.uexp" 737
"../../../Engine/Content/Functions/Engine_MaterialFunctions02/Texturing/ScreenAlignedPixelToPixelUVs.uasset" 738
"../../../Engine/Content/Functions/Engine_MaterialFunctions02/Texturing/ScreenAlignedPixelToPixelUVs.uexp" 739
"../../../Engine/Plugins/Interchange/Assets/Content/gltf/MaterialFunctions/MF_Temporal_Blur.uasset" 740
"../../../Engine/Plugins/Interchange/Assets/Content/gltf/MaterialFunctions/MF_Temporal_Blur.uexp" 741
"../../../Engine/Plugins/Interchange/Assets/Content/gltf/MaterialFunctions/MF_Specular.uasset" 742
"../../../Engine/Plugins/Interchange/Assets/Content/gltf/MaterialFunctions/MF_Specular.uexp" 743
"../../../Engine/Plugins/Interchange/Assets/Content/gltf/Textures/T_Anisotropy_Direction_Linear.uasset" 744
"../../../Engine/Plugins/Interchange/Assets/Content/gltf/Textures/T_Anisotropy_Direction_Linear.uexp" 745
"../../../Engine/Plugins/Interchange/Assets/Content/gltf/MaterialFunctions/MF_SpecularAnisotropy.uasset" 746
"../../../Engine/Plugins/Interchange/Assets/Content/gltf/MaterialFunctions/MF_SpecularAnisotropy.uexp" 747
"../../../Engine/Plugins/Interchange/Assets/Content/gltf/Textures/T_White_Linear.uasset" 748
"../../../Engine/Plugins/Interchange/Assets/Content/gltf/Textures/T_White_Linear.uexp" 749
"../../../Engine/Plugins/Interchange/Assets/Content/gltf/MaterialFunctions/MF_MetallicRoughness.uasset" 750
"../../../Engine/Plugins/Interchange/Assets/Content/gltf/MaterialFunctions/MF_MetallicRoughness.uexp" 751
"../../../Engine/Plugins/Interchange/Assets/Content/gltf/Textures/T_Generic_N.uasset" 752
"../../../Engine/Plugins/Interchange/Assets/Content/gltf/Textures/T_Generic_N.uexp" 753
"../../../Engine/Plugins/Interchange/Assets/Content/gltf/MaterialFunctions/MF_ScaleNormal.uasset" 754
"../../../Engine/Plugins/Interchange/Assets/Content/gltf/MaterialFunctions/MF_ScaleNormal.uexp" 755
"../../../Engine/Plugins/Interchange/Assets/Content/gltf/MaterialFunctions/MF_Fresnel_DS.uasset" 756
"../../../Engine/Plugins/Interchange/Assets/Content/gltf/MaterialFunctions/MF_Fresnel_DS.uexp" 757
"../../../Engine/Plugins/Interchange/Assets/Content/gltf/MaterialFunctions/MF_Iridescence.uasset" 758
"../../../Engine/Plugins/Interchange/Assets/Content/gltf/MaterialFunctions/MF_Iridescence.uexp" 759
"../../../Engine/Plugins/Interchange/Assets/Content/gltf/MaterialFunctions/MF_Occlusion.uasset" 760
"../../../Engine/Plugins/Interchange/Assets/Content/gltf/MaterialFunctions/MF_Occlusion.uexp" 761
"../../../Engine/Plugins/Interchange/Assets/Content/gltf/MaterialFunctions/MF_IOR.uasset" 762
"../../../Engine/Plugins/Interchange/Assets/Content/gltf/MaterialFunctions/MF_IOR.uexp" 763
"../../../Engine/Plugins/Interchange/Assets/Content/gltf/MaterialFunctions/MF_Transmission.uasset" 764
"../../../Engine/Plugins/Interchange/Assets/Content/gltf/MaterialFunctions/MF_Transmission.uexp" 765
"../../../Engine/Plugins/Interchange/Assets/Content/gltf/MaterialFunctions/MF_RotateNormals_TS.uasset" 766
"../../../Engine/Plugins/Interchange/Assets/Content/gltf/MaterialFunctions/MF_RotateNormals_TS.uexp" 767
"../../../Engine/Plugins/Interchange/Assets/Content/gltf/MaterialFunctions/MF_Normals.uasset" 768
"../../../Engine/Plugins/Interchange/Assets/Content/gltf/MaterialFunctions/MF_Normals.uexp" 769
"../../../Engine/Plugins/Interchange/Assets/Content/gltf/MaterialBodies/MF_Transmission_Body.uasset" 770
"../../../Engine/Plugins/Interchange/Assets/Content/gltf/MaterialBodies/MF_Transmission_Body.uexp" 771
"../../../Engine/Plugins/Interchange/Assets/Content/gltf/M_Transmission.uasset" 772
"../../../Engine/Plugins/Interchange/Assets/Content/gltf/M_Transmission.uexp" 773
"../../../Engine/Plugins/Interchange/Assets/Content/gltf/MaterialInstances/MI_Transmission_DS.uasset" 774
"../../../Engine/Plugins/Interchange/Assets/Content/gltf/MaterialInstances/MI_Transmission_DS.uexp" 775
"../../../Engine/Plugins/Interchange/Assets/Content/gltf/MaterialInstances/MI_Transmission.uasset" 776
"../../../Engine/Plugins/Interchange/Assets/Content/gltf/MaterialInstances/MI_Transmission.uexp" 777
"../../../Engine/Content/Functions/Engine_MaterialFunctions02/Math/AddComponents.uasset" 778
"../../../Engine/Content/Functions/Engine_MaterialFunctions02/Math/AddComponents.uexp" 779
"../../../Engine/Plugins/Interchange/Assets/Content/gltf/MaterialFunctions/MF_DiffuseSpecGloss.uasset" 780
"../../../Engine/Plugins/Interchange/Assets/Content/gltf/MaterialFunctions/MF_DiffuseSpecGloss.uexp" 781
"../../../Engine/Plugins/Interchange/Assets/Content/gltf/MaterialFunctions/MF_Emissive.uasset" 782
"../../../Engine/Plugins/Interchange/Assets/Content/gltf/MaterialFunctions/MF_Emissive.uexp" 783
"../../../Engine/Plugins/Interchange/Assets/Content/gltf/MaterialFunctions/MF_PerceivedBrightness.uasset" 784
"../../../Engine/Plugins/Interchange/Assets/Content/gltf/MaterialFunctions/MF_PerceivedBrightness.uexp" 785
"../../../Engine/Plugins/Interchange/Assets/Content/gltf/MaterialFunctions/MF_SpecGlossToMetalRoughness.uasset" 786
"../../../Engine/Plugins/Interchange/Assets/Content/gltf/MaterialFunctions/MF_SpecGlossToMetalRoughness.uexp" 787
"../../../Engine/Plugins/Interchange/Assets/Content/gltf/MaterialFunctions/MF_MaxComponentValue.uasset" 788
"../../../Engine/Plugins/Interchange/Assets/Content/gltf/MaterialFunctions/MF_MaxComponentValue.uexp" 789
"../../../Engine/Plugins/Interchange/Assets/Content/gltf/MaterialBodies/MF_SpecularGlossiness_Body.uasset" 790
"../../../Engine/Plugins/Interchange/Assets/Content/gltf/MaterialBodies/MF_SpecularGlossiness_Body.uexp" 791
"../../../Engine/Plugins/Interchange/Assets/Content/gltf/M_SpecularGlossiness.uasset" 792
"../../../Engine/Plugins/Interchange/Assets/Content/gltf/M_SpecularGlossiness.uexp" 793
"../../../Engine/Plugins/Interchange/Assets/Content/gltf/MaterialInstances/MI_SpecularGlossiness_Opaque_DS.uasset" 794
"../../../Engine/Plugins/Interchange/Assets/Content/gltf/MaterialInstances/MI_SpecularGlossiness_Opaque_DS.uexp" 795
"../../../Engine/Plugins/Interchange/Assets/Content/gltf/MaterialInstances/MI_SpecularGlossiness_Opaque.uasset" 796
"../../../Engine/Plugins/Interchange/Assets/Content/gltf/MaterialInstances/MI_SpecularGlossiness_Opaque.uexp" 797
"../../../Engine/Plugins/Interchange/Assets/Content/gltf/MaterialInstances/MI_SpecularGlossiness_Mask_DS.uasset" 798
"../../../Engine/Plugins/Interchange/Assets/Content/gltf/MaterialInstances/MI_SpecularGlossiness_Mask_DS.uexp" 799
"../../../Engine/Plugins/Interchange/Assets/Content/gltf/MaterialInstances/MI_SpecularGlossiness_Mask.uasset" 800
"../../../Engine/Plugins/Interchange/Assets/Content/gltf/MaterialInstances/MI_SpecularGlossiness_Mask.uexp" 801
"../../../Engine/Plugins/Interchange/Assets/Content/gltf/MaterialInstances/MI_SpecularGlossiness_Blend_DS.uasset" 802
"../../../Engine/Plugins/Interchange/Assets/Content/gltf/MaterialInstances/MI_SpecularGlossiness_Blend_DS.uexp" 803
"../../../Engine/Plugins/Interchange/Assets/Content/gltf/MaterialInstances/MI_SpecularGlossiness_Blend.uasset" 804
"../../../Engine/Plugins/Interchange/Assets/Content/gltf/MaterialInstances/MI_SpecularGlossiness_Blend.uexp" 805
"../../../Engine/Plugins/Interchange/Assets/Content/gltf/MaterialFunctions/MF_Sheen.uasset" 806
"../../../Engine/Plugins/Interchange/Assets/Content/gltf/MaterialFunctions/MF_Sheen.uexp" 807
"../../../Engine/Plugins/Interchange/Assets/Content/gltf/MaterialBodies/MF_Sheen_Body.uasset" 808
"../../../Engine/Plugins/Interchange/Assets/Content/gltf/MaterialBodies/MF_Sheen_Body.uexp" 809
"../../../Engine/Plugins/Interchange/Assets/Content/gltf/M_Sheen.uasset" 810
"../../../Engine/Plugins/Interchange/Assets/Content/gltf/M_Sheen.uexp" 811
"../../../Engine/Plugins/Interchange/Assets/Content/gltf/MaterialInstances/MI_Sheen_Opaque_DS.uasset" 812
"../../../Engine/Plugins/Interchange/Assets/Content/gltf/MaterialInstances/MI_Sheen_Opaque_DS.uexp" 813
"../../../Engine/Plugins/Interchange/Assets/Content/gltf/MaterialInstances/MI_Sheen_Opaque.uasset" 814
"../../../Engine/Plugins/Interchange/Assets/Content/gltf/MaterialInstances/MI_Sheen_Opaque.uexp" 815
"../../../Engine/Plugins/Interchange/Assets/Content/gltf/MaterialInstances/MI_Sheen_Mask_DS.uasset" 816
"../../../Engine/Plugins/Interchange/Assets/Content/gltf/MaterialInstances/MI_Sheen_Mask_DS.uexp" 817
"../../../Engine/Plugins/Interchange/Assets/Content/gltf/MaterialInstances/MI_Sheen_Mask.uasset" 818
"../../../Engine/Plugins/Interchange/Assets/Content/gltf/MaterialInstances/MI_Sheen_Mask.uexp" 819
"../../../Engine/Plugins/Interchange/Assets/Content/gltf/MaterialInstances/MI_Sheen_Blend_DS.uasset" 820
"../../../Engine/Plugins/Interchange/Assets/Content/gltf/MaterialInstances/MI_Sheen_Blend_DS.uexp" 821
"../../../Engine/Plugins/Interchange/Assets/Content/gltf/MaterialInstances/MI_Sheen_Blend.uasset" 822
"../../../Engine/Plugins/Interchange/Assets/Content/gltf/MaterialInstances/MI_Sheen_Blend.uexp" 823
"../../../Engine/Plugins/Interchange/Assets/Content/gltf/MaterialBodies/MF_Default_Body.uasset" 824
"../../../Engine/Plugins/Interchange/Assets/Content/gltf/MaterialBodies/MF_Default_Body.uexp" 825
"../../../Engine/Plugins/Interchange/Assets/Content/gltf/M_Default.uasset" 826
"../../../Engine/Plugins/Interchange/Assets/Content/gltf/M_Default.uexp" 827
"../../../Engine/Plugins/Interchange/Assets/Content/gltf/MaterialInstances/MI_Default_Opaque_DS.uasset" 828
"../../../Engine/Plugins/Interchange/Assets/Content/gltf/MaterialInstances/MI_Default_Opaque_DS.uexp" 829
"../../../Engine/Plugins/Interchange/Assets/Content/gltf/MaterialInstances/MI_Default_Opaque.uasset" 830
"../../../Engine/Plugins/Interchange/Assets/Content/gltf/MaterialInstances/MI_Default_Opaque.uexp" 831
"../../../Engine/Plugins/Interchange/Assets/Content/gltf/MaterialInstances/MI_Default_Mask_DS.uasset" 832
"../../../Engine/Plugins/Interchange/Assets/Content/gltf/MaterialInstances/MI_Default_Mask_DS.uexp" 833
"../../../Engine/Plugins/Interchange/Assets/Content/gltf/MaterialInstances/MI_Default_Mask.uasset" 834
"../../../Engine/Plugins/Interchange/Assets/Content/gltf/MaterialInstances/MI_Default_Mask.uexp" 835
"../../../Engine/Plugins/Interchange/Assets/Content/gltf/MaterialInstances/MI_Default_Blend_DS.uasset" 836
"../../../Engine/Plugins/Interchange/Assets/Content/gltf/MaterialInstances/MI_Default_Blend_DS.uexp" 837
"../../../Engine/Plugins/Interchange/Assets/Content/gltf/MaterialInstances/MI_Default_Blend.uasset" 838
"../../../Engine/Plugins/Interchange/Assets/Content/gltf/MaterialInstances/MI_Default_Blend.uexp" 839
"../../../Engine/Content/Functions/Engine_MaterialFunctions01/Texturing/FlattenNormal.uasset" 840
"../../../Engine/Content/Functions/Engine_MaterialFunctions01/Texturing/FlattenNormal.uexp" 841
"../../../Engine/Plugins/Interchange/Assets/Content/gltf/MaterialFunctions/MF_Clearcoat.uasset" 842
"../../../Engine/Plugins/Interchange/Assets/Content/gltf/MaterialFunctions/MF_Clearcoat.uexp" 843
"../../../Engine/Plugins/Interchange/Assets/Content/gltf/MaterialBodies/MF_ClearCoat_Body.uasset" 844
"../../../Engine/Plugins/Interchange/Assets/Content/gltf/MaterialBodies/MF_ClearCoat_Body.uexp" 845
"../../../Engine/Plugins/Interchange/Assets/Content/gltf/M_ClearCoat.uasset" 846
"../../../Engine/Plugins/Interchange/Assets/Content/gltf/M_ClearCoat.uexp" 847
"../../../Engine/Plugins/Interchange/Assets/Content/gltf/MaterialInstances/MI_ClearCoat_Opaque_DS.uasset" 848
"../../../Engine/Plugins/Interchange/Assets/Content/gltf/MaterialInstances/MI_ClearCoat_Opaque_DS.uexp" 849
"../../../Engine/Plugins/Interchange/Assets/Content/gltf/MaterialInstances/MI_ClearCoat_Opaque.uasset" 850
"../../../Engine/Plugins/Interchange/Assets/Content/gltf/MaterialInstances/MI_ClearCoat_Opaque.uexp" 851
"../../../Engine/Plugins/Interchange/Assets/Content/gltf/MaterialInstances/MI_ClearCoat_Mask_DS.uasset" 852
"../../../Engine/Plugins/Interchange/Assets/Content/gltf/MaterialInstances/MI_ClearCoat_Mask_DS.uexp" 853
"../../../Engine/Plugins/Interchange/Assets/Content/gltf/MaterialInstances/MI_ClearCoat_Mask.uasset" 854
"../../../Engine/Plugins/Interchange/Assets/Content/gltf/MaterialInstances/MI_ClearCoat_Mask.uexp" 855
"../../../Engine/Plugins/Interchange/Assets/Content/gltf/MaterialInstances/MI_ClearCoat_Blend_DS.uasset" 856
"../../../Engine/Plugins/Interchange/Assets/Content/gltf/MaterialInstances/MI_ClearCoat_Blend_DS.uexp" 857
"../../../Engine/Plugins/Interchange/Assets/Content/gltf/MaterialInstances/MI_ClearCoat_Blend.uasset" 858
"../../../Engine/Plugins/Interchange/Assets/Content/gltf/MaterialInstances/MI_ClearCoat_Blend.uexp" 859
"../../../Engine/Content/Functions/Engine_MaterialFunctions01/Shading/PowerToRoughness.uasset" 860
"../../../Engine/Content/Functions/Engine_MaterialFunctions01/Shading/PowerToRoughness.uexp" 861
"../../../Engine/Content/Functions/Engine_MaterialFunctions01/Shading/ConvertFromDiffSpec.uasset" 862
"../../../Engine/Content/Functions/Engine_MaterialFunctions01/Shading/ConvertFromDiffSpec.uexp" 863
"../../../Engine/Content/EngineMaterials/Substrate/Volume/SubstrateSimpleVolumeLUT3D.uasset" 864
"../../../Engine/Content/EngineMaterials/Substrate/Volume/SubstrateSimpleVolumeLUT3D.uexp" 865
"../../../Engine/Content/EngineMaterials/Substrate/Volume/SubstrateSimpleVolumeEnvLUT3D.uasset" 866
"../../../Engine/Content/EngineMaterials/Substrate/Volume/SubstrateSimpleVolumeEnvLUT3D.uexp" 867
"../../../Engine/Content/EngineMaterials/Substrate/GLints2/AGlintTex2dArray2.uasset" 868
"../../../Engine/Content/EngineMaterials/Substrate/GLints2/AGlintTex2dArray2.uexp" 869
"../../../Engine/Content/EngineMaterials/Substrate/GLints/AGlintTex2dArray.uasset" 870
"../../../Engine/Content/EngineMaterials/Substrate/GLints/AGlintTex2dArray.uexp" 871
"../../../Engine/Content/ArtTools/RenderToTexture/Meshes/S_1_Unit_Plane.ubulk" 872
"../../../Engine/Content/ArtTools/RenderToTexture/Meshes/S_1_Unit_Plane.uasset" 873
"../../../Engine/Content/ArtTools/RenderToTexture/Meshes/S_1_Unit_Plane.uexp" 874
"C:/Repos/Unreal_stealth/Unreal_stealth_proj/Stealth_game/Content/Enemies/AI/Random_Stuff/Patrol_Path_BP.uasset" 875
"C:/Repos/Unreal_stealth/Unreal_stealth_proj/Stealth_game/Content/Enemies/AI/Random_Stuff/Patrol_Path_BP.uexp" 876
"C:/Repos/Unreal_stealth/Unreal_stealth_proj/Stealth_game/Content/Assets/Weapons/Round_home_hammer/round_home_hammer_texture_0.ubulk" 877
"C:/Repos/Unreal_stealth/Unreal_stealth_proj/Stealth_game/Content/Assets/Weapons/Round_home_hammer/round_home_hammer_texture_0.uasset" 878
"C:/Repos/Unreal_stealth/Unreal_stealth_proj/Stealth_game/Content/Assets/Weapons/Round_home_hammer/round_home_hammer_texture_0.uexp" 879
"../../../Engine/Plugins/Interchange/Assets/Content/gltf/MaterialInstances/MI_Unlit_Opaque_DS.uasset" 880
"../../../Engine/Plugins/Interchange/Assets/Content/gltf/MaterialInstances/MI_Unlit_Opaque_DS.uexp" 881
"C:/Repos/Unreal_stealth/Unreal_stealth_proj/Stealth_game/Content/Assets/Weapons/Round_home_hammer/hammer_u1_v1.uasset" 882
"C:/Repos/Unreal_stealth/Unreal_stealth_proj/Stealth_game/Content/Assets/Weapons/Round_home_hammer/hammer_u1_v1.uexp" 883
"C:/Repos/Unreal_stealth/Unreal_stealth_proj/Stealth_game/Content/Assets/Weapons/Round_home_hammer/round_home_hammer.ubulk" 884
"C:/Repos/Unreal_stealth/Unreal_stealth_proj/Stealth_game/Content/Assets/Weapons/Round_home_hammer/round_home_hammer.uasset" 885
"C:/Repos/Unreal_stealth/Unreal_stealth_proj/Stealth_game/Content/Assets/Weapons/Round_home_hammer/round_home_hammer.uexp" 886
"C:/Repos/Unreal_stealth/Unreal_stealth_proj/Stealth_game/Content/Assets/Weapons/Round_home_hammer/BP_Hammer.uasset" 887
"C:/Repos/Unreal_stealth/Unreal_stealth_proj/Stealth_game/Content/Assets/Weapons/Round_home_hammer/BP_Hammer.uexp" 888
"C:/Repos/Unreal_stealth/Unreal_stealth_proj/Stealth_game/Content/Enemies/AI/Random_Stuff/AI_Sense_E.uasset" 889
"C:/Repos/Unreal_stealth/Unreal_stealth_proj/Stealth_game/Content/Enemies/AI/Random_Stuff/AI_Sense_E.uexp" 890
"C:/Repos/Unreal_stealth/Unreal_stealth_proj/Stealth_game/Content/Enemies/AI/Random_Stuff/AI_Movement_Speed_E.uasset" 891
"C:/Repos/Unreal_stealth/Unreal_stealth_proj/Stealth_game/Content/Enemies/AI/Random_Stuff/AI_Movement_Speed_E.uexp" 892
"C:/Repos/Unreal_stealth/Unreal_stealth_proj/Stealth_game/Content/Enemies/AI/Enemy_AI_BPI.uasset" 893
"C:/Repos/Unreal_stealth/Unreal_stealth_proj/Stealth_game/Content/Enemies/AI/Enemy_AI_BPI.uexp" 894
"C:/Repos/Unreal_stealth/Unreal_stealth_proj/Stealth_game/Content/Enemies/AI/Random_Stuff/AI_States_E.uasset" 895
"C:/Repos/Unreal_stealth/Unreal_stealth_proj/Stealth_game/Content/Enemies/AI/Random_Stuff/AI_States_E.uexp" 896
"C:/Repos/Unreal_stealth/Unreal_stealth_proj/Stealth_game/Content/Enemies/AI/Enemy_Base/Enemy_Base_BB.uasset" 897
"C:/Repos/Unreal_stealth/Unreal_stealth_proj/Stealth_game/Content/Enemies/AI/Enemy_Base/Enemy_Base_BB.uexp" 898
"C:/Repos/Unreal_stealth/Unreal_stealth_proj/Stealth_game/Content/Enemies/AI/Decorators/BTDecorator_Has_Patrol_Route.uasset" 899
"C:/Repos/Unreal_stealth/Unreal_stealth_proj/Stealth_game/Content/Enemies/AI/Decorators/BTDecorator_Has_Patrol_Route.uexp" 900
"C:/Repos/Unreal_stealth/Unreal_stealth_proj/Stealth_game/Content/Enemies/AI/Decorators/BTDecorator_Is_Target_In_Range.uasset" 901
"C:/Repos/Unreal_stealth/Unreal_stealth_proj/Stealth_game/Content/Enemies/AI/Decorators/BTDecorator_Is_Target_In_Range.uexp" 902
"C:/Repos/Unreal_stealth/Unreal_stealth_proj/Stealth_game/Content/Enemies/AI/Tasks/BTTask_Follow_Patrol_Route.uasset" 903
"C:/Repos/Unreal_stealth/Unreal_stealth_proj/Stealth_game/Content/Enemies/AI/Tasks/BTTask_Follow_Patrol_Route.uexp" 904
"C:/Repos/Unreal_stealth/Unreal_stealth_proj/Stealth_game/Content/Enemies/AI/Tasks/BTTask_Set_State_as_patrol.uasset" 905
"C:/Repos/Unreal_stealth/Unreal_stealth_proj/Stealth_game/Content/Enemies/AI/Tasks/BTTask_Set_State_as_patrol.uexp" 906
"C:/Repos/Unreal_stealth/Unreal_stealth_proj/Stealth_game/Content/Enemies/AI/Decorators/BTDecorator_Is_Wielding_Weapon.uasset" 907
"C:/Repos/Unreal_stealth/Unreal_stealth_proj/Stealth_game/Content/Enemies/AI/Decorators/BTDecorator_Is_Wielding_Weapon.uexp" 908
"C:/Repos/Unreal_stealth/Unreal_stealth_proj/Stealth_game/Content/Enemies/AI/Tasks/BTTask_Wield_Hammer.uasset" 909
"C:/Repos/Unreal_stealth/Unreal_stealth_proj/Stealth_game/Content/Enemies/AI/Tasks/BTTask_Wield_Hammer.uexp" 910
"C:/Repos/Unreal_stealth/Unreal_stealth_proj/Stealth_game/Content/Enemies/AI/Tasks/BTTask_set_movement_speed.uasset" 911
"C:/Repos/Unreal_stealth/Unreal_stealth_proj/Stealth_game/Content/Enemies/AI/Tasks/BTTask_set_movement_speed.uexp" 912
"C:/Repos/Unreal_stealth/Unreal_stealth_proj/Stealth_game/Content/Enemies/AI/Tasks/BTTask_chase_player.uasset" 913
"C:/Repos/Unreal_stealth/Unreal_stealth_proj/Stealth_game/Content/Enemies/AI/Tasks/BTTask_chase_player.uexp" 914
"../../../Engine/Content/Animation/DefaultAnimCurveCompressionSettings.uasset" 915
"../../../Engine/Content/Animation/DefaultAnimCurveCompressionSettings.uexp" 916
"../../../Engine/Content/Animation/DefaultVariableFrameStrippingSettings.uasset" 917
"../../../Engine/Content/Animation/DefaultVariableFrameStrippingSettings.uexp" 918
"C:/Repos/Unreal_stealth/Unreal_stealth_proj/Stealth_game/Content/Assets/Animations/Sword_Animation/Demo/Characters/Mannequins/Meshes/SK_Mannequin.uasset" 919
"C:/Repos/Unreal_stealth/Unreal_stealth_proj/Stealth_game/Content/Assets/Animations/Sword_Animation/Demo/Characters/Mannequins/Meshes/SK_Mannequin.uexp" 920
"../../../Engine/Content/Animation/DefaultAnimBoneCompressionSettings.uasset" 921
"../../../Engine/Content/Animation/DefaultAnimBoneCompressionSettings.uexp" 922
"C:/Repos/Unreal_stealth/Unreal_stealth_proj/Stealth_game/Content/Assets/Animations/Sword_Animation/Animations/anim_attack_light_01.uasset" 923
"C:/Repos/Unreal_stealth/Unreal_stealth_proj/Stealth_game/Content/Assets/Animations/Sword_Animation/Animations/anim_attack_light_01.uexp" 924
"C:/Repos/Unreal_stealth/Unreal_stealth_proj/Stealth_game/Content/Assets/Animations/Melee_Weapon_Light_Attack_Montage.uasset" 925
"C:/Repos/Unreal_stealth/Unreal_stealth_proj/Stealth_game/Content/Assets/Animations/Melee_Weapon_Light_Attack_Montage.uexp" 926
"C:/Repos/Unreal_stealth/Unreal_stealth_proj/Stealth_game/Content/Enemies/AI/Tasks/BTTask_Melee_Weapon_Light_Attack.uasset" 927
"C:/Repos/Unreal_stealth/Unreal_stealth_proj/Stealth_game/Content/Enemies/AI/Tasks/BTTask_Melee_Weapon_Light_Attack.uexp" 928
"C:/Repos/Unreal_stealth/Unreal_stealth_proj/Stealth_game/Content/Enemies/AI/Enemy_Base/Enemy_Base_BT.uasset" 929
"C:/Repos/Unreal_stealth/Unreal_stealth_proj/Stealth_game/Content/Enemies/AI/Enemy_Base/Enemy_Base_BT.uexp" 930
"C:/Repos/Unreal_stealth/Unreal_stealth_proj/Stealth_game/Content/Enemies/AI/Enemy_Base/Enemy_Base_AI_Controller.uasset" 931
"C:/Repos/Unreal_stealth/Unreal_stealth_proj/Stealth_game/Content/Enemies/AI/Enemy_Base/Enemy_Base_AI_Controller.uexp" 932
"C:/Repos/Unreal_stealth/Unreal_stealth_proj/Stealth_game/Content/Assets/Characters/Mannequins/Meshes/SK_Mannequin.uasset" 933
"C:/Repos/Unreal_stealth/Unreal_stealth_proj/Stealth_game/Content/Assets/Characters/Mannequins/Meshes/SK_Mannequin.uexp" 934
"C:/Repos/Unreal_stealth/Unreal_stealth_proj/Stealth_game/Content/Assets/Characters/Mannequins/Rigs/Poses/Manny/Manny_clavicle_r_pose.uasset" 935
"C:/Repos/Unreal_stealth/Unreal_stealth_proj/Stealth_game/Content/Assets/Characters/Mannequins/Rigs/Poses/Manny/Manny_clavicle_r_pose.uexp" 936
"C:/Repos/Unreal_stealth/Unreal_stealth_proj/Stealth_game/Content/Assets/Characters/Mannequins/Rigs/Poses/Manny/Manny_foot_r_pose.uasset" 937
"C:/Repos/Unreal_stealth/Unreal_stealth_proj/Stealth_game/Content/Assets/Characters/Mannequins/Rigs/Poses/Manny/Manny_foot_r_pose.uexp" 938
"C:/Repos/Unreal_stealth/Unreal_stealth_proj/Stealth_game/Content/Assets/Characters/Mannequins/Rigs/Poses/Manny/Manny_lowerarm_r_pose.uasset" 939
"C:/Repos/Unreal_stealth/Unreal_stealth_proj/Stealth_game/Content/Assets/Characters/Mannequins/Rigs/Poses/Manny/Manny_lowerarm_r_pose.uexp" 940
"C:/Repos/Unreal_stealth/Unreal_stealth_proj/Stealth_game/Content/Assets/Characters/Mannequins/Rigs/Poses/Manny/Manny_upperarm_r_pose.uasset" 941
"C:/Repos/Unreal_stealth/Unreal_stealth_proj/Stealth_game/Content/Assets/Characters/Mannequins/Rigs/Poses/Manny/Manny_upperarm_r_pose.uexp" 942
"C:/Repos/Unreal_stealth/Unreal_stealth_proj/Stealth_game/Content/Assets/Characters/Mannequins/Rigs/Poses/Manny/Manny_hand_l_pose.uasset" 943
"C:/Repos/Unreal_stealth/Unreal_stealth_proj/Stealth_game/Content/Assets/Characters/Mannequins/Rigs/Poses/Manny/Manny_hand_l_pose.uexp" 944
"C:/Repos/Unreal_stealth/Unreal_stealth_proj/Stealth_game/Content/Assets/Characters/Mannequins/Rigs/Poses/Manny/Manny_calf_r_pose.uasset" 945
"C:/Repos/Unreal_stealth/Unreal_stealth_proj/Stealth_game/Content/Assets/Characters/Mannequins/Rigs/Poses/Manny/Manny_calf_r_pose.uexp" 946
"C:/Repos/Unreal_stealth/Unreal_stealth_proj/Stealth_game/Content/Assets/Characters/Mannequins/Rigs/Poses/Manny/Manny_clavicle_l_pose.uasset" 947
"C:/Repos/Unreal_stealth/Unreal_stealth_proj/Stealth_game/Content/Assets/Characters/Mannequins/Rigs/Poses/Manny/Manny_clavicle_l_pose.uexp" 948
"C:/Repos/Unreal_stealth/Unreal_stealth_proj/Stealth_game/Content/Assets/Characters/Mannequins/Rigs/Poses/Manny/Manny_foot_l_pose.uasset" 949
"C:/Repos/Unreal_stealth/Unreal_stealth_proj/Stealth_game/Content/Assets/Characters/Mannequins/Rigs/Poses/Manny/Manny_foot_l_pose.uexp" 950
"../../../Engine/Plugins/Animation/ControlRig/Content/Controls/DefaultGizmoLibrary.uasset" 951
"../../../Engine/Plugins/Animation/ControlRig/Content/Controls/DefaultGizmoLibrary.uexp" 952
"C:/Repos/Unreal_stealth/Unreal_stealth_proj/Stealth_game/Content/Assets/Characters/Mannequins/Rigs/CR_Mannequin_Procedural.uasset" 953
"C:/Repos/Unreal_stealth/Unreal_stealth_proj/Stealth_game/Content/Assets/Characters/Mannequins/Rigs/CR_Mannequin_Procedural.uexp" 954
"C:/Repos/Unreal_stealth/Unreal_stealth_proj/Stealth_game/Content/Assets/Characters/Mannequins/Rigs/Poses/Manny/Manny_lowerarm_l_pose.uasset" 955
"C:/Repos/Unreal_stealth/Unreal_stealth_proj/Stealth_game/Content/Assets/Characters/Mannequins/Rigs/Poses/Manny/Manny_lowerarm_l_pose.uexp" 956
"C:/Repos/Unreal_stealth/Unreal_stealth_proj/Stealth_game/Content/Assets/Characters/Mannequins/Rigs/Poses/Manny/Manny_thigh_l_pose.uasset" 957
"C:/Repos/Unreal_stealth/Unreal_stealth_proj/Stealth_game/Content/Assets/Characters/Mannequins/Rigs/Poses/Manny/Manny_thigh_l_pose.uexp" 958
"C:/Repos/Unreal_stealth/Unreal_stealth_proj/Stealth_game/Content/Assets/Characters/Mannequins/Rigs/Poses/Manny/Manny_upperarm_l_pose.uasset" 959
"C:/Repos/Unreal_stealth/Unreal_stealth_proj/Stealth_game/Content/Assets/Characters/Mannequins/Rigs/Poses/Manny/Manny_upperarm_l_pose.uexp" 960
"C:/Repos/Unreal_stealth/Unreal_stealth_proj/Stealth_game/Content/Assets/Characters/Mannequins/Rigs/Poses/Manny/Manny_calf_l_pose.uasset" 961
"C:/Repos/Unreal_stealth/Unreal_stealth_proj/Stealth_game/Content/Assets/Characters/Mannequins/Rigs/Poses/Manny/Manny_calf_l_pose.uexp" 962
"C:/Repos/Unreal_stealth/Unreal_stealth_proj/Stealth_game/Content/Assets/Characters/Mannequins/Rigs/Poses/Manny/Manny_hand_r_pose.uasset" 963
"C:/Repos/Unreal_stealth/Unreal_stealth_proj/Stealth_game/Content/Assets/Characters/Mannequins/Rigs/Poses/Manny/Manny_hand_r_pose.uexp" 964
"C:/Repos/Unreal_stealth/Unreal_stealth_proj/Stealth_game/Content/Assets/Characters/Mannequins/Rigs/Poses/Manny/Manny_thigh_r_pose.uasset" 965
"C:/Repos/Unreal_stealth/Unreal_stealth_proj/Stealth_game/Content/Assets/Characters/Mannequins/Rigs/Poses/Manny/Manny_thigh_r_pose.uexp" 966
"C:/Repos/Unreal_stealth/Unreal_stealth_proj/Stealth_game/Content/Assets/Characters/Mannequins/Rigs/ABP_Manny_PostProcess.uasset" 967
"C:/Repos/Unreal_stealth/Unreal_stealth_proj/Stealth_game/Content/Assets/Characters/Mannequins/Rigs/ABP_Manny_PostProcess.uexp" 968
"C:/Repos/Unreal_stealth/Unreal_stealth_proj/Stealth_game/Content/Assets/Characters/Mannequins/Textures/Manny/T_Manny_02_D.ubulk" 969
"C:/Repos/Unreal_stealth/Unreal_stealth_proj/Stealth_game/Content/Assets/Characters/Mannequins/Textures/Manny/T_Manny_02_D.uasset" 970
"C:/Repos/Unreal_stealth/Unreal_stealth_proj/Stealth_game/Content/Assets/Characters/Mannequins/Textures/Manny/T_Manny_02_D.uexp" 971
"C:/Repos/Unreal_stealth/Unreal_stealth_proj/Stealth_game/Content/Assets/Characters/Mannequins/Textures/Manny/T_Manny_02_ASAOPMASK_MSK.ubulk" 972
"C:/Repos/Unreal_stealth/Unreal_stealth_proj/Stealth_game/Content/Assets/Characters/Mannequins/Textures/Manny/T_Manny_02_ASAOPMASK_MSK.uasset" 973
"C:/Repos/Unreal_stealth/Unreal_stealth_proj/Stealth_game/Content/Assets/Characters/Mannequins/Textures/Manny/T_Manny_02_ASAOPMASK_MSK.uexp" 974
"C:/Repos/Unreal_stealth/Unreal_stealth_proj/Stealth_game/Content/Assets/Characters/Mannequins/Textures/Manny/T_Manny_02_N.ubulk" 975
"C:/Repos/Unreal_stealth/Unreal_stealth_proj/Stealth_game/Content/Assets/Characters/Mannequins/Textures/Manny/T_Manny_02_N.uasset" 976
"C:/Repos/Unreal_stealth/Unreal_stealth_proj/Stealth_game/Content/Assets/Characters/Mannequins/Textures/Manny/T_Manny_02_N.uexp" 977
"C:/Repos/Unreal_stealth/Unreal_stealth_proj/Stealth_game/Content/Assets/Characters/Mannequins/Textures/Manny/T_Manny_02_Tan.ubulk" 978
"C:/Repos/Unreal_stealth/Unreal_stealth_proj/Stealth_game/Content/Assets/Characters/Mannequins/Textures/Manny/T_Manny_02_Tan.uasset" 979
"C:/Repos/Unreal_stealth/Unreal_stealth_proj/Stealth_game/Content/Assets/Characters/Mannequins/Textures/Manny/T_Manny_02_Tan.uexp" 980
"C:/Repos/Unreal_stealth/Unreal_stealth_proj/Stealth_game/Content/Assets/Characters/Mannequins/Textures/Manny/T_Manny_02_CCRCCPlastic_MSK.ubulk" 981
"C:/Repos/Unreal_stealth/Unreal_stealth_proj/Stealth_game/Content/Assets/Characters/Mannequins/Textures/Manny/T_Manny_02_CCRCCPlastic_MSK.uasset" 982
"C:/Repos/Unreal_stealth/Unreal_stealth_proj/Stealth_game/Content/Assets/Characters/Mannequins/Textures/Manny/T_Manny_02_CCRCCPlastic_MSK.uexp" 983
"C:/Repos/Unreal_stealth/Unreal_stealth_proj/Stealth_game/Content/Assets/Characters/Mannequins/Textures/Manny/T_Manny_02_MSR_MSK.ubulk" 984
"C:/Repos/Unreal_stealth/Unreal_stealth_proj/Stealth_game/Content/Assets/Characters/Mannequins/Textures/Manny/T_Manny_02_MSR_MSK.uasset" 985
"C:/Repos/Unreal_stealth/Unreal_stealth_proj/Stealth_game/Content/Assets/Characters/Mannequins/Textures/Manny/T_Manny_02_MSR_MSK.uexp" 986
"C:/Repos/Unreal_stealth/Unreal_stealth_proj/Stealth_game/Content/Assets/Characters/Mannequins/Textures/Manny/T_Manny_02_BN.ubulk" 987
"C:/Repos/Unreal_stealth/Unreal_stealth_proj/Stealth_game/Content/Assets/Characters/Mannequins/Textures/Manny/T_Manny_02_BN.uasset" 988
"C:/Repos/Unreal_stealth/Unreal_stealth_proj/Stealth_game/Content/Assets/Characters/Mannequins/Textures/Manny/T_Manny_02_BN.uexp" 989
"C:/Repos/Unreal_stealth/Unreal_stealth_proj/Stealth_game/Content/Assets/Characters/Mannequins/Materials/Functions/ChromaticCurve.uasset" 990
"C:/Repos/Unreal_stealth/Unreal_stealth_proj/Stealth_game/Content/Assets/Characters/Mannequins/Materials/Functions/ChromaticCurve.uexp" 991
"C:/Repos/Unreal_stealth/Unreal_stealth_proj/Stealth_game/Content/Assets/Characters/Mannequins/Materials/Functions/CA_Mannequin.uasset" 992
"C:/Repos/Unreal_stealth/Unreal_stealth_proj/Stealth_game/Content/Assets/Characters/Mannequins/Materials/Functions/CA_Mannequin.uexp" 993
"C:/Repos/Unreal_stealth/Unreal_stealth_proj/Stealth_game/Content/Assets/Characters/Mannequins/Textures/Manny/T_Manny_01_Tan.ubulk" 994
"C:/Repos/Unreal_stealth/Unreal_stealth_proj/Stealth_game/Content/Assets/Characters/Mannequins/Textures/Manny/T_Manny_01_Tan.uasset" 995
"C:/Repos/Unreal_stealth/Unreal_stealth_proj/Stealth_game/Content/Assets/Characters/Mannequins/Textures/Manny/T_Manny_01_Tan.uexp" 996
"C:/Repos/Unreal_stealth/Unreal_stealth_proj/Stealth_game/Content/Assets/Characters/Mannequins/Textures/Shared/T_UE_Logo_M.uasset" 997
"C:/Repos/Unreal_stealth/Unreal_stealth_proj/Stealth_game/Content/Assets/Characters/Mannequins/Textures/Shared/T_UE_Logo_M.uexp" 998
"C:/Repos/Unreal_stealth/Unreal_stealth_proj/Stealth_game/Content/Assets/Characters/Mannequins/Materials/Functions/MF_logo3layers.uasset" 999
"C:/Repos/Unreal_stealth/Unreal_stealth_proj/Stealth_game/Content/Assets/Characters/Mannequins/Materials/Functions/MF_logo3layers.uexp" 1000
"C:/Repos/Unreal_stealth/Unreal_stealth_proj/Stealth_game/Content/Assets/Characters/Mannequins/Textures/Manny/T_Manny_01_MSR_MSK.ubulk" 1001
"C:/Repos/Unreal_stealth/Unreal_stealth_proj/Stealth_game/Content/Assets/Characters/Mannequins/Textures/Manny/T_Manny_01_MSR_MSK.uasset" 1002
"C:/Repos/Unreal_stealth/Unreal_stealth_proj/Stealth_game/Content/Assets/Characters/Mannequins/Textures/Manny/T_Manny_01_MSR_MSK.uexp" 1003
"C:/Repos/Unreal_stealth/Unreal_stealth_proj/Stealth_game/Content/Assets/Characters/Mannequins/Textures/Manny/T_Manny_01_ASAOPMASK_MSK.ubulk" 1004
"C:/Repos/Unreal_stealth/Unreal_stealth_proj/Stealth_game/Content/Assets/Characters/Mannequins/Textures/Manny/T_Manny_01_ASAOPMASK_MSK.uasset" 1005
"C:/Repos/Unreal_stealth/Unreal_stealth_proj/Stealth_game/Content/Assets/Characters/Mannequins/Textures/Manny/T_Manny_01_ASAOPMASK_MSK.uexp" 1006
"C:/Repos/Unreal_stealth/Unreal_stealth_proj/Stealth_game/Content/Assets/Characters/Mannequins/Textures/Manny/T_Manny_01_N.ubulk" 1007
"C:/Repos/Unreal_stealth/Unreal_stealth_proj/Stealth_game/Content/Assets/Characters/Mannequins/Textures/Manny/T_Manny_01_N.uasset" 1008
"C:/Repos/Unreal_stealth/Unreal_stealth_proj/Stealth_game/Content/Assets/Characters/Mannequins/Textures/Manny/T_Manny_01_N.uexp" 1009
"C:/Repos/Unreal_stealth/Unreal_stealth_proj/Stealth_game/Content/Assets/Characters/Mannequins/Textures/Manny/T_Manny_01_CCRCCPlastic_MSK.ubulk" 1010
"C:/Repos/Unreal_stealth/Unreal_stealth_proj/Stealth_game/Content/Assets/Characters/Mannequins/Textures/Manny/T_Manny_01_CCRCCPlastic_MSK.uasset" 1011
"C:/Repos/Unreal_stealth/Unreal_stealth_proj/Stealth_game/Content/Assets/Characters/Mannequins/Textures/Manny/T_Manny_01_CCRCCPlastic_MSK.uexp" 1012
"C:/Repos/Unreal_stealth/Unreal_stealth_proj/Stealth_game/Content/Assets/Characters/Mannequins/Materials/Functions/MF_Diffraction.uasset" 1013
"C:/Repos/Unreal_stealth/Unreal_stealth_proj/Stealth_game/Content/Assets/Characters/Mannequins/Materials/Functions/MF_Diffraction.uexp" 1014
"C:/Repos/Unreal_stealth/Unreal_stealth_proj/Stealth_game/Content/Assets/Characters/Mannequins/Textures/Manny/T_Manny_01_BN.ubulk" 1015
"C:/Repos/Unreal_stealth/Unreal_stealth_proj/Stealth_game/Content/Assets/Characters/Mannequins/Textures/Manny/T_Manny_01_BN.uasset" 1016
"C:/Repos/Unreal_stealth/Unreal_stealth_proj/Stealth_game/Content/Assets/Characters/Mannequins/Textures/Manny/T_Manny_01_BN.uexp" 1017
"C:/Repos/Unreal_stealth/Unreal_stealth_proj/Stealth_game/Content/Assets/Characters/Mannequins/Materials/Functions/ML_BaseColorFallOff.uasset" 1018
"C:/Repos/Unreal_stealth/Unreal_stealth_proj/Stealth_game/Content/Assets/Characters/Mannequins/Materials/Functions/ML_BaseColorFallOff.uexp" 1019
"C:/Repos/Unreal_stealth/Unreal_stealth_proj/Stealth_game/Content/Assets/Characters/Mannequins/Textures/Manny/T_Manny_01_D.ubulk" 1020
"C:/Repos/Unreal_stealth/Unreal_stealth_proj/Stealth_game/Content/Assets/Characters/Mannequins/Textures/Manny/T_Manny_01_D.uasset" 1021
"C:/Repos/Unreal_stealth/Unreal_stealth_proj/Stealth_game/Content/Assets/Characters/Mannequins/Textures/Manny/T_Manny_01_D.uexp" 1022
"C:/Repos/Unreal_stealth/Unreal_stealth_proj/Stealth_game/Content/Assets/Characters/Mannequins/Materials/M_Mannequin.uasset" 1023
"C:/Repos/Unreal_stealth/Unreal_stealth_proj/Stealth_game/Content/Assets/Characters/Mannequins/Materials/M_Mannequin.uexp" 1024
"C:/Repos/Unreal_stealth/Unreal_stealth_proj/Stealth_game/Content/Assets/Characters/Mannequins/Materials/Instances/Manny/MI_Manny_01.uasset" 1025
"C:/Repos/Unreal_stealth/Unreal_stealth_proj/Stealth_game/Content/Assets/Characters/Mannequins/Materials/Instances/Manny/MI_Manny_01.uexp" 1026
"C:/Repos/Unreal_stealth/Unreal_stealth_proj/Stealth_game/Content/Assets/Characters/Mannequins/Materials/Instances/Manny/MI_Manny_02.uasset" 1027
"C:/Repos/Unreal_stealth/Unreal_stealth_proj/Stealth_game/Content/Assets/Characters/Mannequins/Materials/Instances/Manny/MI_Manny_02.uexp" 1028
"C:/Repos/Unreal_stealth/Unreal_stealth_proj/Stealth_game/Content/Assets/Characters/Mannequins/Rigs/PA_Mannequin.uasset" 1029
"C:/Repos/Unreal_stealth/Unreal_stealth_proj/Stealth_game/Content/Assets/Characters/Mannequins/Rigs/PA_Mannequin.uexp" 1030
"C:/Repos/Unreal_stealth/Unreal_stealth_proj/Stealth_game/Content/Assets/Characters/Mannequins/Meshes/SKM_Manny.uasset" 1031
"C:/Repos/Unreal_stealth/Unreal_stealth_proj/Stealth_game/Content/Assets/Characters/Mannequins/Meshes/SKM_Manny.uexp" 1032
"C:/Repos/Unreal_stealth/Unreal_stealth_proj/Stealth_game/Content/Assets/Characters/Mannequins/Animations/Manny/MM_Idle.uasset" 1033
"C:/Repos/Unreal_stealth/Unreal_stealth_proj/Stealth_game/Content/Assets/Characters/Mannequins/Animations/Manny/MM_Idle.uexp" 1034
"C:/Repos/Unreal_stealth/Unreal_stealth_proj/Stealth_game/Content/Assets/Characters/Mannequins/Animations/Manny/MM_Walk_Fwd.uasset" 1035
"C:/Repos/Unreal_stealth/Unreal_stealth_proj/Stealth_game/Content/Assets/Characters/Mannequins/Animations/Manny/MM_Walk_Fwd.uexp" 1036
"C:/Repos/Unreal_stealth/Unreal_stealth_proj/Stealth_game/Content/Assets/Characters/Mannequins/Animations/Quinn/MF_Run_Fwd.uasset" 1037
"C:/Repos/Unreal_stealth/Unreal_stealth_proj/Stealth_game/Content/Assets/Characters/Mannequins/Animations/Quinn/MF_Run_Fwd.uexp" 1038
"C:/Repos/Unreal_stealth/Unreal_stealth_proj/Stealth_game/Content/Assets/Characters/Mannequins/Animations/Manny/MM_Walk_Slow_Fwd.uasset" 1039
"C:/Repos/Unreal_stealth/Unreal_stealth_proj/Stealth_game/Content/Assets/Characters/Mannequins/Animations/Manny/MM_Walk_Slow_Fwd.uexp" 1040
"C:/Repos/Unreal_stealth/Unreal_stealth_proj/Stealth_game/Content/Assets/Animations/Anim_BPs/Enemy_Anim/Base/Enemy_Base_Move_BS.uasset" 1041
"C:/Repos/Unreal_stealth/Unreal_stealth_proj/Stealth_game/Content/Assets/Animations/Anim_BPs/Enemy_Anim/Base/Enemy_Base_Move_BS.uexp" 1042
"C:/Repos/Unreal_stealth/Unreal_stealth_proj/Stealth_game/Content/Assets/Animations/Anim_BPs/Enemy_Anim/Base/Enemy_Base_ABP.uasset" 1043
"C:/Repos/Unreal_stealth/Unreal_stealth_proj/Stealth_game/Content/Assets/Animations/Anim_BPs/Enemy_Anim/Base/Enemy_Base_ABP.uexp" 1044
"C:/Repos/Unreal_stealth/Unreal_stealth_proj/Stealth_game/Content/Enemies/Enemy_Base_BP.uasset" 1045
"C:/Repos/Unreal_stealth/Unreal_stealth_proj/Stealth_game/Content/Enemies/Enemy_Base_BP.uexp" 1046
"C:/Repos/Unreal_stealth/Unreal_stealth_proj/Stealth_game/Content/LevelPrototyping/Textures/T_GridChecker_A.ubulk" 1047
"C:/Repos/Unreal_stealth/Unreal_stealth_proj/Stealth_game/Content/LevelPrototyping/Textures/T_GridChecker_A.uasset" 1048
"C:/Repos/Unreal_stealth/Unreal_stealth_proj/Stealth_game/Content/LevelPrototyping/Textures/T_GridChecker_A.uexp" 1049
"../../../Engine/Content/Functions/Engine_MaterialFunctions01/Gradient/LinearGradient.uasset" 1050
"../../../Engine/Content/Functions/Engine_MaterialFunctions01/Gradient/LinearGradient.uexp" 1051
"../../../Engine/Content/Functions/Engine_MaterialFunctions01/ImageAdjustment/CheapContrast.uasset" 1052
"../../../Engine/Content/Functions/Engine_MaterialFunctions01/ImageAdjustment/CheapContrast.uexp" 1053
"C:/Repos/Unreal_stealth/Unreal_stealth_proj/Stealth_game/Content/LevelPrototyping/Materials/MF_ProcGrid.uasset" 1054
"C:/Repos/Unreal_stealth/Unreal_stealth_proj/Stealth_game/Content/LevelPrototyping/Materials/MF_ProcGrid.uexp" 1055
"C:/Repos/Unreal_stealth/Unreal_stealth_proj/Stealth_game/Content/LevelPrototyping/Materials/M_PrototypeGrid.uasset" 1056
"C:/Repos/Unreal_stealth/Unreal_stealth_proj/Stealth_game/Content/LevelPrototyping/Materials/M_PrototypeGrid.uexp" 1057
"C:/Repos/Unreal_stealth/Unreal_stealth_proj/Stealth_game/Content/LevelPrototyping/Materials/MI_PrototypeGrid_Gray.uasset" 1058
"C:/Repos/Unreal_stealth/Unreal_stealth_proj/Stealth_game/Content/LevelPrototyping/Materials/MI_PrototypeGrid_Gray.uexp" 1059
"C:/Repos/Unreal_stealth/Unreal_stealth_proj/Stealth_game/Content/LevelPrototyping/Objects/Meshes/Basic_blocks/SM_Cube.ubulk" 1060
"C:/Repos/Unreal_stealth/Unreal_stealth_proj/Stealth_game/Content/LevelPrototyping/Objects/Meshes/Basic_blocks/SM_Cube.uasset" 1061
"C:/Repos/Unreal_stealth/Unreal_stealth_proj/Stealth_game/Content/LevelPrototyping/Objects/Meshes/Basic_blocks/SM_Cube.uexp" 1062
"C:/Repos/Unreal_stealth/Unreal_stealth_proj/Stealth_game/Content/Orgin_stuff/StarterContent/Textures/T_Lamp_M.ubulk" 1063
"C:/Repos/Unreal_stealth/Unreal_stealth_proj/Stealth_game/Content/Orgin_stuff/StarterContent/Textures/T_Lamp_M.uasset" 1064
"C:/Repos/Unreal_stealth/Unreal_stealth_proj/Stealth_game/Content/Orgin_stuff/StarterContent/Textures/T_Lamp_M.uexp" 1065
"C:/Repos/Unreal_stealth/Unreal_stealth_proj/Stealth_game/Content/Orgin_stuff/StarterContent/Textures/T_Lamp_N.ubulk" 1066
"C:/Repos/Unreal_stealth/Unreal_stealth_proj/Stealth_game/Content/Orgin_stuff/StarterContent/Textures/T_Lamp_N.uasset" 1067
"C:/Repos/Unreal_stealth/Unreal_stealth_proj/Stealth_game/Content/Orgin_stuff/StarterContent/Textures/T_Lamp_N.uexp" 1068
"C:/Repos/Unreal_stealth/Unreal_stealth_proj/Stealth_game/Content/Orgin_stuff/StarterContent/Props/Materials/M_Lamp.uasset" 1069
"C:/Repos/Unreal_stealth/Unreal_stealth_proj/Stealth_game/Content/Orgin_stuff/StarterContent/Props/Materials/M_Lamp.uexp" 1070
"C:/Repos/Unreal_stealth/Unreal_stealth_proj/Stealth_game/Content/Orgin_stuff/StarterContent/Props/SM_Lamp_Wall.ubulk" 1071
"C:/Repos/Unreal_stealth/Unreal_stealth_proj/Stealth_game/Content/Orgin_stuff/StarterContent/Props/SM_Lamp_Wall.uasset" 1072
"C:/Repos/Unreal_stealth/Unreal_stealth_proj/Stealth_game/Content/Orgin_stuff/StarterContent/Props/SM_Lamp_Wall.uexp" 1073
"../../../Engine/Content/EngineSky/T_Sky_Stars.ubulk" 1074
"../../../Engine/Content/EngineSky/T_Sky_Stars.uasset" 1075
"../../../Engine/Content/EngineSky/T_Sky_Stars.uexp" 1076
"../../../Engine/Content/EngineSky/T_Sky_Clouds_M.ubulk" 1077
"../../../Engine/Content/EngineSky/T_Sky_Clouds_M.uasset" 1078
"../../../Engine/Content/EngineSky/T_Sky_Clouds_M.uexp" 1079
"../../../Engine/Content/EngineSky/T_Sky_Blue.ubulk" 1080
"../../../Engine/Content/EngineSky/T_Sky_Blue.uasset" 1081
"../../../Engine/Content/EngineSky/T_Sky_Blue.uexp" 1082
"../../../Engine/Content/EngineSky/M_Sky_Panning_Clouds2.uasset" 1083
"../../../Engine/Content/EngineSky/M_Sky_Panning_Clouds2.uexp" 1084
"../../../Engine/Content/EngineSky/SM_SkySphere.ubulk" 1085
"../../../Engine/Content/EngineSky/SM_SkySphere.uasset" 1086
"../../../Engine/Content/EngineSky/SM_SkySphere.uexp" 1087
"../../../Engine/Content/EngineSky/M_SimpleSkyDome.uasset" 1088
"../../../Engine/Content/EngineSky/M_SimpleSkyDome.uexp" 1089
"C:/Repos/Unreal_stealth/Unreal_stealth_proj/Stealth_game/Content/LevelPrototyping/Objects/Meshes/Basic_blocks/SM_QuarterCylinder.ubulk" 1090
"C:/Repos/Unreal_stealth/Unreal_stealth_proj/Stealth_game/Content/LevelPrototyping/Objects/Meshes/Basic_blocks/SM_QuarterCylinder.uasset" 1091
"C:/Repos/Unreal_stealth/Unreal_stealth_proj/Stealth_game/Content/LevelPrototyping/Objects/Meshes/Basic_blocks/SM_QuarterCylinder.uexp" 1092
"C:/Repos/Unreal_stealth/Unreal_stealth_proj/Stealth_game/Content/LevelPrototyping/Materials/MI_PrototypeGrid_TopDark.uasset" 1093
"C:/Repos/Unreal_stealth/Unreal_stealth_proj/Stealth_game/Content/LevelPrototyping/Materials/MI_PrototypeGrid_TopDark.uexp" 1094
"C:/Repos/Unreal_stealth/Unreal_stealth_proj/Stealth_game/Content/LevelPrototyping/Materials/M_Solid.uasset" 1095
"C:/Repos/Unreal_stealth/Unreal_stealth_proj/Stealth_game/Content/LevelPrototyping/Materials/M_Solid.uexp" 1096
"C:/Repos/Unreal_stealth/Unreal_stealth_proj/Stealth_game/Content/LevelPrototyping/Materials/MI_Solid_Blue.uasset" 1097
"C:/Repos/Unreal_stealth/Unreal_stealth_proj/Stealth_game/Content/LevelPrototyping/Materials/MI_Solid_Blue.uexp" 1098
"C:/Repos/Unreal_stealth/Unreal_stealth_proj/Stealth_game/Content/LevelPrototyping/Objects/Meshes/Basic_blocks/SM_ChamferCube.ubulk" 1099
"C:/Repos/Unreal_stealth/Unreal_stealth_proj/Stealth_game/Content/LevelPrototyping/Objects/Meshes/Basic_blocks/SM_ChamferCube.uasset" 1100
"C:/Repos/Unreal_stealth/Unreal_stealth_proj/Stealth_game/Content/LevelPrototyping/Objects/Meshes/Basic_blocks/SM_ChamferCube.uexp" 1101
"C:/Repos/Unreal_stealth/Unreal_stealth_proj/Stealth_game/Content/LevelPrototyping/Objects/Meshes/Basic_blocks/SM_Ramp.ubulk" 1102
"C:/Repos/Unreal_stealth/Unreal_stealth_proj/Stealth_game/Content/LevelPrototyping/Objects/Meshes/Basic_blocks/SM_Ramp.uasset" 1103
"C:/Repos/Unreal_stealth/Unreal_stealth_proj/Stealth_game/Content/LevelPrototyping/Objects/Meshes/Basic_blocks/SM_Ramp.uexp" 1104
"C:/Repos/Unreal_stealth/Unreal_stealth_proj/Stealth_game/Content/Orgin_stuff/FirstPersonArms/Character/Textures/Shared/T_UE_Logo_M.uasset" 1105
"C:/Repos/Unreal_stealth/Unreal_stealth_proj/Stealth_game/Content/Orgin_stuff/FirstPersonArms/Character/Textures/Shared/T_UE_Logo_M.uexp" 1106
"C:/Repos/Unreal_stealth/Unreal_stealth_proj/Stealth_game/Content/Orgin_stuff/FirstPersonArms/Character/Textures/Manny/T_Manny_01_D.ubulk" 1107
"C:/Repos/Unreal_stealth/Unreal_stealth_proj/Stealth_game/Content/Orgin_stuff/FirstPersonArms/Character/Textures/Manny/T_Manny_01_D.uasset" 1108
"C:/Repos/Unreal_stealth/Unreal_stealth_proj/Stealth_game/Content/Orgin_stuff/FirstPersonArms/Character/Textures/Manny/T_Manny_01_D.uexp" 1109
"C:/Repos/Unreal_stealth/Unreal_stealth_proj/Stealth_game/Content/Orgin_stuff/FirstPersonArms/Character/Materials/Functions/MF_logo3layers.uasset" 1110
"C:/Repos/Unreal_stealth/Unreal_stealth_proj/Stealth_game/Content/Orgin_stuff/FirstPersonArms/Character/Materials/Functions/MF_logo3layers.uexp" 1111
"C:/Repos/Unreal_stealth/Unreal_stealth_proj/Stealth_game/Content/Orgin_stuff/FirstPersonArms/Character/Textures/Manny/T_Manny_01_BN.ubulk" 1112
"C:/Repos/Unreal_stealth/Unreal_stealth_proj/Stealth_game/Content/Orgin_stuff/FirstPersonArms/Character/Textures/Manny/T_Manny_01_BN.uasset" 1113
"C:/Repos/Unreal_stealth/Unreal_stealth_proj/Stealth_game/Content/Orgin_stuff/FirstPersonArms/Character/Textures/Manny/T_Manny_01_BN.uexp" 1114
"C:/Repos/Unreal_stealth/Unreal_stealth_proj/Stealth_game/Content/Orgin_stuff/FirstPersonArms/Character/Materials/Functions/ChromaticCurve.uasset" 1115
"C:/Repos/Unreal_stealth/Unreal_stealth_proj/Stealth_game/Content/Orgin_stuff/FirstPersonArms/Character/Materials/Functions/ChromaticCurve.uexp" 1116
"C:/Repos/Unreal_stealth/Unreal_stealth_proj/Stealth_game/Content/Orgin_stuff/FirstPersonArms/Character/Materials/Functions/CA_Mannequin.uasset" 1117
"C:/Repos/Unreal_stealth/Unreal_stealth_proj/Stealth_game/Content/Orgin_stuff/FirstPersonArms/Character/Materials/Functions/CA_Mannequin.uexp" 1118
"C:/Repos/Unreal_stealth/Unreal_stealth_proj/Stealth_game/Content/Orgin_stuff/FirstPersonArms/Character/Materials/Functions/MF_Diffraction.uasset" 1119
"C:/Repos/Unreal_stealth/Unreal_stealth_proj/Stealth_game/Content/Orgin_stuff/FirstPersonArms/Character/Materials/Functions/MF_Diffraction.uexp" 1120
"C:/Repos/Unreal_stealth/Unreal_stealth_proj/Stealth_game/Content/Orgin_stuff/FirstPersonArms/Character/Textures/Manny/T_Manny_01_MSR_MSK.ubulk" 1121
"C:/Repos/Unreal_stealth/Unreal_stealth_proj/Stealth_game/Content/Orgin_stuff/FirstPersonArms/Character/Textures/Manny/T_Manny_01_MSR_MSK.uasset" 1122
"C:/Repos/Unreal_stealth/Unreal_stealth_proj/Stealth_game/Content/Orgin_stuff/FirstPersonArms/Character/Textures/Manny/T_Manny_01_MSR_MSK.uexp" 1123
"C:/Repos/Unreal_stealth/Unreal_stealth_proj/Stealth_game/Content/Orgin_stuff/FirstPersonArms/Character/Textures/Manny/T_Manny_01_ASAOPMASK_MSK.ubulk" 1124
"C:/Repos/Unreal_stealth/Unreal_stealth_proj/Stealth_game/Content/Orgin_stuff/FirstPersonArms/Character/Textures/Manny/T_Manny_01_ASAOPMASK_MSK.uasset" 1125
"C:/Repos/Unreal_stealth/Unreal_stealth_proj/Stealth_game/Content/Orgin_stuff/FirstPersonArms/Character/Textures/Manny/T_Manny_01_ASAOPMASK_MSK.uexp" 1126
"C:/Repos/Unreal_stealth/Unreal_stealth_proj/Stealth_game/Content/Orgin_stuff/FirstPersonArms/Character/Textures/Manny/T_Manny_01_N.ubulk" 1127
"C:/Repos/Unreal_stealth/Unreal_stealth_proj/Stealth_game/Content/Orgin_stuff/FirstPersonArms/Character/Textures/Manny/T_Manny_01_N.uasset" 1128
"C:/Repos/Unreal_stealth/Unreal_stealth_proj/Stealth_game/Content/Orgin_stuff/FirstPersonArms/Character/Textures/Manny/T_Manny_01_N.uexp" 1129
"C:/Repos/Unreal_stealth/Unreal_stealth_proj/Stealth_game/Content/Orgin_stuff/FirstPersonArms/Character/Materials/Functions/ML_BaseColorFallOff.uasset" 1130
"C:/Repos/Unreal_stealth/Unreal_stealth_proj/Stealth_game/Content/Orgin_stuff/FirstPersonArms/Character/Materials/Functions/ML_BaseColorFallOff.uexp" 1131
"C:/Repos/Unreal_stealth/Unreal_stealth_proj/Stealth_game/Content/Orgin_stuff/FirstPersonArms/Character/Textures/Manny/T_Manny_01_CCRCCPlastic_MSK.ubulk" 1132
"C:/Repos/Unreal_stealth/Unreal_stealth_proj/Stealth_game/Content/Orgin_stuff/FirstPersonArms/Character/Textures/Manny/T_Manny_01_CCRCCPlastic_MSK.uasset" 1133
"C:/Repos/Unreal_stealth/Unreal_stealth_proj/Stealth_game/Content/Orgin_stuff/FirstPersonArms/Character/Textures/Manny/T_Manny_01_CCRCCPlastic_MSK.uexp" 1134
"C:/Repos/Unreal_stealth/Unreal_stealth_proj/Stealth_game/Content/Orgin_stuff/FirstPersonArms/Character/Textures/Manny/T_Manny_01_Tan.ubulk" 1135
"C:/Repos/Unreal_stealth/Unreal_stealth_proj/Stealth_game/Content/Orgin_stuff/FirstPersonArms/Character/Textures/Manny/T_Manny_01_Tan.uasset" 1136
"C:/Repos/Unreal_stealth/Unreal_stealth_proj/Stealth_game/Content/Orgin_stuff/FirstPersonArms/Character/Textures/Manny/T_Manny_01_Tan.uexp" 1137
"C:/Repos/Unreal_stealth/Unreal_stealth_proj/Stealth_game/Content/Orgin_stuff/FirstPersonArms/Character/Materials/M_Mannequin.uasset" 1138
"C:/Repos/Unreal_stealth/Unreal_stealth_proj/Stealth_game/Content/Orgin_stuff/FirstPersonArms/Character/Materials/M_Mannequin.uexp" 1139
"C:/Repos/Unreal_stealth/Unreal_stealth_proj/Stealth_game/Content/Orgin_stuff/FirstPersonArms/Character/Materials/Instances/Manny/MI_Manny_01.uasset" 1140
"C:/Repos/Unreal_stealth/Unreal_stealth_proj/Stealth_game/Content/Orgin_stuff/FirstPersonArms/Character/Materials/Instances/Manny/MI_Manny_01.uexp" 1141
"C:/Repos/Unreal_stealth/Unreal_stealth_proj/Stealth_game/Content/Orgin_stuff/FirstPersonArms/Character/Mesh/SK_Mannequin_Arms_Skeleton.uasset" 1142
"C:/Repos/Unreal_stealth/Unreal_stealth_proj/Stealth_game/Content/Orgin_stuff/FirstPersonArms/Character/Mesh/SK_Mannequin_Arms_Skeleton.uexp" 1143
"C:/Repos/Unreal_stealth/Unreal_stealth_proj/Stealth_game/Content/Orgin_stuff/FirstPersonArms/Character/Mesh/SK_Mannequin_Arms_PhysicsAsset.uasset" 1144
"C:/Repos/Unreal_stealth/Unreal_stealth_proj/Stealth_game/Content/Orgin_stuff/FirstPersonArms/Character/Mesh/SK_Mannequin_Arms_PhysicsAsset.uexp" 1145
"C:/Repos/Unreal_stealth/Unreal_stealth_proj/Stealth_game/Content/Orgin_stuff/FirstPersonArms/Character/Textures/Manny/T_Manny_02_D.ubulk" 1146
"C:/Repos/Unreal_stealth/Unreal_stealth_proj/Stealth_game/Content/Orgin_stuff/FirstPersonArms/Character/Textures/Manny/T_Manny_02_D.uasset" 1147
"C:/Repos/Unreal_stealth/Unreal_stealth_proj/Stealth_game/Content/Orgin_stuff/FirstPersonArms/Character/Textures/Manny/T_Manny_02_D.uexp" 1148
"C:/Repos/Unreal_stealth/Unreal_stealth_proj/Stealth_game/Content/Orgin_stuff/FirstPersonArms/Character/Textures/Manny/T_Manny_02_Tan.ubulk" 1149
"C:/Repos/Unreal_stealth/Unreal_stealth_proj/Stealth_game/Content/Orgin_stuff/FirstPersonArms/Character/Textures/Manny/T_Manny_02_Tan.uasset" 1150
"C:/Repos/Unreal_stealth/Unreal_stealth_proj/Stealth_game/Content/Orgin_stuff/FirstPersonArms/Character/Textures/Manny/T_Manny_02_Tan.uexp" 1151
"C:/Repos/Unreal_stealth/Unreal_stealth_proj/Stealth_game/Content/Orgin_stuff/FirstPersonArms/Character/Textures/Manny/T_Manny_02_BN.ubulk" 1152
"C:/Repos/Unreal_stealth/Unreal_stealth_proj/Stealth_game/Content/Orgin_stuff/FirstPersonArms/Character/Textures/Manny/T_Manny_02_BN.uasset" 1153
"C:/Repos/Unreal_stealth/Unreal_stealth_proj/Stealth_game/Content/Orgin_stuff/FirstPersonArms/Character/Textures/Manny/T_Manny_02_BN.uexp" 1154
"C:/Repos/Unreal_stealth/Unreal_stealth_proj/Stealth_game/Content/Orgin_stuff/FirstPersonArms/Character/Textures/Manny/T_Manny_02_ASAOPMASK_MSK.ubulk" 1155
"C:/Repos/Unreal_stealth/Unreal_stealth_proj/Stealth_game/Content/Orgin_stuff/FirstPersonArms/Character/Textures/Manny/T_Manny_02_ASAOPMASK_MSK.uasset" 1156
"C:/Repos/Unreal_stealth/Unreal_stealth_proj/Stealth_game/Content/Orgin_stuff/FirstPersonArms/Character/Textures/Manny/T_Manny_02_ASAOPMASK_MSK.uexp" 1157
"C:/Repos/Unreal_stealth/Unreal_stealth_proj/Stealth_game/Content/Orgin_stuff/FirstPersonArms/Character/Textures/Manny/T_Manny_02_N.ubulk" 1158
"C:/Repos/Unreal_stealth/Unreal_stealth_proj/Stealth_game/Content/Orgin_stuff/FirstPersonArms/Character/Textures/Manny/T_Manny_02_N.uasset" 1159
"C:/Repos/Unreal_stealth/Unreal_stealth_proj/Stealth_game/Content/Orgin_stuff/FirstPersonArms/Character/Textures/Manny/T_Manny_02_N.uexp" 1160
"C:/Repos/Unreal_stealth/Unreal_stealth_proj/Stealth_game/Content/Orgin_stuff/FirstPersonArms/Character/Textures/Manny/T_Manny_02_MSR_MSK.ubulk" 1161
"C:/Repos/Unreal_stealth/Unreal_stealth_proj/Stealth_game/Content/Orgin_stuff/FirstPersonArms/Character/Textures/Manny/T_Manny_02_MSR_MSK.uasset" 1162
"C:/Repos/Unreal_stealth/Unreal_stealth_proj/Stealth_game/Content/Orgin_stuff/FirstPersonArms/Character/Textures/Manny/T_Manny_02_MSR_MSK.uexp" 1163
"C:/Repos/Unreal_stealth/Unreal_stealth_proj/Stealth_game/Content/Orgin_stuff/FirstPersonArms/Character/Textures/Manny/T_Manny_02_CCRCCPlastic_MSK.ubulk" 1164
"C:/Repos/Unreal_stealth/Unreal_stealth_proj/Stealth_game/Content/Orgin_stuff/FirstPersonArms/Character/Textures/Manny/T_Manny_02_CCRCCPlastic_MSK.uasset" 1165
"C:/Repos/Unreal_stealth/Unreal_stealth_proj/Stealth_game/Content/Orgin_stuff/FirstPersonArms/Character/Textures/Manny/T_Manny_02_CCRCCPlastic_MSK.uexp" 1166
"C:/Repos/Unreal_stealth/Unreal_stealth_proj/Stealth_game/Content/Orgin_stuff/FirstPersonArms/Character/Materials/Instances/Manny/MI_Manny_02.uasset" 1167
"C:/Repos/Unreal_stealth/Unreal_stealth_proj/Stealth_game/Content/Orgin_stuff/FirstPersonArms/Character/Materials/Instances/Manny/MI_Manny_02.uexp" 1168
"C:/Repos/Unreal_stealth/Unreal_stealth_proj/Stealth_game/Content/Orgin_stuff/FirstPersonArms/Character/Mesh/SK_Mannequin_Arms.uasset" 1169
"C:/Repos/Unreal_stealth/Unreal_stealth_proj/Stealth_game/Content/Orgin_stuff/FirstPersonArms/Character/Mesh/SK_Mannequin_Arms.uexp" 1170
"C:/Repos/Unreal_stealth/Unreal_stealth_proj/Stealth_game/Content/Orgin_stuff/StarterContent/Props/SM_Lamp_Ceiling.ubulk" 1171
"C:/Repos/Unreal_stealth/Unreal_stealth_proj/Stealth_game/Content/Orgin_stuff/StarterContent/Props/SM_Lamp_Ceiling.uasset" 1172
"C:/Repos/Unreal_stealth/Unreal_stealth_proj/Stealth_game/Content/Orgin_stuff/StarterContent/Props/SM_Lamp_Ceiling.uexp" 1173
"C:/Repos/Unreal_stealth/Unreal_stealth_proj/Stealth_game/Content/Orgin_stuff/StarterContent/Textures/T_TableRound_M.ubulk" 1174
"C:/Repos/Unreal_stealth/Unreal_stealth_proj/Stealth_game/Content/Orgin_stuff/StarterContent/Textures/T_TableRound_M.uasset" 1175
"C:/Repos/Unreal_stealth/Unreal_stealth_proj/Stealth_game/Content/Orgin_stuff/StarterContent/Textures/T_TableRound_M.uexp" 1176
"C:/Repos/Unreal_stealth/Unreal_stealth_proj/Stealth_game/Content/Orgin_stuff/StarterContent/Textures/T_TableRound_N.ubulk" 1177
"C:/Repos/Unreal_stealth/Unreal_stealth_proj/Stealth_game/Content/Orgin_stuff/StarterContent/Textures/T_TableRound_N.uasset" 1178
"C:/Repos/Unreal_stealth/Unreal_stealth_proj/Stealth_game/Content/Orgin_stuff/StarterContent/Textures/T_TableRound_N.uexp" 1179
"C:/Repos/Unreal_stealth/Unreal_stealth_proj/Stealth_game/Content/Orgin_stuff/StarterContent/Props/Materials/M_TableRound.uasset" 1180
"C:/Repos/Unreal_stealth/Unreal_stealth_proj/Stealth_game/Content/Orgin_stuff/StarterContent/Props/Materials/M_TableRound.uexp" 1181
"C:/Repos/Unreal_stealth/Unreal_stealth_proj/Stealth_game/Content/Orgin_stuff/StarterContent/Props/SM_TableRound.ubulk" 1182
"C:/Repos/Unreal_stealth/Unreal_stealth_proj/Stealth_game/Content/Orgin_stuff/StarterContent/Props/SM_TableRound.uasset" 1183
"C:/Repos/Unreal_stealth/Unreal_stealth_proj/Stealth_game/Content/Orgin_stuff/StarterContent/Props/SM_TableRound.uexp" 1184
"C:/Repos/Unreal_stealth/Unreal_stealth_proj/Stealth_game/Content/Orgin_stuff/StarterContent/Textures/T_Frame_N.ubulk" 1185
"C:/Repos/Unreal_stealth/Unreal_stealth_proj/Stealth_game/Content/Orgin_stuff/StarterContent/Textures/T_Frame_N.uasset" 1186
"C:/Repos/Unreal_stealth/Unreal_stealth_proj/Stealth_game/Content/Orgin_stuff/StarterContent/Textures/T_Frame_N.uexp" 1187
"C:/Repos/Unreal_stealth/Unreal_stealth_proj/Stealth_game/Content/Orgin_stuff/StarterContent/Textures/T_Frame_M.ubulk" 1188
"C:/Repos/Unreal_stealth/Unreal_stealth_proj/Stealth_game/Content/Orgin_stuff/StarterContent/Textures/T_Frame_M.uasset" 1189
"C:/Repos/Unreal_stealth/Unreal_stealth_proj/Stealth_game/Content/Orgin_stuff/StarterContent/Textures/T_Frame_M.uexp" 1190
"C:/Repos/Unreal_stealth/Unreal_stealth_proj/Stealth_game/Content/Orgin_stuff/StarterContent/Props/Materials/M_Frame.uasset" 1191
"C:/Repos/Unreal_stealth/Unreal_stealth_proj/Stealth_game/Content/Orgin_stuff/StarterContent/Props/Materials/M_Frame.uexp" 1192
"C:/Repos/Unreal_stealth/Unreal_stealth_proj/Stealth_game/Content/Orgin_stuff/StarterContent/Props/SM_DoorFrame.ubulk" 1193
"C:/Repos/Unreal_stealth/Unreal_stealth_proj/Stealth_game/Content/Orgin_stuff/StarterContent/Props/SM_DoorFrame.uasset" 1194
"C:/Repos/Unreal_stealth/Unreal_stealth_proj/Stealth_game/Content/Orgin_stuff/StarterContent/Props/SM_DoorFrame.uexp" 1195
"C:/Repos/Unreal_stealth/Unreal_stealth_proj/Stealth_game/Content/Orgin_stuff/StarterContent/Textures/T_Chair_M.ubulk" 1196
"C:/Repos/Unreal_stealth/Unreal_stealth_proj/Stealth_game/Content/Orgin_stuff/StarterContent/Textures/T_Chair_M.uasset" 1197
"C:/Repos/Unreal_stealth/Unreal_stealth_proj/Stealth_game/Content/Orgin_stuff/StarterContent/Textures/T_Chair_M.uexp" 1198
"C:/Repos/Unreal_stealth/Unreal_stealth_proj/Stealth_game/Content/Orgin_stuff/StarterContent/Textures/T_Chair_N.ubulk" 1199
"C:/Repos/Unreal_stealth/Unreal_stealth_proj/Stealth_game/Content/Orgin_stuff/StarterContent/Textures/T_Chair_N.uasset" 1200
"C:/Repos/Unreal_stealth/Unreal_stealth_proj/Stealth_game/Content/Orgin_stuff/StarterContent/Textures/T_Chair_N.uexp" 1201
"C:/Repos/Unreal_stealth/Unreal_stealth_proj/Stealth_game/Content/Orgin_stuff/StarterContent/Props/Materials/M_Chair.uasset" 1202
"C:/Repos/Unreal_stealth/Unreal_stealth_proj/Stealth_game/Content/Orgin_stuff/StarterContent/Props/Materials/M_Chair.uexp" 1203
"C:/Repos/Unreal_stealth/Unreal_stealth_proj/Stealth_game/Content/Orgin_stuff/StarterContent/Props/SM_Couch.ubulk" 1204
"C:/Repos/Unreal_stealth/Unreal_stealth_proj/Stealth_game/Content/Orgin_stuff/StarterContent/Props/SM_Couch.uasset" 1205
"C:/Repos/Unreal_stealth/Unreal_stealth_proj/Stealth_game/Content/Orgin_stuff/StarterContent/Props/SM_Couch.uexp" 1206
"C:/Repos/Unreal_stealth/Unreal_stealth_proj/Stealth_game/Content/Orgin_stuff/StarterContent/Materials/M_Glass.uasset" 1207
"C:/Repos/Unreal_stealth/Unreal_stealth_proj/Stealth_game/Content/Orgin_stuff/StarterContent/Materials/M_Glass.uexp" 1208
"C:/Repos/Unreal_stealth/Unreal_stealth_proj/Stealth_game/Content/Orgin_stuff/StarterContent/Textures/T_Door_N.ubulk" 1209
"C:/Repos/Unreal_stealth/Unreal_stealth_proj/Stealth_game/Content/Orgin_stuff/StarterContent/Textures/T_Door_N.uasset" 1210
"C:/Repos/Unreal_stealth/Unreal_stealth_proj/Stealth_game/Content/Orgin_stuff/StarterContent/Textures/T_Door_N.uexp" 1211
"C:/Repos/Unreal_stealth/Unreal_stealth_proj/Stealth_game/Content/Orgin_stuff/StarterContent/Textures/T_Door_M.ubulk" 1212
"C:/Repos/Unreal_stealth/Unreal_stealth_proj/Stealth_game/Content/Orgin_stuff/StarterContent/Textures/T_Door_M.uasset" 1213
"C:/Repos/Unreal_stealth/Unreal_stealth_proj/Stealth_game/Content/Orgin_stuff/StarterContent/Textures/T_Door_M.uexp" 1214
"C:/Repos/Unreal_stealth/Unreal_stealth_proj/Stealth_game/Content/Orgin_stuff/StarterContent/Props/Materials/M_Door.uasset" 1215
"C:/Repos/Unreal_stealth/Unreal_stealth_proj/Stealth_game/Content/Orgin_stuff/StarterContent/Props/Materials/M_Door.uexp" 1216
"C:/Repos/Unreal_stealth/Unreal_stealth_proj/Stealth_game/Content/Orgin_stuff/StarterContent/Props/SM_Door.ubulk" 1217
"C:/Repos/Unreal_stealth/Unreal_stealth_proj/Stealth_game/Content/Orgin_stuff/StarterContent/Props/SM_Door.uasset" 1218
"C:/Repos/Unreal_stealth/Unreal_stealth_proj/Stealth_game/Content/Orgin_stuff/StarterContent/Props/SM_Door.uexp" 1219
"C:/Repos/Unreal_stealth/Unreal_stealth_proj/Stealth_game/Content/LevelPrototyping/Objects/Meshes/Basic_blocks/SM_Cylinder.ubulk" 1220
"C:/Repos/Unreal_stealth/Unreal_stealth_proj/Stealth_game/Content/LevelPrototyping/Objects/Meshes/Basic_blocks/SM_Cylinder.uasset" 1221
"C:/Repos/Unreal_stealth/Unreal_stealth_proj/Stealth_game/Content/LevelPrototyping/Objects/Meshes/Basic_blocks/SM_Cylinder.uexp" 1222
"../../../Engine/Content/VREditor/TransformGizmo/StartRotationHandleIndicator.ubulk" 1223
"../../../Engine/Content/VREditor/TransformGizmo/StartRotationHandleIndicator.uasset" 1224
"../../../Engine/Content/VREditor/TransformGizmo/StartRotationHandleIndicator.uexp" 1225
"../../../Engine/Content/VREditor/Sounds/UI/Drop_Item_From_ContentBrowser.ubulk" 1226
"../../../Engine/Content/VREditor/Sounds/UI/Drop_Item_From_ContentBrowser.uasset" 1227
"../../../Engine/Content/VREditor/Sounds/UI/Drop_Item_From_ContentBrowser.uexp" 1228
"../../../Engine/Content/VREditor/TransformGizmo/PlaneTranslationHandle.ubulk" 1229
"../../../Engine/Content/VREditor/TransformGizmo/PlaneTranslationHandle.uasset" 1230
"../../../Engine/Content/VREditor/TransformGizmo/PlaneTranslationHandle.uexp" 1231
"../../../Engine/Content/VREditor/Sounds/UI/Object_Snaps_To_Grid.ubulk" 1232
"../../../Engine/Content/VREditor/Sounds/UI/Object_Snaps_To_Grid.uasset" 1233
"../../../Engine/Content/VREditor/Sounds/UI/Object_Snaps_To_Grid.uexp" 1234
"../../../Engine/Content/VREditor/Sounds/UI/Selection_Changes.ubulk" 1235
"../../../Engine/Content/VREditor/Sounds/UI/Selection_Changes.uasset" 1236
"../../../Engine/Content/VREditor/Sounds/UI/Selection_Changes.uexp" 1237
"../../../Engine/Content/VREditor/Sounds/UI/Object_Snaps_To_Another_Actor.ubulk" 1238
"../../../Engine/Content/VREditor/Sounds/UI/Object_Snaps_To_Another_Actor.uasset" 1239
"../../../Engine/Content/VREditor/Sounds/UI/Object_Snaps_To_Another_Actor.uexp" 1240
"../../../Engine/Content/VREditor/TransformGizmo/TranslucentTransformGizmoMaterial_Inst.uasset" 1241
"../../../Engine/Content/VREditor/TransformGizmo/TranslucentTransformGizmoMaterial_Inst.uexp" 1242
"../../../Engine/Content/VREditor/TransformGizmo/TransformGizmoFreeRotation.ubulk" 1243
"../../../Engine/Content/VREditor/TransformGizmo/TransformGizmoFreeRotation.uasset" 1244
"../../../Engine/Content/VREditor/TransformGizmo/TransformGizmoFreeRotation.uexp" 1245
"../../../Engine/Content/VREditor/Sounds/UI/Scaling_Down.ubulk" 1246
"../../../Engine/Content/VREditor/Sounds/UI/Scaling_Down.uasset" 1247
"../../../Engine/Content/VREditor/Sounds/UI/Scaling_Down.uexp" 1248
"../../../Engine/Content/Functions/Engine_MaterialFunctions02/SplitComponents.uasset" 1249
"../../../Engine/Content/Functions/Engine_MaterialFunctions02/SplitComponents.uexp" 1250
"../../../Engine/Content/VREditor/SnapGrid/SnapGridMaterial.uasset" 1251
"../../../Engine/Content/VREditor/SnapGrid/SnapGridMaterial.uexp" 1252
"../../../Engine/Content/VREditor/SnapGrid/SnapGridPlaneMesh.ubulk" 1253
"../../../Engine/Content/VREditor/SnapGrid/SnapGridPlaneMesh.uasset" 1254
"../../../Engine/Content/VREditor/SnapGrid/SnapGridPlaneMesh.uexp" 1255
"../../../Engine/Content/VREditor/Sounds/UI/Scaling_Up.ubulk" 1256
"../../../Engine/Content/VREditor/Sounds/UI/Scaling_Up.uasset" 1257
"../../../Engine/Content/VREditor/Sounds/UI/Scaling_Up.uexp" 1258
"../../../Engine/Content/VREditor/TransformGizmo/TransformGizmoMaterial_Inst.uasset" 1259
"../../../Engine/Content/VREditor/TransformGizmo/TransformGizmoMaterial_Inst.uexp" 1260
"../../../Engine/Content/VREditor/Sounds/UI/Gizmo_Handle_Clicked.ubulk" 1261
"../../../Engine/Content/VREditor/Sounds/UI/Gizmo_Handle_Clicked.uasset" 1262
"../../../Engine/Content/VREditor/Sounds/UI/Gizmo_Handle_Clicked.uexp" 1263
"../../../Engine/Content/VREditor/TransformGizmo/RotationHandleQuarter.ubulk" 1264
"../../../Engine/Content/VREditor/TransformGizmo/RotationHandleQuarter.uasset" 1265
"../../../Engine/Content/VREditor/TransformGizmo/RotationHandleQuarter.uexp" 1266
"../../../Engine/Content/VREditor/TransformGizmo/TranslateArrowHandle.ubulk" 1267
"../../../Engine/Content/VREditor/TransformGizmo/TranslateArrowHandle.uasset" 1268
"../../../Engine/Content/VREditor/TransformGizmo/TranslateArrowHandle.uexp" 1269
"../../../Engine/Content/VREditor/TransformGizmo/RotationHandleIndicator.ubulk" 1270
"../../../Engine/Content/VREditor/TransformGizmo/RotationHandleIndicator.uasset" 1271
"../../../Engine/Content/VREditor/TransformGizmo/RotationHandleIndicator.uexp" 1272
"../../../Engine/Content/VREditor/TransformGizmo/UniformScaleHandle.ubulk" 1273
"../../../Engine/Content/VREditor/TransformGizmo/UniformScaleHandle.uasset" 1274
"../../../Engine/Content/VREditor/TransformGizmo/UniformScaleHandle.uexp" 1275
"../../../Engine/Content/VREditor/TransformGizmo/RotationHandleFull.ubulk" 1276
"../../../Engine/Content/VREditor/TransformGizmo/RotationHandleFull.uasset" 1277
"../../../Engine/Content/VREditor/TransformGizmo/RotationHandleFull.uexp" 1278
"../../../Engine/Content/VREditor/Sounds/UI/Object_PickUp.ubulk" 1279
"../../../Engine/Content/VREditor/Sounds/UI/Object_PickUp.uasset" 1280
"../../../Engine/Content/VREditor/Sounds/UI/Object_PickUp.uexp" 1281
"../../../Engine/Content/EngineResources/LandscapeVisibilityLayerInfo.uasset" 1282
"../../../Engine/Content/EngineResources/LandscapeVisibilityLayerInfo.uexp" 1283
"../../../Engine/Plugins/Animation/DeformerGraph/Content/DeformerFunctions/DG_Function_ComputeNormalsTangents.uasset" 1284
"../../../Engine/Plugins/Animation/DeformerGraph/Content/DeformerFunctions/DG_Function_ComputeNormalsTangents.uexp" 1285
"../../../Engine/Plugins/Animation/DeformerGraph/Content/DeformerFunctions/DG_Function_LinearBlendSkin_Morph_Cloth.uasset" 1286
"../../../Engine/Plugins/Animation/DeformerGraph/Content/DeformerFunctions/DG_Function_LinearBlendSkin_Morph_Cloth.uexp" 1287
"../../../Engine/Plugins/Animation/DeformerGraph/Content/DeformerFunctions/DG_Function_LinearBlendSkin_Morph_Cloth_PositionOnly.uasset" 1288
"../../../Engine/Plugins/Animation/DeformerGraph/Content/DeformerFunctions/DG_Function_LinearBlendSkin_Morph_Cloth_PositionOnly.uexp" 1289
"../../../Engine/Plugins/Animation/DeformerGraph/Content/Deformers/DG_LinearBlendSkin_Morph_Cloth.uasset" 1290
"../../../Engine/Plugins/Animation/DeformerGraph/Content/Deformers/DG_LinearBlendSkin_Morph_Cloth.uexp" 1291
"../../../Engine/Plugins/Animation/DeformerGraph/Content/Deformers/DG_LinearBlendSkin_Morph_Cloth_RecomputeNormals.uasset" 1292
"../../../Engine/Plugins/Animation/DeformerGraph/Content/Deformers/DG_LinearBlendSkin_Morph_Cloth_RecomputeNormals.uexp" 1293
"../../../Engine/Plugins/NNE/NNEDenoiser/Content/NNEDT_Oidn2-3_Balanced.uasset" 1294
"../../../Engine/Plugins/NNE/NNEDenoiser/Content/NNEDT_Oidn2-3_Balanced.uexp" 1295
"../../../Engine/Plugins/NNE/NNEDenoiser/Content/NNEDT_Oidn2-3_Balanced_Alpha.uasset" 1296
"../../../Engine/Plugins/NNE/NNEDenoiser/Content/NNEDT_Oidn2-3_Balanced_Alpha.uexp" 1297
"../../../Engine/Plugins/NNE/NNEDenoiser/Content/NNED_Oidn2-3_Balanced.uasset" 1298
"../../../Engine/Plugins/NNE/NNEDenoiser/Content/NNED_Oidn2-3_Balanced.uexp" 1299
"../../../Engine/Plugins/NNE/NNEDenoiser/Content/NNED_Oidn2-3_Balanced_Alpha.uasset" 1300
"../../../Engine/Plugins/NNE/NNEDenoiser/Content/NNED_Oidn2-3_Balanced_Alpha.uexp" 1301
"../../../Engine/Plugins/NNE/NNEDenoiser/Content/NNED_Oidn2-3_Fast.uasset" 1302
"../../../Engine/Plugins/NNE/NNEDenoiser/Content/NNED_Oidn2-3_Fast.uexp" 1303
"../../../Engine/Plugins/NNE/NNEDenoiser/Content/NNED_Oidn2-3_Fast_Alpha.uasset" 1304
"../../../Engine/Plugins/NNE/NNEDenoiser/Content/NNED_Oidn2-3_Fast_Alpha.uexp" 1305
"../../../Engine/Plugins/NNE/NNEDenoiser/Content/NNED_Oidn2-3_HighQuality.uasset" 1306
"../../../Engine/Plugins/NNE/NNEDenoiser/Content/NNED_Oidn2-3_HighQuality.uexp" 1307
"../../../Engine/Plugins/NNE/NNEDenoiser/Content/NNED_Oidn2-3_HighQuality_Alpha.uasset" 1308
"../../../Engine/Plugins/NNE/NNEDenoiser/Content/NNED_Oidn2-3_HighQuality_Alpha.uexp" 1309
"../../../Engine/Plugins/NNE/NNEDenoiser/Content/NNE_oidn2-3-0_rt_hdr_alb_nrm_small__dyn__fp16_opset11_DenoiseAlpha.uasset" 1310
"../../../Engine/Plugins/NNE/NNEDenoiser/Content/NNE_oidn2-3-0_rt_hdr_alb_nrm_small__dyn__fp16_opset11_DenoiseAlpha.uexp" 1311
"../../../Engine/Plugins/NNE/NNEDenoiser/Content/NNE_oidn2-3-0_rt_hdr_alb_nrm_small__dyn__fp16_opset11_ForwardAlpha.uasset" 1312
"../../../Engine/Plugins/NNE/NNEDenoiser/Content/NNE_oidn2-3-0_rt_hdr_alb_nrm_small__dyn__fp16_opset11_ForwardAlpha.uexp" 1313
"../../../Engine/Plugins/NNE/NNEDenoiser/Content/NNE_oidn2-3-0_rt_hdr_alb_nrm__dyn__fp16_opset11_DenoiseAlpha.uasset" 1314
"../../../Engine/Plugins/NNE/NNEDenoiser/Content/NNE_oidn2-3-0_rt_hdr_alb_nrm__dyn__fp16_opset11_DenoiseAlpha.uexp" 1315
"../../../Engine/Plugins/NNE/NNEDenoiser/Content/NNE_oidn2-3-0_rt_hdr_alb_nrm__dyn__fp16_opset11_ForwardAlpha.uasset" 1316
"../../../Engine/Plugins/NNE/NNEDenoiser/Content/NNE_oidn2-3-0_rt_hdr_alb_nrm__dyn__fp16_opset11_ForwardAlpha.uexp" 1317
"../../../Engine/Plugins/NNE/NNEDenoiser/Content/NNE_oidn2-3-0_rt_hdr_calb_cnrm_large__dyn__fp16_opset11_DenoiseAlpha.uasset" 1318
"../../../Engine/Plugins/NNE/NNEDenoiser/Content/NNE_oidn2-3-0_rt_hdr_calb_cnrm_large__dyn__fp16_opset11_DenoiseAlpha.uexp" 1319
"../../../Engine/Plugins/NNE/NNEDenoiser/Content/NNE_oidn2-3-0_rt_hdr_calb_cnrm_large__dyn__fp16_opset11_ForwardAlpha.uasset" 1320
"../../../Engine/Plugins/NNE/NNEDenoiser/Content/NNE_oidn2-3-0_rt_hdr_calb_cnrm_large__dyn__fp16_opset11_ForwardAlpha.uexp" 1321
"../../../Engine/Content/Maps/Entry_BuiltData.uasset" 1322
"../../../Engine/Content/Maps/Entry_BuiltData.uexp" 1323
"../../../Engine/Content/Maps/Entry.uexp" 1324
"../../../Engine/Content/Maps/Entry.umap" 1325
"C:/Repos/Unreal_stealth/Unreal_stealth_proj/Stealth_game/Content/Orgin_stuff/FirstPerson/Input/Actions/IA_Move.uasset" 1326
"C:/Repos/Unreal_stealth/Unreal_stealth_proj/Stealth_game/Content/Orgin_stuff/FirstPerson/Input/Actions/IA_Move.uexp" 1327
"C:/Repos/Unreal_stealth/Unreal_stealth_proj/Stealth_game/Content/Assets/SFX/running.ubulk" 1328
"C:/Repos/Unreal_stealth/Unreal_stealth_proj/Stealth_game/Content/Assets/SFX/running.uasset" 1329
"C:/Repos/Unreal_stealth/Unreal_stealth_proj/Stealth_game/Content/Assets/SFX/running.uexp" 1330
"C:/Repos/Unreal_stealth/Unreal_stealth_proj/Stealth_game/Content/Player/CameraShakes/Run.uasset" 1331
"C:/Repos/Unreal_stealth/Unreal_stealth_proj/Stealth_game/Content/Player/CameraShakes/Run.uexp" 1332
"C:/Repos/Unreal_stealth/Unreal_stealth_proj/Stealth_game/Content/Assets/Materials/Blood_screen_effect.uasset" 1333
"C:/Repos/Unreal_stealth/Unreal_stealth_proj/Stealth_game/Content/Assets/Materials/Blood_screen_effect.uexp" 1334
"C:/Repos/Unreal_stealth/Unreal_stealth_proj/Stealth_game/Content/Assets/UI/Game_Effects/Screen_Blood_Effect_WB.uasset" 1335
"C:/Repos/Unreal_stealth/Unreal_stealth_proj/Stealth_game/Content/Assets/UI/Game_Effects/Screen_Blood_Effect_WB.uexp" 1336
"C:/Repos/Unreal_stealth/Unreal_stealth_proj/Stealth_game/Content/Player/CameraShakes/Jump.uasset" 1337
"C:/Repos/Unreal_stealth/Unreal_stealth_proj/Stealth_game/Content/Player/CameraShakes/Jump.uexp" 1338
"C:/Repos/Unreal_stealth/Unreal_stealth_proj/Stealth_game/Content/Player/CameraShakes/Walk.uasset" 1339
"C:/Repos/Unreal_stealth/Unreal_stealth_proj/Stealth_game/Content/Player/CameraShakes/Walk.uexp" 1340
"C:/Repos/Unreal_stealth/Unreal_stealth_proj/Stealth_game/Content/Assets/UI/Pause_Menu/Pause_Menu_WB.uasset" 1341
"C:/Repos/Unreal_stealth/Unreal_stealth_proj/Stealth_game/Content/Assets/UI/Pause_Menu/Pause_Menu_WB.uexp" 1342
"C:/Repos/Unreal_stealth/Unreal_stealth_proj/Stealth_game/Content/Assets/SFX/HumanVocalizations/HumanMaleA/Wavs/voice_male_soldier_I_ve_been_hit_02.ubulk" 1343
"C:/Repos/Unreal_stealth/Unreal_stealth_proj/Stealth_game/Content/Assets/SFX/HumanVocalizations/HumanMaleA/Wavs/voice_male_soldier_I_ve_been_hit_02.uasset" 1344
"C:/Repos/Unreal_stealth/Unreal_stealth_proj/Stealth_game/Content/Assets/SFX/HumanVocalizations/HumanMaleA/Wavs/voice_male_soldier_I_ve_been_hit_02.uexp" 1345
"C:/Repos/Unreal_stealth/Unreal_stealth_proj/Stealth_game/Content/Orgin_stuff/FirstPerson/Input/Actions/IA_Esc.uasset" 1346
"C:/Repos/Unreal_stealth/Unreal_stealth_proj/Stealth_game/Content/Orgin_stuff/FirstPerson/Input/Actions/IA_Esc.uexp" 1347
"C:/Repos/Unreal_stealth/Unreal_stealth_proj/Stealth_game/Content/Player/CameraShakes/Idle.uasset" 1348
"C:/Repos/Unreal_stealth/Unreal_stealth_proj/Stealth_game/Content/Player/CameraShakes/Idle.uexp" 1349
"C:/Repos/Unreal_stealth/Unreal_stealth_proj/Stealth_game/Content/Orgin_stuff/FirstPerson/Input/Actions/IA_Jump.uasset" 1350
"C:/Repos/Unreal_stealth/Unreal_stealth_proj/Stealth_game/Content/Orgin_stuff/FirstPerson/Input/Actions/IA_Jump.uexp" 1351
"C:/Repos/Unreal_stealth/Unreal_stealth_proj/Stealth_game/Content/Assets/UI/Death_Screen/Death_Screen_WB.uasset" 1352
"C:/Repos/Unreal_stealth/Unreal_stealth_proj/Stealth_game/Content/Assets/UI/Death_Screen/Death_Screen_WB.uexp" 1353
"C:/Repos/Unreal_stealth/Unreal_stealth_proj/Stealth_game/Content/Orgin_stuff/FirstPerson/Input/Actions/IA_Look.uasset" 1354
"C:/Repos/Unreal_stealth/Unreal_stealth_proj/Stealth_game/Content/Orgin_stuff/FirstPerson/Input/Actions/IA_Look.uexp" 1355
"C:/Repos/Unreal_stealth/Unreal_stealth_proj/Stealth_game/Content/Orgin_stuff/FirstPerson/Input/IMC_Default.uasset" 1356
"C:/Repos/Unreal_stealth/Unreal_stealth_proj/Stealth_game/Content/Orgin_stuff/FirstPerson/Input/IMC_Default.uexp" 1357
"C:/Repos/Unreal_stealth/Unreal_stealth_proj/Stealth_game/Content/Orgin_stuff/FirstPersonArms/Animations/FP_Rifle_Falling.uasset" 1358
"C:/Repos/Unreal_stealth/Unreal_stealth_proj/Stealth_game/Content/Orgin_stuff/FirstPersonArms/Animations/FP_Rifle_Falling.uexp" 1359
"C:/Repos/Unreal_stealth/Unreal_stealth_proj/Stealth_game/Content/Orgin_stuff/FirstPersonArms/Animations/FP_Rifle_Run.uasset" 1360
"C:/Repos/Unreal_stealth/Unreal_stealth_proj/Stealth_game/Content/Orgin_stuff/FirstPersonArms/Animations/FP_Rifle_Run.uexp" 1361
"../../../Engine/Content/Animation/DefaultRecorderBoneCompression.uasset" 1362
"../../../Engine/Content/Animation/DefaultRecorderBoneCompression.uexp" 1363
"C:/Repos/Unreal_stealth/Unreal_stealth_proj/Stealth_game/Content/Orgin_stuff/FirstPersonArms/Animations/FP_Jump.uasset" 1364
"C:/Repos/Unreal_stealth/Unreal_stealth_proj/Stealth_game/Content/Orgin_stuff/FirstPersonArms/Animations/FP_Jump.uexp" 1365
"C:/Repos/Unreal_stealth/Unreal_stealth_proj/Stealth_game/Content/Orgin_stuff/FirstPersonArms/Animations/FP_Run_Fwd.uasset" 1366
"C:/Repos/Unreal_stealth/Unreal_stealth_proj/Stealth_game/Content/Orgin_stuff/FirstPersonArms/Animations/FP_Run_Fwd.uexp" 1367
"C:/Repos/Unreal_stealth/Unreal_stealth_proj/Stealth_game/Content/Orgin_stuff/FirstPersonArms/Animations/FP_Rifle_Idle.uasset" 1368
"C:/Repos/Unreal_stealth/Unreal_stealth_proj/Stealth_game/Content/Orgin_stuff/FirstPersonArms/Animations/FP_Rifle_Idle.uexp" 1369
"C:/Repos/Unreal_stealth/Unreal_stealth_proj/Stealth_game/Content/Orgin_stuff/FirstPersonArms/Animations/FP_Falling.uasset" 1370
"C:/Repos/Unreal_stealth/Unreal_stealth_proj/Stealth_game/Content/Orgin_stuff/FirstPersonArms/Animations/FP_Falling.uexp" 1371
"C:/Repos/Unreal_stealth/Unreal_stealth_proj/Stealth_game/Content/Orgin_stuff/FirstPersonArms/Animations/FP_Rifle_Land.uasset" 1372
"C:/Repos/Unreal_stealth/Unreal_stealth_proj/Stealth_game/Content/Orgin_stuff/FirstPersonArms/Animations/FP_Rifle_Land.uexp" 1373
"C:/Repos/Unreal_stealth/Unreal_stealth_proj/Stealth_game/Content/Orgin_stuff/FirstPersonArms/Animations/FP_Idle.uasset" 1374
"C:/Repos/Unreal_stealth/Unreal_stealth_proj/Stealth_game/Content/Orgin_stuff/FirstPersonArms/Animations/FP_Idle.uexp" 1375
"C:/Repos/Unreal_stealth/Unreal_stealth_proj/Stealth_game/Content/Orgin_stuff/FirstPersonArms/Animations/FP_Land.uasset" 1376
"C:/Repos/Unreal_stealth/Unreal_stealth_proj/Stealth_game/Content/Orgin_stuff/FirstPersonArms/Animations/FP_Land.uexp" 1377
"C:/Repos/Unreal_stealth/Unreal_stealth_proj/Stealth_game/Content/Orgin_stuff/FirstPersonArms/Animations/FP_Rifle_Jump.uasset" 1378
"C:/Repos/Unreal_stealth/Unreal_stealth_proj/Stealth_game/Content/Orgin_stuff/FirstPersonArms/Animations/FP_Rifle_Jump.uexp" 1379
"C:/Repos/Unreal_stealth/Unreal_stealth_proj/Stealth_game/Content/Orgin_stuff/FirstPersonArms/Animations/FirstPerson_AnimBP.uasset" 1380
"C:/Repos/Unreal_stealth/Unreal_stealth_proj/Stealth_game/Content/Orgin_stuff/FirstPersonArms/Animations/FirstPerson_AnimBP.uexp" 1381
"C:/Repos/Unreal_stealth/Unreal_stealth_proj/Stealth_game/Content/Player/BP_Player.uasset" 1382
"C:/Repos/Unreal_stealth/Unreal_stealth_proj/Stealth_game/Content/Player/BP_Player.uexp" 1383
"C:/Repos/Unreal_stealth/Unreal_stealth_proj/Stealth_game/Content/Orgin_stuff/FirstPerson/Blueprints/BP_FirstPersonGameMode.uasset" 1384
"C:/Repos/Unreal_stealth/Unreal_stealth_proj/Stealth_game/Content/Orgin_stuff/FirstPerson/Blueprints/BP_FirstPersonGameMode.uexp" 1385
"C:/Repos/Unreal_stealth/Unreal_stealth_proj/Stealth_game/Content/Maps/Sandbox/Sandbox_2.uexp" 1386
"C:/Repos/Unreal_stealth/Unreal_stealth_proj/Stealth_game/Content/Maps/Sandbox/Sandbox_2.umap" 1387
"C:/Repos/Unreal_stealth/Unreal_stealth_proj/Stealth_game/Content/Maps/Sandbox/FirstPersonMap.uexp" 1388
"C:/Repos/Unreal_stealth/Unreal_stealth_proj/Stealth_game/Content/Maps/Sandbox/FirstPersonMap.umap" 1389
"C:/Repos/Unreal_stealth/Unreal_stealth_proj/Stealth_game/Content/Assets/UI/Options_Menu/Options_Menu_WB.uasset" 1390
"C:/Repos/Unreal_stealth/Unreal_stealth_proj/Stealth_game/Content/Assets/UI/Options_Menu/Options_Menu_WB.uexp" 1391
"C:/Repos/Unreal_stealth/Unreal_stealth_proj/Stealth_game/Content/Maps/Menus/Options_Menu_BP.uexp" 1392
"C:/Repos/Unreal_stealth/Unreal_stealth_proj/Stealth_game/Content/Maps/Menus/Options_Menu_BP.umap" 1393
"C:/Repos/Unreal_stealth/Unreal_stealth_proj/Stealth_game/Content/Assets/UI/Main_Menu/menu.uasset" 1394
"C:/Repos/Unreal_stealth/Unreal_stealth_proj/Stealth_game/Content/Assets/UI/Main_Menu/menu.uexp" 1395
"C:/Repos/Unreal_stealth/Unreal_stealth_proj/Stealth_game/Content/Assets/UI/Main_Menu/Main_Menu_WB.uasset" 1396
"C:/Repos/Unreal_stealth/Unreal_stealth_proj/Stealth_game/Content/Assets/UI/Main_Menu/Main_Menu_WB.uexp" 1397
"C:/Repos/Unreal_stealth/Unreal_stealth_proj/Stealth_game/Content/Maps/Menus/Main_Menu_BP.uexp" 1398
"C:/Repos/Unreal_stealth/Unreal_stealth_proj/Stealth_game/Content/Maps/Menus/Main_Menu_BP.umap" 1399
"C:/Repos/Unreal_stealth/Unreal_stealth_proj/Stealth_game/Content/Maps/Levels/Level_2.uexp" 1400
"C:/Repos/Unreal_stealth/Unreal_stealth_proj/Stealth_game/Content/Maps/Levels/Level_2.umap" 1401
"C:/Repos/Unreal_stealth/Unreal_stealth_proj/Stealth_game/Content/Maps/Levels/Level_1.uexp" 1402
"C:/Repos/Unreal_stealth/Unreal_stealth_proj/Stealth_game/Content/Maps/Levels/Level_1.umap" 1403
"C:/Repos/Unreal_stealth/Unreal_stealth_proj/Stealth_game/Content/Maps/Levels/Level_0.uexp" 1404
"C:/Repos/Unreal_stealth/Unreal_stealth_proj/Stealth_game/Content/Maps/Levels/Level_0.umap" 1405
