"C:/Repos/Unreal_stealth/Unreal_stealth_proj/Stealth_game/Stealth_game.uproject" 1
"../../../Engine/Plugins/AudioGameplay/AudioGameplay.uplugin" 2
"../../../Engine/Plugins/AudioInsights/AudioInsights.uplugin" 3
"../../../Engine/Plugins/BlueprintFileUtils/BlueprintFileUtils.uplugin" 4
"../../../Engine/Plugins/ChaosClothAsset/ChaosClothAsset.uplugin" 5
"../../../Engine/Plugins/ChaosCloth/ChaosCloth.uplugin" 6
"../../../Engine/Plugins/AudioGameplayVolume/AudioGameplayVolume.uplugin" 7
"../../../Engine/Plugins/ChaosVD/ChaosVD.uplugin" 8
"../../../Engine/Plugins/Chooser/Chooser.uplugin" 9
"../../../Engine/Plugins/CmdLinkServer/CmdLinkServer.uplugin" 10
"../../../Engine/Plugins/DiscoveryBeaconReceiver/DiscoveryBeaconReceiver.uplugin" 11
"../../../Engine/Plugins/ChaosClothAssetEditor/ChaosClothAssetEditor.uplugin" 12
"../../../Engine/Plugins/Fab/Fab.uplugin" 13
"../../../Engine/Plugins/LightWeightInstancesEditor/LightWeightInstancesEditor.uplugin" 14
"../../../Engine/Plugins/FastBuildController/FastBuildController.uplugin" 15
"../../../Engine/Plugins/Bridge/Bridge.uplugin" 16
"../../../Engine/Plugins/ScriptPlugin/ScriptPlugin.uplugin" 17
"../../../Engine/Plugins/TraceUtilities/TraceUtilities.uplugin" 18
"../../../Engine/Plugins/UbaController/UbaController.uplugin" 19
"../../../Engine/Plugins/JsonBlueprintUtilities/JsonBlueprintUtilities.uplugin" 20
"../../../Engine/Plugins/EnhancedInput/EnhancedInput.uplugin" 21
"../../../Engine/Plugins/WorldMetrics/WorldMetrics.uplugin" 22
"../../../Engine/Plugins/MeshPainting/MeshPainting.uplugin" 23
"../../../Engine/Plugins/XGEController/XGEController.uplugin" 24
"../../../Engine/Plugins/Cameras/CameraShakePreviewer/CameraShakePreviewer.uplugin" 25
"../../../Engine/Plugins/Cameras/EngineCameras/EngineCameras.uplugin" 26
"../../../Engine/Plugins/PCG/PCG.uplugin" 27
"../../../Engine/Plugins/RenderGraphInsights/RenderGraphInsights.uplugin" 28
"../../../Engine/Plugins/Compositing/OpenColorIO/OpenColorIO.uplugin" 29
"../../../Engine/Plugins/Cameras/GameplayCameras/GameplayCameras.uplugin" 30
"../../../Engine/Plugins/Compositing/Composure/Composure.uplugin" 31
"../../../Engine/Plugins/Compositing/LensDistortion/LensDistortion.uplugin" 32
"../../../Engine/Plugins/Compositing/OpenCVLensDistortion/OpenCVLensDistortion.uplugin" 33
"../../../Engine/Plugins/Editor/AssetReferenceRestrictions/AssetReferenceRestrictions.uplugin" 34
"../../../Engine/Plugins/Mutable/Mutable.uplugin" 35
"../../../Engine/Plugins/Editor/AssetSearch/AssetSearch.uplugin" 36
"../../../Engine/Plugins/Editor/BlueprintHeaderView/BlueprintHeaderView.uplugin" 37
"../../../Engine/Plugins/Editor/AssetManagerEditor/AssetManagerEditor.uplugin" 38
"../../../Engine/Plugins/Editor/AssetRegistryExport/AssetRegistryExport.uplugin" 39
"../../../Engine/Plugins/Editor/BlueprintMaterialTextureNodes/BlueprintMaterialTextureNodes.uplugin" 40
"../../../Engine/Plugins/Editor/ConsoleVariablesEditor/ConsoleVariables.uplugin" 41
"../../../Engine/Plugins/Editor/CurveEditorTools/CurveEditorTools.uplugin" 42
"../../../Engine/Plugins/Editor/DisplayClusterLaunch/DisplayClusterLaunch.uplugin" 43
"../../../Engine/Plugins/Editor/CryptoKeys/CryptoKeys.uplugin" 44
"../../../Engine/Plugins/Editor/DataValidation/DataValidation.uplugin" 45
"../../../Engine/Plugins/Editor/ChangelistReview/ChangelistReview.uplugin" 46
"../../../Engine/Plugins/Editor/EditorDebugTools/EditorDebugTools.uplugin" 47
"../../../Engine/Plugins/Editor/EditorScriptingUtilities/EditorScriptingUtilities.uplugin" 48
"../../../Engine/Plugins/Editor/EditorSysConfigAssistant/EditorSysConfigAssistant.uplugin" 49
"../../../Engine/Plugins/Editor/EngineAssetDefinitions/EngineAssetDefinitions.uplugin" 50
"../../../Engine/Plugins/Editor/GameplayTagsEditor/GameplayTagsEditor.uplugin" 51
"../../../Engine/Plugins/Editor/GeometryMode/GeometryMode.uplugin" 52
"../../../Engine/Plugins/Editor/MacGraphicsSwitching/MacGraphicsSwitching.uplugin" 53
"../../../Engine/Plugins/Editor/FacialAnimation/FacialAnimation.uplugin" 54
"../../../Engine/Plugins/MemoryUsageQueries/MemoryUsageQueries.uplugin" 55
"../../../Engine/Plugins/Editor/GuidedTutorials/GuidedTutorials.uplugin" 56
"../../../Engine/Plugins/Editor/ColorGrading/ColorGrading.uplugin" 57
"../../../Engine/Plugins/Editor/LiveUpdateForSlate/LiveUpdateForSlate.uplugin" 58
"../../../Engine/Plugins/Editor/MeshLODToolset/MeshLODToolset.uplugin" 59
"../../../Engine/Plugins/Editor/MaterialAnalyzer/MaterialAnalyzer.uplugin" 60
"../../../Engine/Plugins/Editor/MakeCookedEditorAsDLC/MakeCookedEditorAsDLC.uplugin" 61
"../../../Engine/Plugins/Editor/ModelingToolsEditorMode/ModelingToolsEditorMode.uplugin" 62
"../../../Engine/Plugins/Editor/MobileLauncherProfileWizard/MobileLauncherProfileWizard.uplugin" 63
"../../../Engine/Plugins/Editor/PluginBrowser/PluginBrowser.uplugin" 64
"../../../Engine/Plugins/Editor/SampleToolsEditorMode/SampleToolsEditorMode.uplugin" 65
"../../../Engine/Plugins/Editor/ScriptableToolsEditorMode/ScriptableToolsEditorMode.uplugin" 66
"../../../Engine/Plugins/Editor/ModelViewViewModelPreview/ModelViewViewModelPreview.uplugin" 67
"../../../Engine/Plugins/Editor/SpeedTreeImporter/SpeedTreeImporter.uplugin" 68
"../../../Engine/Plugins/Editor/SequencerAnimTools/SequencerAnimTools.uplugin" 69
"../../../Engine/Plugins/Editor/UMGWidgetPreview/UMGWidgetPreview.uplugin" 70
"../../../Engine/Plugins/Editor/WorldPartitionHLODUtilities/WorldPartitionHLODUtilities.uplugin" 71
"../../../Engine/Plugins/Editor/StylusInput/StylusInput.uplugin" 72
"../../../Engine/Plugins/Editor/StaticMeshEditorModeling/StaticMeshEditorModeling.uplugin" 73
"../../../Engine/Plugins/Experimental/ActorPalette/ActorPalette.uplugin" 74
"../../../Engine/Plugins/Editor/WaveformEditor/WaveformEditor.uplugin" 75
"../../../Engine/Plugins/Editor/UVEditor/UVEditor.uplugin" 76
"../../../Engine/Plugins/Experimental/AbilitySystemGameFeatureActions/AbilitySystemGameFeatureActions.uplugin" 77
"../../../Engine/Plugins/Experimental/AdvancedRenamer/AdvancedRenamer.uplugin" 78
"../../../Engine/Plugins/Experimental/AnimNextChooser/AnimNextChooser.uplugin" 79
"../../../Engine/Plugins/Experimental/AnimNext/AnimNext.uplugin" 80
"../../../Engine/Plugins/Experimental/ActorModifierCore/ActorModifierCore.uplugin" 81
"../../../Engine/Plugins/Experimental/AnimNextStateTree/AnimNextStateTree.uplugin" 82
"../../../Engine/Plugins/Experimental/AppleVision/AppleVision.uplugin" 83
"../../../Engine/Plugins/Editor/ProxyLODPlugin/ProxyLODPlugin.uplugin" 84
"../../../Engine/Plugins/Experimental/Avalanche/Avalanche.uplugin" 85
"../../../Engine/Plugins/Experimental/AnimToTexture/AnimToTexture.uplugin" 86
"../../../Engine/Plugins/Experimental/AutomationUtils/AutomationUtils.uplugin" 87
"../../../Engine/Plugins/Experimental/AvalancheDisplayCluster/AvalancheDisplayCluster.uplugin" 88
"../../../Engine/Plugins/Experimental/BlueprintStats/BlueprintStats.uplugin" 89
"../../../Engine/Plugins/Experimental/BlueprintSnapNodes/BlueprintSnapNodes.uplugin" 90
"../../../Engine/Plugins/Experimental/Buoyancy/Buoyancy.uplugin" 91
"../../../Engine/Plugins/Experimental/BackChannel/BackChannel.uplugin" 92
"../../../Engine/Plugins/Experimental/ChaosCaching/ChaosCaching.uplugin" 93
"../../../Engine/Plugins/Experimental/ChaosClothEditor/ChaosClothEditor.uplugin" 94
"../../../Engine/Plugins/Experimental/ChaosModularVehicle/ChaosModularVehicle.uplugin" 95
"../../../Engine/Plugins/Experimental/ChaosEditor/ChaosEditor.uplugin" 96
"../../../Engine/Plugins/Experimental/ChaosModularVehicleExamples/ChaosModularVehicleExamples.uplugin" 97
"../../../Engine/Plugins/Experimental/ChaosSolverPlugin/ChaosSolverPlugin.uplugin" 98
"../../../Engine/Plugins/Experimental/ChaosFlesh/ChaosFlesh.uplugin" 99
"../../../Engine/Plugins/Experimental/ChaosNiagara/ChaosNiagara.uplugin" 100
"../../../Engine/Plugins/Experimental/CineCameraRigs/CineCameraRigs.uplugin" 101
"../../../Engine/Plugins/Experimental/ChaosVehiclesPlugin/ChaosVehiclesPlugin.uplugin" 102
"../../../Engine/Plugins/Experimental/CharacterAI/CharacterAI.uplugin" 103
"../../../Engine/Plugins/Experimental/CineCameraSceneCapture/CineCameraSceneCapture.uplugin" 104
"../../../Engine/Plugins/Experimental/CinematicPrestreaming/CinematicPrestreaming.uplugin" 105
"../../../Engine/Plugins/Experimental/ChaosUserDataPT/ChaosUserDataPT.uplugin" 106
"../../../Engine/Plugins/Experimental/AnimNextAnimGraph/AnimNextAnimGraph.uplugin" 107
"../../../Engine/Plugins/Experimental/ClonerEffector/ClonerEffector.uplugin" 108
"../../../Engine/Plugins/Experimental/CodeView/CodeView.uplugin" 109
"../../../Engine/Plugins/Experimental/CodeEditor/CodeEditor.uplugin" 110
"../../../Engine/Plugins/Experimental/CustomDetailsView/CustomDetailsView.uplugin" 111
"../../../Engine/Plugins/Experimental/Dataflow/Dataflow.uplugin" 112
"../../../Engine/Plugins/Experimental/ColorCorrectRegions/ColorCorrectRegions.uplugin" 113
"../../../Engine/Plugins/Experimental/CommonConversation/CommonConversation.uplugin" 114
"../../../Engine/Plugins/Experimental/DaySequence/DaySequence.uplugin" 115
"../../../Engine/Plugins/Experimental/ControlFlows/ControlFlows.uplugin" 116
"../../../Engine/Plugins/Experimental/DefaultInstallBundleManager/DefaultInstallBundleManager.uplugin" 117
"../../../Engine/Plugins/Experimental/EditorDataStorageFeatures/EditorDataStorageFeatures.uplugin" 118
"../../../Engine/Plugins/Experimental/EditorPerformance/EditorPerformance.uplugin" 119
"../../../Engine/Plugins/Experimental/EditorTelemetry/EditorTelemetry.uplugin" 120
"../../../Engine/Plugins/Experimental/DynamicMaterial/DynamicMaterial.uplugin" 121
"../../../Engine/Plugins/Experimental/EditorDataStorage/EditorDataStorage.uplugin" 122
"../../../Engine/Plugins/Experimental/FloatingProperties/FloatingProperties.uplugin" 123
"../../../Engine/Plugins/Experimental/GameplayBehaviors/GameplayBehaviors.uplugin" 124
"../../../Engine/Plugins/Experimental/Fracture/Fracture.uplugin" 125
"../../../Engine/Plugins/Experimental/GameplayGraph/GameplayGraph.uplugin" 126
"../../../Engine/Plugins/Experimental/GameplayTargetingSystem/TargetingSystem.uplugin" 127
"../../../Engine/Plugins/Experimental/GeometryCacheAbcFile/GeometryCacheAbcFile.uplugin" 128
"../../../Engine/Plugins/Experimental/Gauntlet/Gauntlet.uplugin" 129
"../../../Engine/Plugins/Experimental/GameInputWindows/GameInputWindows.uplugin" 130
"../../../Engine/Plugins/Experimental/GeometryCollectionPlugin/GeometryCollectionPlugin.uplugin" 131
"../../../Engine/Plugins/Experimental/GeometryFlow/GeometryFlow.uplugin" 132
"../../../Engine/Plugins/Experimental/GeometryMask/GeometryMask.uplugin" 133
"../../../Engine/Plugins/Experimental/GPULightmass/GPULightmass.uplugin" 134
"../../../Engine/Plugins/Experimental/GizmoEdMode/GizmoEdMode.uplugin" 135
"../../../Engine/Plugins/Experimental/HairModelingToolset/HairModelingToolset.uplugin" 136
"../../../Engine/Plugins/Experimental/HairCardGenerator/HairCardGenerator.uplugin" 137
"../../../Engine/Plugins/Experimental/HairStrandsMutable/HairStrandsMutable.uplugin" 138
"../../../Engine/Plugins/Experimental/ImageWidgets/ImageWidgets.uplugin" 139
"../../../Engine/Plugins/Experimental/ImpostorBaker/ImpostorBaker.uplugin" 140
"../../../Engine/Plugins/Experimental/ImagePlate/ImagePlate.uplugin" 141
"../../../Engine/Plugins/Experimental/FullBodyIK/FullBodyIK.uplugin" 142
"../../../Engine/Plugins/Experimental/InlineMaterialInstance/InlineMaterialInstance.uplugin" 143
"../../../Engine/Plugins/Experimental/Iris/Iris.uplugin" 144
"../../../Engine/Plugins/Experimental/JWT/JWT.uplugin" 145
"../../../Engine/Plugins/Experimental/InstanceDataObjectFixupTool/InstanceDataObjectFixupTool.uplugin" 146
"../../../Engine/Plugins/Experimental/FieldSystemPlugin/FieldSystemPlugin.uplugin" 147
"../../../Engine/Plugins/Experimental/LiveLinkControlRig/LiveLinkControlRig.uplugin" 148
"../../../Engine/Plugins/Experimental/LandscapePatch/LandscapePatch.uplugin" 149
"../../../Engine/Plugins/Experimental/Landmass/Landmass.uplugin" 150
"../../../Engine/Plugins/Experimental/LiveLinkFaceImporter/LiveLinkFaceImporter.uplugin" 151
"../../../Engine/Plugins/Experimental/LiveLinkOpenVR/LiveLinkOpenVR.uplugin" 152
"../../../Engine/Plugins/Experimental/MeshModelingToolsetExp/MeshModelingToolsetExp.uplugin" 153
"../../../Engine/Plugins/Experimental/MotorSimOutputMotoSynth/MotorSimOutputMotoSynth.uplugin" 154
"../../../Engine/Plugins/Experimental/MotoSynth/MotoSynth.uplugin" 155
"../../../Engine/Plugins/Experimental/Mover/Mover.uplugin" 156
"../../../Engine/Plugins/Experimental/NaniteDisplacedMesh/NaniteDisplacedMesh.uplugin" 157
"../../../Engine/Plugins/Experimental/MoverTests/MoverTests.uplugin" 158
"../../../Engine/Plugins/Experimental/MutablePopulation/MutablePopulation.uplugin" 159
"../../../Engine/Plugins/Experimental/MoverExamples/MoverExamples.uplugin" 160
"../../../Engine/Plugins/Experimental/GizmoFramework/GizmoFramework.uplugin" 161
"../../../Engine/Plugins/Experimental/NeuralRendering/NeuralRendering.uplugin" 162
"../../../Engine/Plugins/Experimental/LocalizableMessage/LocalizableMessage.uplugin" 163
"../../../Engine/Plugins/Experimental/NFORDenoise/NFORDenoise.uplugin" 164
"../../../Engine/Plugins/Experimental/NNERuntimeRDG/NNERuntimeRDG.uplugin" 165
"../../../Engine/Plugins/Experimental/NNERuntimeBasicCpu/NNERuntimeBasicCpu.uplugin" 166
"../../../Engine/Plugins/Experimental/NNERuntimeIREE/NNERuntimeIREE.uplugin" 167
"../../../Engine/Plugins/Experimental/LowLevelNetTrace/LowLevelNetTrace.uplugin" 168
"../../../Engine/Plugins/Experimental/PanoramicCapture/PanoramicCapture.uplugin" 169
"../../../Engine/Plugins/Experimental/PCGBiomeCore/PCGBiomeCore.uplugin" 170
"../../../Engine/Plugins/Experimental/LearningAgents/LearningAgents.uplugin" 171
"../../../Engine/Plugins/Experimental/OptiXDenoise/OptiXDenoise.uplugin" 172
"../../../Engine/Plugins/Experimental/OperatorStack/OperatorStack.uplugin" 173
"../../../Engine/Plugins/Experimental/PlainProps/PlainProps.uplugin" 174
"../../../Engine/Plugins/Experimental/PixelStreamingPlayer/PixelStreamingPlayer.uplugin" 175
"../../../Engine/Plugins/Experimental/PhysicsControl/PhysicsControl.uplugin" 176
"../../../Engine/Plugins/Experimental/PlanarCutPlugin/PlanarCut.uplugin" 177
"../../../Engine/Plugins/Experimental/PlatformCrypto/PlatformCrypto.uplugin" 178
"../../../Engine/Plugins/Experimental/PluginAudit/PluginAudit.uplugin" 179
"../../../Engine/Plugins/Experimental/PostProcessMaterialChainGraph/PostProcessMaterialChainGraph.uplugin" 180
"../../../Engine/Plugins/Experimental/PluginReferenceViewer/PluginReferenceViewer.uplugin" 181
"../../../Engine/Plugins/Experimental/PCGBiomeSample/PCGBiomeSample.uplugin" 182
"../../../Engine/Plugins/Experimental/PluginTemplateTool/PluginTemplateTool.uplugin" 183
"../../../Engine/Plugins/Experimental/PropertyAnimator/PropertyAnimator.uplugin" 184
"../../../Engine/Plugins/Experimental/PythonScriptPlugin/PythonScriptPlugin.uplugin" 185
"../../../Engine/Plugins/Experimental/QuicMessaging/QuicMessaging.uplugin" 186
"../../../Engine/Plugins/Experimental/PropertyAnimatorCore/PropertyAnimatorCore.uplugin" 187
"../../../Engine/Plugins/Experimental/RawInput/RawInput.uplugin" 188
"../../../Engine/Plugins/Experimental/RemoteControlComponents/RemoteControlComponents.uplugin" 189
"../../../Engine/Plugins/Experimental/RenderGrid/RenderGrid.uplugin" 190
"../../../Engine/Plugins/Experimental/ChaosCachingUSD/ChaosCachingUSD.uplugin" 191
"../../../Engine/Plugins/Experimental/RigLogicMutable/RigLogicMutable.uplugin" 192
"../../../Engine/Plugins/Experimental/RazerChromaDevices/RazerChromaDevices.uplugin" 193
"../../../Engine/Plugins/Experimental/ScreenReader/ScreenReader.uplugin" 194
"../../../Engine/Plugins/Experimental/OpenImageDenoise/OpenImageDenoise.uplugin" 195
"../../../Engine/Plugins/Experimental/PythonFoundationPackages/PythonFoundationPackages.uplugin" 196
"../../../Engine/Plugins/Experimental/RemoteSession/RemoteSession.uplugin" 197
"../../../Engine/Plugins/Experimental/RigLogicAnimNext/RigLogicAnimNext.uplugin" 198
"../../../Engine/Plugins/Experimental/SerializationUtils/SerializationUtils.uplugin" 199
"../../../Engine/Plugins/Experimental/SecuritySandbox/SecuritySandbox.uplugin" 200
"../../../Engine/Plugins/Experimental/Shotgrid/Shotgrid.uplugin" 201
"../../../Engine/Plugins/Experimental/SimpleHMD/SimpleHMD.uplugin" 202
"../../../Engine/Plugins/Experimental/SlateScreenReader/SlateScreenReader.uplugin" 203
"../../../Engine/Plugins/Experimental/StateGraph/StateGraph.uplugin" 204
"../../../Engine/Plugins/Experimental/StormSyncAvalancheBridge/StormSyncAvalancheBridge.uplugin" 205
"../../../Engine/Plugins/Experimental/StormSync/StormSync.uplugin" 206
"../../../Engine/Plugins/Experimental/StudioTelemetry/StudioTelemetry.uplugin" 207
"../../../Engine/Plugins/Experimental/SkeletalReduction/SkeletalReduction.uplugin" 208
"../../../Engine/Plugins/Experimental/SurfaceEffects/SurfaceEffects.uplugin" 209
"../../../Engine/Plugins/Experimental/SlateModelViewViewModel/SlateModelViewViewModel.uplugin" 210
"../../../Engine/Plugins/Experimental/StructUtils/StructUtils.uplugin" 211
"../../../Engine/Plugins/Experimental/Text3D/Text3D.uplugin" 212
"../../../Engine/Plugins/Experimental/TextureGraph/TextureGraph.uplugin" 213
"../../../Engine/Plugins/Experimental/SVGImporter/SVGImporter.uplugin" 214
"../../../Engine/Plugins/Experimental/UIFramework/UIFramework.uplugin" 215
"../../../Engine/Plugins/Experimental/TextToSpeech/TextToSpeech.uplugin" 216
"../../../Engine/Plugins/Experimental/UserToolBoxBasicCommand/UserToolBoxBasicCommand.uplugin" 217
"../../../Engine/Plugins/Experimental/TextureMediaPlayer/TextureMediaPlayer.uplugin" 218
"../../../Engine/Plugins/Experimental/ToolPresets/ToolPresets.uplugin" 219
"../../../Engine/Plugins/Experimental/TetMeshing/TetMeshing.uplugin" 220
"../../../Engine/Plugins/Experimental/TargetDeviceServicesScripting/TargetDeviceServicesScripting.uplugin" 221
"../../../Engine/Plugins/Experimental/VirtualHeightfieldMesh/VirtualHeightfieldMesh.uplugin" 222
"../../../Engine/Plugins/Experimental/UserToolBoxCore/UserToolBoxCore.uplugin" 223
"../../../Engine/Plugins/Experimental/Volumetrics/Volumetrics.uplugin" 224
"../../../Engine/Plugins/Experimental/VirtualProductionUtilities/VirtualProductionUtilities.uplugin" 225
"../../../Engine/Plugins/Experimental/Water/Water.uplugin" 226
"../../../Engine/Plugins/Experimental/WaterExtras/WaterExtras.uplugin" 227
"../../../Engine/Plugins/Experimental/WaterAdvanced/WaterAdvanced.uplugin" 228
"../../../Engine/Plugins/Experimental/WidgetEditorToolPalette/WidgetEditorToolPalette.uplugin" 229
"../../../Engine/Plugins/Experimental/WebSocketNetworking/WebSocketNetworking.uplugin" 230
"../../../Engine/Plugins/Experimental/WebSocketMessaging/WebSocketMessaging.uplugin" 231
"../../../Engine/Plugins/Experimental/Workspace/Workspace.uplugin" 232
"../../../Engine/Plugins/Portal/LauncherChunkInstaller/LauncherChunkInstaller.uplugin" 233
"../../../Engine/Plugins/VirtualProduction/CameraCalibrationCore/CameraCalibrationCore.uplugin" 234
"../../../Engine/Plugins/VirtualProduction/CameraCalibration/CameraCalibration.uplugin" 235
"../../../Engine/Plugins/VirtualProduction/CameraCalibrationML/CameraCalibrationML.uplugin" 236
"../../../Engine/Plugins/VirtualProduction/DataCharts/DataCharts.uplugin" 237
"../../../Engine/Plugins/VirtualProduction/CompositePlane/CompositePlane.uplugin" 238
"../../../Engine/Plugins/Experimental/WaveFunctionCollapse/WaveFunctionCollapse.uplugin" 239
"../../../Engine/Plugins/VirtualProduction/ICVFX/ICVFX.uplugin" 240
"../../../Engine/Plugins/VirtualProduction/LensComponent/LensComponent.uplugin" 241
"../../../Engine/Plugins/VirtualProduction/EpicStageApp/EpicStageApp.uplugin" 242
"../../../Engine/Plugins/VirtualProduction/LiveLinkInputDevice/LiveLinkInputDevice.uplugin" 243
"../../../Engine/Plugins/VirtualProduction/LevelSnapshots/LevelSnapshots.uplugin" 244
"../../../Engine/Plugins/VirtualProduction/ICVFXTesting/ICVFXTesting.uplugin" 245
"../../../Engine/Plugins/Experimental/XRCreativeFramework/XRCreativeFramework.uplugin" 246
"../../../Engine/Plugins/VirtualProduction/LiveLinkCamera/LiveLinkCamera.uplugin" 247
"../../../Engine/Plugins/VirtualProduction/LiveLinkMasterLockit/LiveLinkMasterLockit.uplugin" 248
"../../../Engine/Plugins/VirtualProduction/LiveLinkFreeD/LiveLinkFreeD.uplugin" 249
"../../../Engine/Plugins/VirtualProduction/LiveLinkLens/LiveLinkLens.uplugin" 250
"../../../Engine/Plugins/VirtualProduction/LiveLinkVRPN/LiveLinkVRPN.uplugin" 251
"../../../Engine/Plugins/VirtualProduction/RemoteControl/RemoteControl.uplugin" 252
"../../../Engine/Plugins/VirtualProduction/RemoteControlProtocolMIDI/RemoteControlProtocolMIDI.uplugin" 253
"../../../Engine/Plugins/VirtualProduction/LiveLinkXR/LiveLinkXR.uplugin" 254
"../../../Engine/Plugins/VirtualProduction/RemoteControlInterception/RemoteControlInterception.uplugin" 255
"../../../Engine/Plugins/VirtualProduction/RemoteControlProtocolDMX/RemoteControlProtocolDMX.uplugin" 256
"../../../Engine/Plugins/VirtualProduction/MultiUserTakes/MultiUserTakes.uplugin" 257
"../../../Engine/Plugins/VirtualProduction/RemoteControlWebInterface/RemoteControlWebInterface.uplugin" 258
"../../../Engine/Plugins/VirtualProduction/RemoteControlProtocolOSC/RemoteControlProtocolOSC.uplugin" 259
"../../../Engine/Plugins/VirtualProduction/Switchboard/Switchboard.uplugin" 260
"../../../Engine/Plugins/VirtualProduction/SequencerPlaylists/SequencerPlaylists.uplugin" 261
"../../../Engine/Plugins/VirtualProduction/StageMonitoring/StageMonitoring.uplugin" 262
"../../../Engine/Plugins/VirtualProduction/TimedDataMonitor/TimedDataMonitor.uplugin" 263
"../../../Engine/Plugins/VirtualProduction/VirtualCameraCore/VirtualCameraCore.uplugin" 264
"../../../Engine/Plugins/VirtualProduction/Takes/Takes.uplugin" 265
"../../../Engine/Plugins/VirtualProduction/VirtualCamera/VirtualCamera.uplugin" 266
"../../../Engine/Plugins/VirtualProduction/TextureShare/TextureShare.uplugin" 267
"../../../Engine/Plugins/VirtualProduction/VirtualScouting/VirtualScouting.uplugin" 268
"../../../Engine/Plugins/VirtualProduction/CaptureData/CaptureData.uplugin" 269
"../../../Engine/Plugins/Interchange/Assets/InterchangeAssets.uplugin" 270
"../../../Engine/Plugins/Interchange/Editor/InterchangeEditor.uplugin" 271
"../../../Engine/Plugins/Messaging/TcpMessaging/TcpMessaging.uplugin" 272
"../../../Engine/Plugins/Messaging/MessagingDebugger/MessagingDebugger.uplugin" 273
"../../../Engine/Plugins/NetcodeUnitTest/NetcodeUnitTest/NetcodeUnitTest.uplugin" 274
"../../../Engine/Plugins/Messaging/UdpMessaging/UdpMessaging.uplugin" 275
"../../../Engine/Plugins/NetcodeUnitTest/NUTUnrealEngine/NUTUnrealEngine.uplugin" 276
"../../../Engine/Plugins/PCGInterops/PCGExternalDataInterop/PCGExternalDataInterop.uplugin" 277
"../../../Engine/Plugins/Protocols/MQTT/MQTT.uplugin" 278
"../../../Engine/Plugins/PCGInterops/PCGGeometryScriptInterop/PCGGeometryScriptInterop.uplugin" 279
"../../../Engine/Plugins/Tests/AutomationDriverTests/AutomationDriverTests.uplugin" 280
"../../../Engine/Plugins/Tests/CQTestEnhancedInput/CQTestEnhancedInput.uplugin" 281
"../../../Engine/Plugins/Tests/CQTest/CQTest.uplugin" 282
"../../../Engine/Plugins/Tests/FbxAutomationTestBuilder/FbxAutomationTestBuilder.uplugin" 283
"../../../Engine/Plugins/Tests/EditorTests/EditorTests.uplugin" 284
"../../../Engine/Plugins/Tests/FunctionalTestingEditor/FunctionalTestingEditor.uplugin" 285
"../../../Engine/Plugins/Tests/InterchangeTests/InterchangeTests.uplugin" 286
"../../../Engine/Plugins/Tests/PythonAutomationTest/PythonAutomationTest.uplugin" 287
"../../../Engine/Plugins/Tests/RHITests/RHITests.uplugin" 288
"../../../Engine/Plugins/Interchange/Runtime/Interchange.uplugin" 289
"../../../Engine/Plugins/Tests/TestSamples/TestSamples.uplugin" 290
"../../../Engine/Plugins/Tests/RuntimeTests/RuntimeTests.uplugin" 291
"../../../Engine/Plugins/Tests/TestFramework/TestFramework.uplugin" 292
"../../../Engine/Plugins/Online/EOSOverlayInputProvider/EOSOverlayInputProvider.uplugin" 293
"../../../Engine/Plugins/Online/EOSShared/EOSShared.uplugin" 294
"../../../Engine/Plugins/Web/HttpBlueprint/HttpBlueprint.uplugin" 295
"../../../Engine/Plugins/Online/OnlineBase/OnlineBase.uplugin" 296
"../../../Engine/Plugins/Tests/WidgetAutomationTests/WidgetAutomationTests.uplugin" 297
"../../../Engine/Plugins/Online/OnlineServicesEOS/OnlineServicesEOS.uplugin" 298
"../../../Engine/Plugins/Online/OnlineServices/OnlineServices.uplugin" 299
"../../../Engine/Plugins/Online/OnlineServicesOSSAdapter/OnlineServicesOSSAdapter.uplugin" 300
"../../../Engine/Plugins/Online/OnlineServicesNull/OnlineServicesNull.uplugin" 301
"../../../Engine/Plugins/Online/OnlineSubsystem/OnlineSubsystem.uplugin" 302
"../../../Engine/Plugins/Online/OnlineSubsystemAmazon/OnlineSubsystemAmazon.uplugin" 303
"../../../Engine/Plugins/Online/OnlineServicesEOSGS/OnlineServicesEOSGS.uplugin" 304
"../../../Engine/Plugins/Online/OnlineSubsystemApple/OnlineSubsystemApple.uplugin" 305
"../../../Engine/Plugins/Online/OnlineSubsystemEOS/OnlineSubsystemEOS.uplugin" 306
"../../../Engine/Plugins/Online/OnlineSubsystemGoogle/OnlineSubsystemGoogle.uplugin" 307
"../../../Engine/Plugins/VirtualProduction/LiveLinkPrestonMDR/LiveLinkPrestonMDR.uplugin" 308
"../../../Engine/Plugins/Online/OnlineSubsystemSteam/OnlineSubsystemSteam.uplugin" 309
"../../../Engine/Plugins/Online/OnlineSubsystemFacebook/OnlineSubsystemFacebook.uplugin" 310
"../../../Engine/Plugins/Online/OnlineSubsystemTencent/OnlineSubsystemTencent.uplugin" 311
"../../../Engine/Plugins/Online/OnlineSubsystemUtils/OnlineSubsystemUtils.uplugin" 312
"../../../Engine/Plugins/Online/WebAuth/WebAuth.uplugin" 313
"../../../Engine/Plugins/Online/SocketSubsystemEOS/SocketSubsystemEOS.uplugin" 314
"../../../Engine/Plugins/Runtime/ActorLayerUtilities/ActorLayerUtilities.uplugin" 315
"../../../Engine/Plugins/Runtime/AndroidFileServer/AndroidFileServer.uplugin" 316
"../../../Engine/Plugins/Runtime/ApexDestruction/ApexDestruction.uplugin" 317
"../../../Engine/Plugins/Runtime/AndroidDeviceProfileSelector/AndroidDeviceProfileSelector.uplugin" 318
"../../../Engine/Plugins/Runtime/AndroidMoviePlayer/AndroidMoviePlayer.uplugin" 319
"../../../Engine/Plugins/Runtime/AndroidPermission/AndroidPermission.uplugin" 320
"../../../Engine/Plugins/Runtime/AppleImageUtils/AppleImageUtils.uplugin" 321
"../../../Engine/Plugins/Runtime/AnimationBudgetAllocator/AnimationBudgetAllocator.uplugin" 322
"../../../Engine/Plugins/Online/OnlineFramework/OnlineFramework.uplugin" 323
"../../../Engine/Plugins/Runtime/AppleMoviePlayer/AppleMoviePlayer.uplugin" 324
"../../../Engine/Plugins/Runtime/AssetTags/AssetTags.uplugin" 325
"../../../Engine/Plugins/Runtime/AudioModulation/AudioModulation.uplugin" 326
"../../../Engine/Plugins/Runtime/AndroidBackgroundService/AndroidBackgroundService.uplugin" 327
"../../../Engine/Plugins/Runtime/AudioSynesthesia/AudioSynesthesia.uplugin" 328
"../../../Engine/Plugins/Runtime/ChunkDownloader/ChunkDownloader.uplugin" 329
"../../../Engine/Plugins/Runtime/AudioWidgets/AudioWidgets.uplugin" 330
"../../../Engine/Plugins/Runtime/ArchVisCharacter/ArchVisCharacter.uplugin" 331
"../../../Engine/Plugins/Runtime/AudioMotorSim/AudioMotorSim.uplugin" 332
"../../../Engine/Plugins/Runtime/ComputeFramework/ComputeFramework.uplugin" 333
"../../../Engine/Plugins/Runtime/CableComponent/CableComponent.uplugin" 334
"../../../Engine/Plugins/Runtime/CommonUI/CommonUI.uplugin" 335
"../../../Engine/Plugins/Runtime/ExampleDeviceProfileSelector/ExampleDeviceProfileSelector.uplugin" 336
"../../../Engine/Plugins/Runtime/Firebase/Firebase.uplugin" 337
"../../../Engine/Plugins/Runtime/CustomMeshComponent/CustomMeshComponent.uplugin" 338
"../../../Engine/Plugins/Runtime/GameInput/GameInput.uplugin" 339
"../../../Engine/Plugins/Online/OnlineSubsystemNull/OnlineSubsystemNull.uplugin" 340
"../../../Engine/Plugins/Runtime/GameplayAbilities/GameplayAbilities.uplugin" 341
"../../../Engine/Plugins/Runtime/GameplayBehaviorSmartObjects/GameplayBehaviorSmartObjects.uplugin" 342
"../../../Engine/Plugins/Runtime/GameplayStateTree/GameplayStateTree.uplugin" 343
"../../../Engine/Plugins/Runtime/GameplayInteractions/GameplayInteractions.uplugin" 344
"../../../Engine/Plugins/Runtime/GeometryCache/GeometryCache.uplugin" 345
"../../../Engine/Plugins/Runtime/GeometryProcessing/GeometryProcessing.uplugin" 346
"../../../Engine/Plugins/Runtime/GeoReferencing/GeoReferencing.uplugin" 347
"../../../Engine/Plugins/Runtime/GeometryScripting/GeometryScripting.uplugin" 348
"../../../Engine/Plugins/Runtime/DataRegistry/DataRegistry.uplugin" 349
"../../../Engine/Plugins/Runtime/GooglePAD/GooglePAD.uplugin" 350
"../../../Engine/Plugins/Runtime/AudioCapture/AudioCapture.uplugin" 351
"../../../Engine/Plugins/Runtime/HairStrands/HairStrands.uplugin" 352
"../../../Engine/Plugins/Runtime/HDRIBackdrop/HDRIBackdrop.uplugin" 353
"../../../Engine/Plugins/Runtime/HTTPChunkInstaller/HTTPChunkInstaller.uplugin" 354
"../../../Engine/Plugins/Runtime/InputDebugging/InputDebugging.uplugin" 355
"../../../Engine/Plugins/Runtime/HPMotionController/HPMotionController.uplugin" 356
"../../../Engine/Plugins/Runtime/GoogleCloudMessaging/GoogleCloudMessaging.uplugin" 357
"../../../Engine/Plugins/Runtime/IOSDeviceProfileSelector/IOSDeviceProfileSelector.uplugin" 358
"../../../Engine/Plugins/Runtime/LinuxDeviceProfileSelector/LinuxDeviceProfileSelector.uplugin" 359
"../../../Engine/Plugins/Runtime/IOSReplayKit/IOSReplayKit.uplugin" 360
"../../../Engine/Plugins/Runtime/LocationServicesAndroidImpl/LocationServicesAndroidImpl.uplugin" 361
"../../../Engine/Plugins/Runtime/LocationServicesBPLibrary/LocationServicesBPLibrary.uplugin" 362
"../../../Engine/Plugins/Runtime/LocationServicesIOSImpl/LocationServicesIOSImpl.uplugin" 363
"../../../Engine/Plugins/Runtime/GameFeatures/GameFeatures.uplugin" 364
"../../../Engine/Plugins/Runtime/Harmonix/Harmonix.uplugin" 365
"../../../Engine/Plugins/Runtime/LevelStreamingPersistence/LevelStreamingPersistence.uplugin" 366
"../../../Engine/Plugins/Runtime/MassGameplay/MassGameplay.uplugin" 367
"../../../Engine/Plugins/Runtime/LiveLinkOvernDisplay/LiveLinkOverNDisplay.uplugin" 368
"../../../Engine/Plugins/Runtime/MassEntity/MassEntity.uplugin" 369
"../../../Engine/Plugins/Runtime/InstancedActors/InstancedActors.uplugin" 370
"../../../Engine/Plugins/Runtime/MixedRealityCaptureFramework/MixedRealityCaptureFramework.uplugin" 371
"../../../Engine/Plugins/Runtime/MeshModelingToolset/MeshModelingToolset.uplugin" 372
"../../../Engine/Plugins/Runtime/MobileFSR/MobileFSR.uplugin" 373
"../../../Engine/Plugins/Runtime/MobilePatchingUtils/MobilePatchingUtils.uplugin" 374
"../../../Engine/Plugins/Runtime/MicrosoftSpatialAudio/MicroSoftSpatialSound.uplugin" 375
"../../../Engine/Plugins/Runtime/NavCorridor/NavCorridor.uplugin" 376
"../../../Engine/Plugins/Runtime/nDisplayModularFeatures/nDisplayModularFeatures.uplugin" 377
"../../../Engine/Plugins/Runtime/NetworkPrediction/NetworkPrediction.uplugin" 378
"../../../Engine/Plugins/Runtime/MsQuic/MsQuic.uplugin" 379
"../../../Engine/Plugins/Runtime/ModularGameplay/ModularGameplay.uplugin" 380
"../../../Engine/Plugins/Runtime/MIDIDevice/MIDIDevice.uplugin" 381
"../../../Engine/Plugins/Runtime/ModelViewViewModel/ModelViewViewModel.uplugin" 382
"../../../Engine/Plugins/Runtime/Metasound/Metasound.uplugin" 383
"../../../Engine/Plugins/Runtime/OpenXREyeTracker/OpenXREyeTracker.uplugin" 384
"../../../Engine/Plugins/Runtime/NetworkPredictionInsights/NetworkPredictionInsights.uplugin" 385
"../../../Engine/Plugins/Runtime/nDisplay/nDisplay.uplugin" 386
"../../../Engine/Plugins/Runtime/OpenXRMsftHandInteraction/OpenXRMsftHandInteraction.uplugin" 387
"../../../Engine/Plugins/Runtime/OpenCV/OpenCV.uplugin" 388
"../../../Engine/Plugins/Runtime/MultiServerReplication/MultiServerReplication.uplugin" 389
"../../../Engine/Plugins/Runtime/OpenXRHandTracking/OpenXRHandTracking.uplugin" 390
"../../../Engine/Plugins/Runtime/OpenXR/OpenXR.uplugin" 391
"../../../Engine/Plugins/Runtime/PreLoadScreenMoviePlayer/PreLoadScreenMoviePlayer.uplugin" 392
"../../../Engine/Plugins/Runtime/OpenXRViveTracker/OpenXRViveTracker.uplugin" 393
"../../../Engine/Plugins/Runtime/OSC/OSC.uplugin" 394
"../../../Engine/Plugins/Runtime/OptionalMobileFeaturesBPLibrary/OptionalMobileFeaturesBPLibrary.uplugin" 395
"../../../Engine/Plugins/Runtime/PropertyAccess/PropertyAccessEditor.uplugin" 396
"../../../Engine/Plugins/Runtime/PropertyBindingUtils/PropertyBindingUtils.uplugin" 397
"../../../Engine/Plugins/Runtime/ProceduralMeshComponent/ProceduralMeshComponent.uplugin" 398
"../../../Engine/Plugins/Runtime/ReplicationGraph/ReplicationGraph.uplugin" 399
"../../../Engine/Plugins/Runtime/ReplicationSystemTestPlugin/ReplicationSystemTestPlugin.uplugin" 400
"../../../Engine/Plugins/Runtime/RigVM/RigVM.uplugin" 401
"../../../Engine/Plugins/Runtime/ResonanceAudio/ResonanceAudio.uplugin" 402
"../../../Engine/Plugins/Runtime/SkeletalMerging/SkeletalMerging.uplugin" 403
"../../../Engine/Plugins/Runtime/SmartObjects/SmartObjects.uplugin" 404
"../../../Engine/Plugins/Runtime/SignificanceManager/SignificanceManager.uplugin" 405
"../../../Engine/Plugins/Runtime/SoundCueTemplates/SoundCueTemplates.uplugin" 406
"../../../Engine/Plugins/Runtime/SoundMod/SoundMod.uplugin" 407
"../../../Engine/Plugins/Runtime/SoundFields/SoundFields.uplugin" 408
"../../../Engine/Plugins/Runtime/Soundscape/Soundscape.uplugin" 409
"../../../Engine/Plugins/Runtime/SunPosition/SunPosition.uplugin" 410
"../../../Engine/Plugins/Runtime/Spatialization/Spatialization.uplugin" 411
"../../../Engine/Plugins/Runtime/NetworkPredictionExtras/NetworkPredictionExtras.uplugin" 412
"../../../Engine/Plugins/Runtime/ScriptableToolsFramework/ScriptableToolsFramework.uplugin" 413
"../../../Engine/Plugins/Runtime/Synthesis/Synthesis.uplugin" 414
"../../../Engine/Plugins/Runtime/SoundUtilities/SoundUtilities.uplugin" 415
"../../../Engine/Plugins/Runtime/WebBrowserNativeProxy/WebBrowserNativeProxy.uplugin" 416
"../../../Engine/Plugins/Runtime/RenderTrace/RenderTrace.uplugin" 417
"../../../Engine/Plugins/Runtime/USDCore/USDCore.uplugin" 418
"../../../Engine/Plugins/Runtime/StateTree/StateTree.uplugin" 419
"../../../Engine/Plugins/Runtime/WebMMoviePlayer/WebMMoviePlayer.uplugin" 420
"../../../Engine/Plugins/Runtime/WebBrowserWidget/WebBrowserWidget.uplugin" 421
"../../../Engine/Plugins/Runtime/WindowsDeviceProfileSelector/WindowsDeviceProfileSelector.uplugin" 422
"../../../Engine/Plugins/Runtime/WarpUtils/WarpUtils.uplugin" 423
"../../../Engine/Plugins/Runtime/WindowsMoviePlayer/WindowsMoviePlayer.uplugin" 424
"../../../Engine/Plugins/Runtime/WorldConditions/WorldConditions.uplugin" 425
"../../../Engine/Plugins/Runtime/WaveTable/WaveTable.uplugin" 426
"../../../Engine/Plugins/Runtime/ZoneGraphAnnotations/ZoneGraphAnnotations.uplugin" 427
"../../../Engine/Plugins/AI/HTNPlanner/HTNPlanner.uplugin" 428
"../../../Engine/Plugins/AI/MassAI/MassAI.uplugin" 429
"../../../Engine/Plugins/AI/EnvironmentQueryEditor/EnvironmentQueryEditor.uplugin" 430
"../../../Engine/Plugins/AI/MassCrowd/MassCrowd.uplugin" 431
"../../../Engine/Plugins/AI/AISupport/AISupport.uplugin" 432
"../../../Engine/Plugins/AI/MLAdapter/MLAdapter.uplugin" 433
"../../../Engine/Plugins/Animation/ACLPlugin/ACLPlugin.uplugin" 434
"../../../Engine/Plugins/Animation/AnimationLocomotionLibrary/AnimationLocomotionLibrary.uplugin" 435
"../../../Engine/Plugins/Animation/AnimationModifierLibrary/AnimationModifierLibrary.uplugin" 436
"../../../Engine/Plugins/Animation/AnimationData/AnimationData.uplugin" 437
"../../../Engine/Plugins/Animation/AnimatorKit/AnimatorKit.uplugin" 438
"../../../Engine/Plugins/Animation/BlendSpaceMotionAnalysis/BlendSpaceMotionAnalysis.uplugin" 439
"../../../Engine/Plugins/Animation/BlendStack/BlendStack.uplugin" 440
"../../../Engine/Plugins/Animation/ControlRig/ControlRig.uplugin" 441
"../../../Engine/Plugins/Animation/ControlRigSpline/ControlRigSpline.uplugin" 442
"../../../Engine/Plugins/Animation/DeformerGraph/DeformerGraph.uplugin" 443
"../../../Engine/Plugins/Animation/ControlRigModules/ControlRigModules.uplugin" 444
"../../../Engine/Plugins/Animation/GameplayInsights/GameplayInsights.uplugin" 445
"../../../Engine/Plugins/Animation/IKRig/IKRig.uplugin" 446
"../../../Engine/Plugins/Animation/LiveLinkCurveDebugUI/LiveLinkCurveDebugUI.uplugin" 447
"../../../Engine/Plugins/Animation/LiveLinkHub/LiveLinkHub.uplugin" 448
"../../../Engine/Plugins/Animation/LiveLink/LiveLink.uplugin" 449
"../../../Engine/Plugins/Runtime/ZoneGraph/ZoneGraph.uplugin" 450
"../../../Engine/Plugins/Animation/PerformanceCaptureCore/PerformanceCaptureCore.uplugin" 451
"../../../Engine/Plugins/Animation/PoseSearch/PoseSearch.uplugin" 452
"../../../Engine/Plugins/Developer/AnimationSharing/AnimationSharing.uplugin" 453
"../../../Engine/Plugins/Animation/AnimationWarping/AnimationWarping.uplugin" 454
"../../../Engine/Plugins/Compression/OodleNetwork/OodleNetwork.uplugin" 455
"../../../Engine/Plugins/Animation/RigLogic/RigLogic.uplugin" 456
"../../../Engine/Plugins/Runtime/XRBase/XRBase.uplugin" 457
"../../../Engine/Plugins/Developer/CLionSourceCodeAccess/CLionSourceCodeAccess.uplugin" 458
"../../../Engine/Plugins/Developer/BlankPlugin/BlankPlugin.uplugin" 459
"../../../Engine/Plugins/Developer/NullSourceCodeAccess/NullSourceCodeAccess.uplugin" 460
"../../../Engine/Plugins/Developer/N10XSourceCodeAccess/N10XSourceCodeAccess.uplugin" 461
"../../../Engine/Plugins/Developer/GitSourceControl/GitSourceControl.uplugin" 462
"../../../Engine/Plugins/Animation/MotionWarping/MotionWarping.uplugin" 463
"../../../Engine/Plugins/Developer/PerforceSourceControl/PerforceSourceControl.uplugin" 464
"../../../Engine/Plugins/Developer/OneSkyLocalizationService/OneSkyLocalizationService.uplugin" 465
"../../../Engine/Plugins/Developer/PixWinPlugin/PixWinPlugin.uplugin" 466
"../../../Engine/Plugins/Developer/RiderSourceCodeAccess/RiderSourceCodeAccess.uplugin" 467
"../../../Engine/Plugins/Developer/RenderDocPlugin/RenderDocPlugin.uplugin" 468
"../../../Engine/Plugins/Developer/DumpGPUServices/DumpGPUServices.uplugin" 469
"../../../Engine/Plugins/Developer/SubversionSourceControl/SubversionSourceControl.uplugin" 470
"../../../Engine/Plugins/Developer/TextureFormatOodle/TextureFormatOodle.uplugin" 471
"../../../Engine/Plugins/2D/Paper2D/Paper2D.uplugin" 472
"../../../Engine/Plugins/Developer/PluginUtils/PluginUtils.uplugin" 473
"../../../Engine/Plugins/Developer/PlasticSourceControl/PlasticSourceControl.uplugin" 474
"../../../Engine/Plugins/Developer/PropertyAccessNode/PropertyAccessNode.uplugin" 475
"../../../Engine/Plugins/Developer/TraceDataFiltering/TraceDataFilters.uplugin" 476
"../../../Engine/Plugins/Developer/FieldNotificationTrace/FieldNotificationTrace.uplugin" 477
"../../../Engine/Plugins/Developer/VisualStudioCodeSourceCodeAccess/VisualStudioCodeSourceCodeAccess.uplugin" 478
"../../../Engine/Plugins/Developer/UObjectPlugin/UObjectPlugin.uplugin" 479
"../../../Engine/Plugins/Developer/XcodeGPUDebuggerPlugin/XcodeGPUDebuggerPlugin.uplugin" 480
"../../../Engine/Plugins/Developer/VisualStudioSourceCodeAccess/VisualStudioSourceCodeAccess.uplugin" 481
"../../../Engine/Plugins/Developer/XCodeSourceCodeAccess/XCodeSourceCodeAccess.uplugin" 482
"../../../Engine/Plugins/Developer/KDevelopSourceCodeAccess/KDevelopSourceCodeAccess.uplugin" 483
"../../../Engine/Plugins/Developer/TraceSourceFiltering/TraceSourceFilters.uplugin" 484
"../../../Engine/Plugins/Enterprise/AxFImporter/AxFImporter.uplugin" 485
"../../../Engine/Plugins/Enterprise/DataprepEditor/DataprepEditor.uplugin" 486
"../../../Engine/Plugins/Enterprise/DatasmithCADImporter/DatasmithCADImporter.uplugin" 487
"../../../Engine/Plugins/Enterprise/DatasmithC4DImporter/DatasmithC4DImporter.uplugin" 488
"../../../Engine/Plugins/Enterprise/DatasmithFBXImporter/DatasmithFBXImporter.uplugin" 489
"../../../Engine/Plugins/Enterprise/GLTFExporter/GLTFExporter.uplugin" 490
"../../../Engine/Plugins/Enterprise/DatasmithImporter/DatasmithImporter.uplugin" 491
"../../../Engine/Plugins/Enterprise/LidarPointCloud/LidarPointCloud.uplugin" 492
"../../../Engine/Plugins/Enterprise/DatasmithContent/DatasmithContent.uplugin" 493
"../../../Engine/Plugins/FX/CascadeToNiagaraConverter/CascadeToNiagaraConverter.uplugin" 494
"../../../Engine/Plugins/Enterprise/VariantManagerContent/VariantManagerContent.uplugin" 495
"../../../Engine/Plugins/FX/Niagara/Niagara.uplugin" 496
"../../../Engine/Plugins/FX/NiagaraMRQ/NiagaraMRQ.uplugin" 497
"../../../Engine/Plugins/Enterprise/VariantManager/VariantManager.uplugin" 498
"../../../Engine/Plugins/Importers/USDImporter/USDImporter.uplugin" 499
"../../../Engine/Plugins/Importers/AlembicHairImporter/AlembicHairImporter.uplugin" 500
"../../../Engine/Plugins/Importers/AlembicImporter/AlembicImporter.uplugin" 501
"../../../Engine/Plugins/Media/AndroidCamera/AndroidCamera.uplugin" 502
"../../../Engine/Plugins/FX/NiagaraSimCaching/NiagaraSimCaching.uplugin" 503
"../../../Engine/Plugins/Media/AndroidMedia/AndroidMedia.uplugin" 504
"../../../Engine/Plugins/Importers/USDMultiUser/USDMultiUser.uplugin" 505
"../../../Engine/Plugins/Media/AvidDNxHDDecoderElectra/AvidDNxHDDecoderElectra.uplugin" 506
"../../../Engine/Plugins/Media/AppleProResDecoderElectra/AppleProResDecoderElectra.uplugin" 507
"../../../Engine/Plugins/Media/AvidDNxMedia/AvidDNxMedia.uplugin" 508
"../../../Engine/Plugins/Media/AppleProResMedia/AppleProResMedia.uplugin" 509
"../../../Engine/Plugins/Media/AudioCaptureTimecodeProvider/AudioCaptureTimecodeProvider.uplugin" 510
"../../../Engine/Plugins/Media/AjaMedia/AjaMedia.uplugin" 511
"../../../Engine/Plugins/Media/BinkMedia/BinkMedia.uplugin" 512
"../../../Engine/Plugins/Media/BlackmagicMedia/BlackmagicMedia.uplugin" 513
"../../../Engine/Plugins/Media/D3D12VideoDecodersElectra/D3D12VideoDecodersElectra.uplugin" 514
"../../../Engine/Plugins/Media/ElectraUtil/ElectraUtil.uplugin" 515
"../../../Engine/Plugins/Media/ElectraCDM/ElectraCDM.uplugin" 516
"../../../Engine/Plugins/Media/ElectraCodecs/ElectraCodecs.uplugin" 517
"../../../Engine/Plugins/Media/ElectraSubtitles/ElectraSubtitles.uplugin" 518
"../../../Engine/Plugins/Media/AvfMedia/AvfMedia.uplugin" 519
"../../../Engine/Plugins/Media/FlacDecoderElectra/FlacDecoderElectra.uplugin" 520
"../../../Engine/Plugins/FX/ExampleCustomDataInterface/ExampleCustomDataInterface.uplugin" 521
"../../../Engine/Plugins/Media/HAPDecoderElectra/HAPDecoderElectra.uplugin" 522
"../../../Engine/Plugins/Media/HAPMedia/HAPMedia.uplugin" 523
"../../../Engine/Plugins/Media/ImgMedia/ImgMedia.uplugin" 524
"../../../Engine/Plugins/Developer/CodeLiteSourceCodeAccess/CodeLiteSourceCodeAccess.uplugin" 525
"../../../Engine/Plugins/Media/HardwareEncoders/HardwareEncoders.uplugin" 526
"../../../Engine/Plugins/Media/LinearTimecode/LinearTimecode.uplugin" 527
"../../../Engine/Plugins/Media/MediaFrameworkUtilities/MediaFrameworkUtilities.uplugin" 528
"../../../Engine/Plugins/Media/MediaMovieStreamer/MediaMovieStreamer.uplugin" 529
"../../../Engine/Plugins/Enterprise/MDLImporter/MDLImporter.uplugin" 530
"../../../Engine/Plugins/Media/MfMedia/MfMedia.uplugin" 531
"../../../Engine/Plugins/Media/MediaCompositing/MediaCompositing.uplugin" 532
"../../../Engine/Plugins/Media/OpusDecoderElectra/OpusDecoderElectra.uplugin" 533
"../../../Engine/Plugins/Media/NDIMedia/NDIMedia.uplugin" 534
"../../../Engine/Plugins/Media/PixelCapture/PixelCapture.uplugin" 535
"../../../Engine/Plugins/Media/PixelStreaming2/PixelStreaming2.uplugin" 536
"../../../Engine/Plugins/Media/TimecodeSynchronizer/TimecodeSynchronizer.uplugin" 537
"../../../Engine/Plugins/MovieScene/ActorSequence/ActorSequence.uplugin" 538
"../../../Engine/Plugins/MovieScene/LevelSequenceEditor/LevelSequenceEditor.uplugin" 539
"../../../Engine/Plugins/MovieScene/CustomizableSequencerTracks/CustomizableSequencerTracks.uplugin" 540
"../../../Engine/Plugins/Media/WebMMedia/WebMMedia.uplugin" 541
"../../../Engine/Plugins/Media/MediaIOFramework/MediaIOFramework.uplugin" 542
"../../../Engine/Plugins/MovieScene/MoviePipelineMaskRenderPass/MoviePipelineMaskRenderPass.uplugin" 543
"../../../Engine/Plugins/Media/VPxDecoderElectra/VPxDecoderElectra.uplugin" 544
"../../../Engine/Plugins/MovieScene/ReplayTracks/ReplayTracks.uplugin" 545
"../../../Engine/Plugins/Media/WmfMedia/WmfMedia.uplugin" 546
"../../../Engine/Plugins/MovieScene/SequencerScripting/SequencerScripting.uplugin" 547
"../../../Engine/Plugins/Media/PixelStreaming/PixelStreaming.uplugin" 548
"../../../Engine/Plugins/MovieScene/MovieSceneTextTrack/MovieSceneTextTrack.uplugin" 549
"../../../Engine/Plugins/NNE/NNERuntimeORT/NNERuntimeORT.uplugin" 550
"../../../Engine/Plugins/Slate/SlateInsights/SlateInsights.uplugin" 551
"../../../Engine/Plugins/Media/MediaPlayerEditor/MediaPlayerEditor.uplugin" 552
"../../../Engine/Plugins/MovieScene/TemplateSequence/TemplateSequence.uplugin" 553
"../../../Engine/Plugins/Slate/SlateScripting/SlateScripting.uplugin" 554
"../../../Engine/Plugins/Performance/PerformanceMonitor/PerformanceMonitor.uplugin" 555
"../../../Engine/Plugins/NNE/NNEDenoiser/NNEDenoiser.uplugin" 556
"../../../Engine/Plugins/Media/MediaPlate/MediaPlate.uplugin" 557
"../../../Engine/Plugins/FX/NiagaraFluids/NiagaraFluids.uplugin" 558
"../../../Engine/Plugins/Media/ElectraPlayer/ElectraPlayer.uplugin" 559
"../../../Engine/Plugins/Performance/AutomatedPerfTesting/AutomatedPerfTesting.uplugin" 560
"../../../Engine/Plugins/Editor/ContentBrowser/ContentBrowserAliasDataSource/ContentBrowserAliasDataSource.uplugin" 561
"../../../Engine/Plugins/Editor/ContentBrowser/ContentBrowserAssetDataSource/ContentBrowserAssetDataSource.uplugin" 562
"../../../Engine/Plugins/Editor/ContentBrowser/ContentBrowserClassDataSource/ContentBrowserClassDataSource.uplugin" 563
"../../../Engine/Plugins/Editor/ObjectMixer/ObjectMixer/ObjectMixer.uplugin" 564
"../../../Engine/Plugins/Runtime/PacketHandlers/AESGCMHandlerComponent/AESGCMHandlerComponent.uplugin" 565
"../../../Engine/Plugins/Experimental/CharacterFXEditor/ExampleCharacterFXEditor/ExampleCharacterFXEditor.uplugin" 566
"../../../Engine/Plugins/Runtime/PacketHandlers/AESHandlerComponent/AESHandlerComponent.uplugin" 567
"../../../Engine/Plugins/Animation/MLDeformer/ChaosClothGenerator/ChaosClothGenerator.uplugin" 568
"../../../Engine/Plugins/MovieScene/MovieRenderPipeline/MovieRenderPipeline.uplugin" 569
"../../../Engine/Plugins/Editor/ContentBrowser/ContentBrowserFileDataSource/ContentBrowserFileDataSource.uplugin" 570
"../../../Engine/Plugins/Animation/MLDeformer/ChaosFleshGenerator/ChaosFleshGenerator.uplugin" 571
"../../../Engine/Plugins/Animation/MLDeformer/NearestNeighborModel/NearestNeighborModel.uplugin" 572
"../../../Engine/Plugins/Animation/MLDeformer/NeuralMorphModel/NeuralMorphModel.uplugin" 573
"../../../Engine/Plugins/Editor/ObjectMixer/LightMixer/LightMixer.uplugin" 574
"../../../Engine/Plugins/Runtime/PacketHandlers/DTLSHandlerComponent/DTLSHandlerComponent.uplugin" 575
"../../../Engine/Plugins/Runtime/Nvidia/GeForceNOWWrapper/GeForceNOWWrapper.uplugin" 576
"../../../Engine/Plugins/Experimental/Compositing/HoldoutComposite/HoldoutComposite.uplugin" 577
"../../../Engine/Plugins/Runtime/Nvidia/Reflex/Reflex.uplugin" 578
"../../../Engine/Plugins/Experimental/VirtualProduction/LedWallCalibration/LedWallCalibration.uplugin" 579
"../../../Engine/Plugins/Runtime/Database/ADOSupport/ADOSupport.uplugin" 580
"../../../Engine/Plugins/Experimental/VirtualProduction/VPRoles/VPRoles.uplugin" 581
"../../../Engine/Plugins/Animation/MLDeformer/VertexDeltaModel/VertexDeltaModel.uplugin" 582
"../../../Engine/Plugins/Runtime/Database/RemoteDatabaseSupport/RemoteDatabaseSupport.uplugin" 583
"../../../Engine/Plugins/Experimental/CharacterFXEditor/BaseCharacterFXEditor/BaseCharacterFXEditor.uplugin" 584
"../../../Engine/Plugins/Runtime/Steam/SteamController/SteamController.uplugin" 585
"../../../Engine/Plugins/Runtime/Steam/SteamShared/SteamShared.uplugin" 586
"../../../Engine/Plugins/Runtime/Database/SQLiteCore/SQLiteCore.uplugin" 587
"../../../Engine/Plugins/Experimental/VirtualProduction/VPSettings/VPSettings.uplugin" 588
"../../../Engine/Plugins/Runtime/Steam/SteamAudio/SteamAudio.uplugin" 589
"../../../Engine/Plugins/Animation/MLDeformer/MLDeformerFramework/MLDeformerFramework.uplugin" 590
"../../../Engine/Plugins/Runtime/Steam/SteamSockets/SteamSockets.uplugin" 591
"../../../Engine/Plugins/Editor/Localization/PortableObjectFileDataSource/PortableObjectFileDataSource.uplugin" 592
"../../../Engine/Plugins/Runtime/Database/SQLiteSupport/SQLiteSupport.uplugin" 593
"../../../Engine/Plugins/Experimental/AVCodecs/NVCodecs/NVCodecs.uplugin" 594
"../../../Engine/Plugins/Experimental/AVCodecs/VTCodecs/VTCodecs.uplugin" 595
"../../../Engine/Plugins/Runtime/MeshReconstruction/DummyMeshReconstructor/DummyMeshReconstructor.uplugin" 596
"../../../Engine/Plugins/VirtualProduction/DMX/DMXControlConsole/DMXControlConsole.uplugin" 597
"../../../Engine/Plugins/Experimental/AVCodecs/AVCodecsCore/AVCodecsCore.uplugin" 598
"../../../Engine/Plugins/VirtualProduction/DMX/DMXDisplayCluster/DMXDisplayCluster.uplugin" 599
"../../../Engine/Plugins/VirtualProduction/DMX/DatasmithMVR/DatasmithMVR.uplugin" 600
"../../../Engine/Plugins/VirtualProduction/DMX/DMXEngine/DMXEngine.uplugin" 601
"../../../Engine/Plugins/VirtualProduction/DMX/DMXGDTF/DMXGDTF.uplugin" 602
"../../../Engine/Plugins/VirtualProduction/DMX/DMXFixtures/DMXFixtures.uplugin" 603
"../../../Engine/Plugins/VirtualProduction/DMX/DMXModularFeatures/DMXModularFeatures.uplugin" 604
"../../../Engine/Plugins/VirtualProduction/DMX/DMXProtocol/DMXProtocol.uplugin" 605
"../../../Engine/Plugins/VirtualProduction/DMX/DMXPixelMapping/DMXPixelMapping.uplugin" 606
"../../../Engine/Plugins/Online/VoiceChat/VoiceChat/VoiceChat.uplugin" 607
"../../../Engine/Plugins/Experimental/AVCodecs/WMFCodecs/WMFCodecs.uplugin" 608
"../../../Engine/Plugins/Experimental/Enterprise/DatasmithInterchange/DatasmithInterchange.uplugin" 609
"../../../Engine/Plugins/Experimental/Enterprise/DataprepGeometryOperations/DataprepGeometryOperations.uplugin" 610
"../../../Engine/Plugins/Runtime/Database/DatabaseSupport/DatabaseSupport.uplugin" 611
"../../../Engine/Plugins/Experimental/Enterprise/DatasmithRuntime/DatasmithRuntime.uplugin" 612
"../../../Engine/Plugins/Experimental/MetaHuman/MetaHumanSDK/MetaHumanSDK.uplugin" 613
"../../../Engine/Plugins/Experimental/AVCodecs/AMFCodecs/AMFCodecs.uplugin" 614
"../../../Engine/Plugins/VirtualProduction/Rivermax/RivermaxCore/RivermaxCore.uplugin" 615
"../../../Engine/Plugins/Online/Android/AndroidFetchBackgroundDownload/AndroidFetchBackgroundDownload.uplugin" 616
"../../../Engine/Plugins/VirtualProduction/Rivermax/RivermaxMedia/RivermaxMedia.uplugin" 617
"../../../Engine/Plugins/Online/Android/OnlineSubsystemGooglePlay/OnlineSubsystemGooglePlay.uplugin" 618
"../../../Engine/Plugins/Runtime/Analytics/Adjust/Adjust.uplugin" 619
"../../../Engine/Plugins/Runtime/Analytics/AnalyticsBlueprintLibrary/AnalyticsBlueprintLibrary.uplugin" 620
"../../../Engine/Plugins/Runtime/Analytics/AnalyticsMulticast/AnalyticsMulticast.uplugin" 621
"../../../Engine/Plugins/Runtime/Analytics/FileLogging/FileLogging.uplugin" 622
"../../../Engine/Plugins/Runtime/Analytics/Flurry/Flurry.uplugin" 623
"../../../Engine/Plugins/Runtime/AR/ARUtilities/ARUtilities.uplugin" 624
"../../../Engine/Plugins/Runtime/XR/XRScribe/XRScribe.uplugin" 625
"../../../Engine/Plugins/Runtime/XR/XRVisualization/XRVisualization.uplugin" 626
"../../../Engine/Plugins/Experimental/PCGInterops/PCGWaterInterop/PCGWaterInterop.uplugin" 627
"../../../Engine/Plugins/Online/IOS/OnlineSubsystemIOS/OnlineSubsystemIOS.uplugin" 628
"../../../Engine/Plugins/Online/VoiceChat/EOSVoiceChat/EOSVoiceChat.uplugin" 629
"../../../Engine/Plugins/Runtime/Windows/WinDualShock/WinDualShock.uplugin" 630
"../../../Engine/Plugins/Runtime/Advertising/IOSTapJoy/IOSTapJoy.uplugin" 631
"../../../Engine/Plugins/Experimental/PCGInterops/PCGNiagaraInterop/PCGNiagaraInterop.uplugin" 632
"../../../Engine/Plugins/Developer/Concert/ConcertMain/ConcertMain.uplugin" 633
"../../../Engine/Plugins/VirtualProduction/Rivermax/RivermaxSync/RivermaxSync.uplugin" 634
"../../../Engine/Plugins/Runtime/Windows/XInputDevice/XInputDevice.uplugin" 635
"../../../Engine/Plugins/Experimental/Animation/CurveExpression/CurveExpression.uplugin" 636
"../../../Engine/Plugins/Experimental/Animation/MotionTrajectory/MotionTrajectory.uplugin" 637
"../../../Engine/Plugins/Experimental/Animation/Optimus/Optimus.uplugin" 638
"../../../Engine/Plugins/Experimental/MetaHuman/MetaHumanRuntime/MetaHumanRuntime.uplugin" 639
"../../../Engine/Plugins/Experimental/Animation/HierarchyTableBuiltin/HierarchyTableBuiltin.uplugin" 640
"../../../Engine/Plugins/Experimental/Animation/HierarchyTable/HierarchyTable.uplugin" 641
"../../../Engine/Plugins/Experimental/Animation/ContextualAnimation/ContextualAnimation.uplugin" 642
"../../../Engine/Plugins/Experimental/Animation/SkeletalMeshModelingTools/SkeletalMeshModelingTools.uplugin" 643
"../../../Engine/Plugins/Experimental/Web/WebAPI/WebAPI.uplugin" 644
"../../../Engine/Plugins/Developer/Concert/ConcertInsights/ConcertInsightsClient/ConcertInsightsClient.uplugin" 645
"../../../Engine/Plugins/Developer/Concert/ConcertApp/MultiUserClient/MultiUserClient.uplugin" 646
"../../../Engine/Plugins/Developer/Concert/ConcertApp/DisasterRecoveryClient/DisasterRecoveryClient.uplugin" 647
"../../../Engine/Plugins/Experimental/AVCodecs/LibVpxCodecs/LibVpxCodecs.uplugin" 648
"../../../Engine/Plugins/Developer/Concert/ConcertInsights/ConcertInsightsVisualizer/ConcertInsightsVisualizer.uplugin" 649
"../../../Engine/Plugins/Developer/Concert/ConcertInsights/ConcertInsightsCore/ConcertInsightsCore.uplugin" 650
"../../../Engine/Plugins/Developer/Concert/ConcertApp/MultiUserServer/MultiUserServer.uplugin" 651
"../../../Engine/Plugins/Runtime/AR/Google/GoogleARCoreServices/GoogleARCoreServices.uplugin" 652
"../../../Engine/Plugins/Developer/Concert/ConcertSync/ConcertSyncClient/ConcertSyncClient.uplugin" 653
"../../../Engine/Plugins/Developer/Concert/ConcertSync/ConcertSyncCore/ConcertSyncCore.uplugin" 654
"../../../Engine/Plugins/Developer/Concert/ConcertSync/ConcertSyncServer/ConcertSyncServer.uplugin" 655
"../../../Engine/Plugins/Runtime/AR/Google/GoogleARCore/GoogleARCore.uplugin" 656
"../../../Engine/Plugins/Developer/Concert/ConcertSync/ConcertSyncTest/ConcertSyncTest.uplugin" 657
"../../../Engine/Plugins/Developer/Concert/ConcertInsights/ConcertInsightsServer/ConcertInsightsServer.uplugin" 658
"../../../Engine/Plugins/Developer/Concert/ConcertUI/ConcertSharedSlate/ConcertSharedSlate.uplugin" 659
"../../../Engine/Plugins/Developer/Concert/ConcertUI/ConcertClientSharedSlate/ConcertClientSharedSlate.uplugin" 660
"../../../Engine/Plugins/Runtime/AR/AppleAR/AppleARKit/AppleARKit.uplugin" 661
"../../../Engine/Plugins/Runtime/AR/AppleAR/AppleARKitFaceSupport/AppleARKitFaceSupport.uplugin" 662
"../../../Engine/Plugins/Developer/Concert/ConcertScripting/ConcertReplicationScripting/ConcertReplicationScripting.uplugin" 663
"../../../Engine/Content/Internationalization/icudt64l/cnvalias.icu" 664
"../../../Engine/Content/Internationalization/icudt64l/res_index.res" 665
"../../../Engine/Content/Internationalization/icudt64l/plurals.res" 666
"../../../Engine/Content/Internationalization/icudt64l/lang/pl.res" 667
"../../../Engine/Content/Internationalization/icudt64l/lang/pool.res" 668
"../../../Engine/Content/Internationalization/icudt64l/lang/root.res" 669
"../../../Engine/Content/Internationalization/icudt64l/region/pl.res" 670
"../../../Engine/Content/Internationalization/icudt64l/region/pool.res" 671
"../../../Engine/Content/Internationalization/icudt64l/region/root.res" 672
"../../../Engine/Content/Internationalization/icudt64l/lang/en.res" 673
"../../../Engine/Content/Internationalization/icudt64l/region/en.res" 674
"../../../Engine/Content/Internationalization/icudt64l/windowsZones.res" 675
"../../../Engine/Content/Internationalization/icudt64l/zoneinfo64.res" 676
"../../../Engine/Content/Internationalization/icudt64l/keyTypeData.res" 677
"../../../Engine/Content/Internationalization/icudt64l/timezoneTypes.res" 678
"../../../Engine/Content/Internationalization/icudt64l/likelySubtags.res" 679
"../../../Engine/Content/Internationalization/icudt64l/pl_PL.res" 680
"../../../Engine/Content/Internationalization/icudt64l/pool.res" 681
"../../../Engine/Content/Internationalization/icudt64l/pl.res" 682
"../../../Engine/Content/Internationalization/icudt64l/root.res" 683
"../../../Engine/Content/Internationalization/icudt64l/supplementalData.res" 684
"../../../Engine/Config/ConfigRedirects.ini" 685
"C:/Users/Domin/AppData/Local/UnrealEngine/5.5/Saved/Config/WindowsEditor/Manifest.ini" 686
"../../../Engine/Config/BaseEngine.ini" 687
"../../../Engine/Config/Windows/BaseWindowsEngine.ini" 688
"../../../../../../Repos/Unreal_stealth/Unreal_stealth_proj/Stealth_game/Config/DefaultEngine.ini" 689
"../../../Engine/Config/Windows/WindowsEngine.ini" 690
"../../../Engine/Config/BaseGame.ini" 691
"../../../../../../Repos/Unreal_stealth/Unreal_stealth_proj/Stealth_game/Config/DefaultGame.ini" 692
"../../../Engine/Config/Windows/WindowsGame.ini" 693
"C:/Repos/Unreal_stealth/Unreal_stealth_proj/Stealth_game/Saved/Config/WindowsEditor/Game.ini" 694
"../../../Engine/Config/BaseInput.ini" 695
"../../../Engine/Config/Windows/BaseWindowsInput.ini" 696
"../../../../../../Repos/Unreal_stealth/Unreal_stealth_proj/Stealth_game/Config/DefaultInput.ini" 697
"../../../Engine/Config/Windows/WindowsInput.ini" 698
"C:/Repos/Unreal_stealth/Unreal_stealth_proj/Stealth_game/Saved/Config/WindowsEditor/Input.ini" 699
"../../../Engine/Config/BaseDeviceProfiles.ini" 700
"../../../Engine/Config/BaseGameUserSettings.ini" 701
"C:/Repos/Unreal_stealth/Unreal_stealth_proj/Stealth_game/Saved/Config/WindowsEditor/GameUserSettings.ini" 702
"../../../Engine/Config/BaseScalability.ini" 703
"../../../Engine/Config/BaseRuntimeOptions.ini" 704
"../../../Engine/Config/BaseInstallBundle.ini" 705
"../../../Engine/Config/BaseHardware.ini" 706
"../../../Engine/Config/BaseLightmass.ini" 707
"../../../Engine/Config/BaseEditor.ini" 708
"../../../../../../Repos/Unreal_stealth/Unreal_stealth_proj/Stealth_game/Config/DefaultEditor.ini" 709
"C:/Repos/Unreal_stealth/Unreal_stealth_proj/Stealth_game/Saved/Config/WindowsEditor/Editor.ini" 710
"../../../Engine/Config/BaseEditorPerProjectUserSettings.ini" 711
"../../../../../../Repos/Unreal_stealth/Unreal_stealth_proj/Stealth_game/Config/DefaultEditorPerProjectUserSettings.ini" 712
"../../../Engine/Config/Windows/WindowsEditorPerProjectUserSettings.ini" 713
"C:/Repos/Unreal_stealth/Unreal_stealth_proj/Stealth_game/Saved/Config/WindowsEditor/EditorPerProjectUserSettings.ini" 714
"../../../Engine/Config/BaseEditorSettings.ini" 715
"C:/Users/Domin/AppData/Local/UnrealEngine/5.5/Saved/Config/WindowsEditor/EditorSettings.ini" 716
"../../../Engine/Config/BaseEditorKeyBindings.ini" 717
"../../../Engine/Config/Android/BaseAndroidEngine.ini" 718
"../../../Engine/Config/Mac/BaseMacEngine.ini" 719
"../../../Engine/Config/IOS/BaseIOSEngine.ini" 720
"../../../Engine/Config/LinuxArm64/BaseLinuxArm64Engine.ini" 721
"../../../Engine/Config/Android/AndroidEngine.ini" 722
"../../../Engine/Config/Linux/BaseLinuxEngine.ini" 723
"../../../Engine/Config/Unix/UnixEngine.ini" 724
"../../../Engine/Config/TVOS/TVOSEngine.ini" 725
"../../../Engine/Config/LinuxArm64/LinuxArm64Engine.ini" 726
"../../../Engine/Config/Linux/LinuxEngine.ini" 727
"../../../Engine/Binaries/Win64/BootstrapPackagedGame-Win64-Shipping.target" 728
"../../../Engine/Binaries/Win64/BuildPatchTool-Win64-Shipping.target" 729
"../../../Engine/Binaries/Win64/CrashReportClient-Win64-Shipping.target" 730
"../../../Engine/Config/IOS/BaseIOSGame.ini" 731
"../../../Engine/Config/Android/BaseAndroidGame.ini" 732
"../../../Engine/Binaries/Win64/CrashReportClientEditor-Win64-Shipping.target" 733
"../../../Engine/Config/Mac/MacGame.ini" 734
"../../../Engine/Config/IOS/IOSGame.ini" 735
"../../../Engine/Binaries/Win64/DatasmithCADWorker.target" 736
"../../../Engine/Binaries/Win64/EpicWebHelper-Win64-Shipping.target" 737
"../../../Engine/Binaries/Win64/InterchangeWorker.target" 738
"../../../Engine/Binaries/Win64/LiveCodingConsole.target" 739
"../../../Engine/Config/Mac/BaseMacInput.ini" 740
"../../../Engine/Binaries/Win64/LiveLinkHub.target" 741
"../../../Engine/Config/Linux/LinuxGame.ini" 742
"../../../Engine/Config/Android/AndroidScalability.ini" 743
"../../../Engine/Config/IOS/IOSScalability.ini" 744
"../../../Engine/Config/Android/BaseAndroidInstallBundle.ini" 745
"../../../Engine/Config/IOS/BaseIOSInstallBundle.ini" 746
"../../../Engine/Platforms/VisionOS/Config/BaseVisionOSEngine.ini" 747
"../../../Engine/Platforms/VisionOS/Config/VisionOSEngine.ini" 748
"../../../Engine/Binaries/Win64/ShaderCompileWorker.target" 749
"../../../Engine/Binaries/Win64/SwitchboardListener.target" 750
"../../../Engine/Binaries/Win64/SwitchboardListenerHelper.target" 751
"../../../Engine/Binaries/Win64/UnrealEditor-Win64-DebugGame.target" 752
"../../../Engine/Binaries/Win64/UnrealEditor.target" 753
"../../../Engine/Config/PluginBase.ini" 754
"../../../Engine/Plugins/ChaosVD/Config/DefaultChaosVD.ini" 755
"../../../Engine/Plugins/EnhancedInput/Config/BaseEnhancedInput.ini" 756
"../../../Engine/Plugins/Fab/Config/BaseFab.ini" 757
"../../../Engine/Plugins/TraceUtilities/Config/BaseTraceUtilities.ini" 758
"../../../Engine/Plugins/Cameras/GameplayCameras/Config/BaseGameplayCameras.ini" 759
"../../../Engine/Plugins/Editor/EditorScriptingUtilities/Config/BaseEditorScriptingUtilities.ini" 760
"../../../Engine/Plugins/Experimental/FullBodyIK/Config/BaseFullBodyIK.ini" 761
"../../../Engine/Plugins/Experimental/ToolPresets/Config/BaseToolPresets.ini" 762
"../../../Engine/Plugins/VirtualProduction/Takes/Config/BaseTakes.ini" 763
"../../../Engine/Plugins/Interchange/Assets/Config/BaseInterchangeAssets.ini" 764
"../../../Engine/Plugins/Interchange/Runtime/Config/BaseInterchange.ini" 765
"../../../Engine/Plugins/Runtime/HairStrands/Config/BaseHairStrands.ini" 766
"../../../Engine/Plugins/Runtime/Metasound/Config/BaseMetasound.ini" 767
"../../../Engine/Plugins/Runtime/Metasound/Config/DefaultMetasound.ini" 768
"../../../Engine/Plugins/Runtime/RigVM/Config/BaseRigVM.ini" 769
"../../../Engine/Plugins/Runtime/Synthesis/Config/BaseSynthesis.ini" 770
"../../../Engine/Plugins/Runtime/StateTree/Config/BaseStateTree.ini" 771
"../../../Engine/Plugins/Runtime/USDCore/Config/BaseUSDCore.ini" 772
"../../../Engine/Plugins/2D/Paper2D/Config/BasePaper2D.ini" 773
"../../../Engine/Plugins/Animation/ControlRig/Config/BaseControlRig.ini" 774
"../../../Engine/Plugins/Animation/DeformerGraph/Config/BaseDeformerGraph.ini" 775
"../../../Engine/Plugins/Animation/IKRig/Config/BaseIKRig.ini" 776
"../../../Engine/Plugins/Animation/LiveLink/Config/BaseLiveLink.ini" 777
"../../../Engine/Plugins/Enterprise/DatasmithContent/Config/BaseDatasmithContent.ini" 778
"../../../Engine/Plugins/Enterprise/GLTFExporter/Config/BaseGLTFExporter.ini" 779
"../../../Engine/Plugins/Enterprise/GLTFExporter/Config/DefaultGLTFExporter.ini" 780
"../../../Engine/Plugins/Enterprise/VariantManagerContent/Config/BaseVariantManagerContent.ini" 781
"../../../Engine/Plugins/FX/Niagara/Config/BaseNiagara.ini" 782
"../../../Engine/Plugins/Experimental/Compositing/HoldoutComposite/Config/BaseHoldoutComposite.ini" 783
"../../../Engine/Plugins/Experimental/MetaHuman/MetaHumanSDK/Config/BaseMetaHumanSDK.ini" 784
"../../../Engine/Plugins/Developer/Concert/ConcertSync/ConcertSyncCore/Config/BaseConcertSyncCore.ini" 785
"../../../Engine/Plugins/ChaosVD/Config/Engine.ini" 786
"../../../Engine/Plugins/EnhancedInput/Config/Input.ini" 787
"../../../Engine/Plugins/Runtime/InputDebugging/Config/Input.ini" 788
"../../../Engine/Plugins/Runtime/RigVM/Config/Editor.ini" 789
"../../../Engine/Plugins/NNE/NNEDenoiser/Config/Game.ini" 790
"../../../Engine/Plugins/Runtime/Windows/XInputDevice/Config/Input.ini" 791
"../../../Engine/Plugins/Editor/ModelingToolsEditorMode/Binaries/Win64/UnrealEditor.modules" 792
"../../../Engine/Plugins/Runtime/MeshModelingToolset/Binaries/Win64/UnrealEditor.modules" 793
"../../../Engine/Plugins/Experimental/MeshModelingToolsetExp/Binaries/Win64/UnrealEditor.modules" 794
"../../../Engine/Plugins/Editor/MeshLODToolset/Binaries/Win64/UnrealEditor.modules" 795
"../../../Engine/Plugins/Experimental/ToolPresets/Binaries/Win64/UnrealEditor.modules" 796
"../../../Engine/Plugins/Editor/StylusInput/Binaries/Win64/UnrealEditor.modules" 797
"../../../Engine/Plugins/Runtime/GeometryProcessing/Binaries/Win64/UnrealEditor.modules" 798
"../../../Engine/Plugins/Editor/ProxyLODPlugin/Binaries/Win64/UnrealEditor.modules" 799
"../../../Engine/Plugins/Experimental/PlanarCutPlugin/Binaries/Win64/UnrealEditor.modules" 800
"../../../Engine/Plugins/Experimental/GeometryFlow/Binaries/Win64/UnrealEditor.modules" 801
"../../../Engine/Plugins/Editor/EditorScriptingUtilities/Binaries/Win64/UnrealEditor.modules" 802
"../../../Engine/Plugins/Bridge/Binaries/Win64/UnrealEditor.modules" 803
"../../../Engine/Plugins/Experimental/MetaHuman/MetaHumanSDK/Binaries/Win64/UnrealEditor.modules" 804
"../../../Engine/Plugins/Animation/ControlRig/Binaries/Win64/UnrealEditor.modules" 805
"../../../Engine/Plugins/Runtime/HairStrands/Binaries/Win64/UnrealEditor.modules" 806
"../../../Engine/Plugins/Animation/RigLogic/Binaries/Win64/UnrealEditor.modules" 807
"../../../Engine/Plugins/Runtime/RigVM/Binaries/Win64/UnrealEditor.modules" 808
"../../../Engine/Plugins/Experimental/PythonScriptPlugin/Binaries/Win64/UnrealEditor.modules" 809
"../../../Engine/Plugins/MovieScene/LevelSequenceEditor/Binaries/Win64/UnrealEditor.modules" 810
"../../../Engine/Plugins/Runtime/PropertyAccess/Binaries/Win64/UnrealEditor.modules" 811
"../../../Engine/Plugins/MovieScene/SequencerScripting/Binaries/Win64/UnrealEditor.modules" 812
"../../../Engine/Plugins/FX/Niagara/Binaries/Win64/UnrealEditor.modules" 813
"../../../Engine/Plugins/Runtime/GeometryCache/Binaries/Win64/UnrealEditor.modules" 814
"../../../Engine/Plugins/Animation/DeformerGraph/Binaries/Win64/UnrealEditor.modules" 815
"../../../Engine/Plugins/Editor/ContentBrowser/ContentBrowserFileDataSource/Binaries/Win64/UnrealEditor.modules" 816
"../../../Engine/Plugins/Runtime/ComputeFramework/Binaries/Win64/UnrealEditor.modules" 817
"../../../Engine/Plugins/ChaosCloth/Binaries/Win64/UnrealEditor.modules" 818
"../../../Engine/Plugins/Experimental/ChaosCaching/Binaries/Win64/UnrealEditor.modules" 819
"../../../Engine/Plugins/VirtualProduction/Takes/Binaries/Win64/UnrealEditor.modules" 820
"../../../Engine/Plugins/Runtime/AudioCapture/Binaries/Win64/UnrealEditor.modules" 821
"../../../Engine/Plugins/ChaosVD/Binaries/Win64/UnrealEditor.modules" 822
"../../../Engine/Plugins/CmdLinkServer/Binaries/Win64/UnrealEditor.modules" 823
"../../../Engine/Plugins/EnhancedInput/Binaries/Win64/UnrealEditor.modules" 824
"../../../Engine/Plugins/Editor/DataValidation/Binaries/Win64/UnrealEditor.modules" 825
"../../../Engine/Plugins/Fab/Binaries/Win64/UnrealEditor.modules" 826
"../../../Engine/Plugins/Interchange/Runtime/Binaries/Win64/UnrealEditor.modules" 827
"../../../Engine/Plugins/Online/EOSShared/Binaries/Win64/UnrealEditor.modules" 828
"../../../Engine/Plugins/Runtime/USDCore/Binaries/Win64/UnrealEditor.modules" 829
"../../../Engine/Plugins/Enterprise/VariantManagerContent/Binaries/Win64/UnrealEditor.modules" 830
"../../../Engine/Plugins/Enterprise/VariantManager/Binaries/Win64/UnrealEditor.modules" 831
"../../../Engine/Plugins/Animation/LiveLink/Binaries/Win64/UnrealEditor.modules" 832
"../../../Engine/Plugins/Developer/Concert/ConcertSync/ConcertSyncClient/Binaries/Win64/UnrealEditor.modules" 833
"../../../Engine/Plugins/Editor/ContentBrowser/ContentBrowserAssetDataSource/Binaries/Win64/UnrealEditor.modules" 834
"../../../Engine/Plugins/Developer/Concert/ConcertSync/ConcertSyncCore/Binaries/Win64/UnrealEditor.modules" 835
"../../../Engine/Plugins/Developer/Concert/ConcertMain/Binaries/Win64/UnrealEditor.modules" 836
"../../../Engine/Plugins/Runtime/Database/SQLiteCore/Binaries/Win64/UnrealEditor.modules" 837
"../../../Engine/Plugins/FastBuildController/Binaries/Win64/UnrealEditor.modules" 838
"../../../Engine/Plugins/MeshPainting/Binaries/Win64/UnrealEditor.modules" 839
"../../../Engine/Plugins/Interchange/Editor/Binaries/Win64/UnrealEditor.modules" 840
"../../../Engine/Plugins/RenderGraphInsights/Binaries/Win64/UnrealEditor.modules" 841
"../../../Engine/Plugins/TraceUtilities/Binaries/Win64/UnrealEditor.modules" 842
"../../../Engine/Plugins/UbaController/Binaries/Win64/UnrealEditor.modules" 843
"../../../Engine/Plugins/WorldMetrics/Binaries/Win64/UnrealEditor.modules" 844
"../../../Engine/Plugins/XGEController/Binaries/Win64/UnrealEditor.modules" 845
"../../../Engine/Plugins/Cameras/CameraShakePreviewer/Binaries/Win64/UnrealEditor.modules" 846
"../../../Engine/Plugins/Cameras/GameplayCameras/Binaries/Win64/UnrealEditor.modules" 847
"../../../Engine/Plugins/Runtime/StateTree/Binaries/Win64/UnrealEditor.modules" 848
"../../../Engine/Plugins/MovieScene/TemplateSequence/Binaries/Win64/UnrealEditor.modules" 849
"../../../Engine/Plugins/Cameras/EngineCameras/Binaries/Win64/UnrealEditor.modules" 850
"../../../Engine/Plugins/Editor/AssetManagerEditor/Binaries/Win64/UnrealEditor.modules" 851
"../../../Engine/Plugins/Editor/BlueprintHeaderView/Binaries/Win64/UnrealEditor.modules" 852
"../../../Engine/Plugins/Editor/ChangelistReview/Binaries/Win64/UnrealEditor.modules" 853
"../../../Engine/Plugins/Editor/ColorGrading/Binaries/Win64/UnrealEditor.modules" 854
"../../../Engine/Plugins/Editor/ObjectMixer/ObjectMixer/Binaries/Win64/UnrealEditor.modules" 855
"../../../Engine/Plugins/Editor/CurveEditorTools/Binaries/Win64/UnrealEditor.modules" 856
"../../../Engine/Plugins/Editor/CryptoKeys/Binaries/Win64/UnrealEditor.modules" 857
"../../../Engine/Plugins/Editor/EditorDebugTools/Binaries/Win64/UnrealEditor.modules" 858
"../../../Engine/Plugins/Editor/EngineAssetDefinitions/Binaries/Win64/UnrealEditor.modules" 859
"../../../Engine/Plugins/Editor/FacialAnimation/Binaries/Win64/UnrealEditor.modules" 860
"../../../Engine/Plugins/Editor/GameplayTagsEditor/Binaries/Win64/UnrealEditor.modules" 861
"../../../Engine/Plugins/Editor/GeometryMode/Binaries/Win64/UnrealEditor.modules" 862
"../../../Engine/Plugins/Editor/MaterialAnalyzer/Binaries/Win64/UnrealEditor.modules" 863
"../../../Engine/Plugins/Editor/MobileLauncherProfileWizard/Binaries/Win64/UnrealEditor.modules" 864
"../../../Engine/Plugins/Editor/PluginBrowser/Binaries/Win64/UnrealEditor.modules" 865
"../../../Engine/Plugins/Developer/PluginUtils/Binaries/Win64/UnrealEditor.modules" 866
"../../../Engine/Plugins/Editor/SequencerAnimTools/Binaries/Win64/UnrealEditor.modules" 867
"../../../Engine/Plugins/Editor/SpeedTreeImporter/Binaries/Win64/UnrealEditor.modules" 868
"../../../Engine/Plugins/Editor/UVEditor/Binaries/Win64/UnrealEditor.modules" 869
"../../../Engine/Plugins/Editor/UMGWidgetPreview/Binaries/Win64/UnrealEditor.modules" 870
"../../../Engine/Plugins/Editor/WorldPartitionHLODUtilities/Binaries/Win64/UnrealEditor.modules" 871
"../../../Engine/Plugins/Experimental/AdvancedRenamer/Binaries/Win64/UnrealEditor.modules" 872
"../../../Engine/Plugins/Experimental/AutomationUtils/Binaries/Win64/UnrealEditor.modules" 873
"../../../Engine/Plugins/Experimental/BackChannel/Binaries/Win64/UnrealEditor.modules" 874
"../../../Engine/Plugins/Experimental/ChaosEditor/Binaries/Win64/UnrealEditor.modules" 875
"../../../Engine/Plugins/Experimental/GeometryCollectionPlugin/Binaries/Win64/UnrealEditor.modules" 876
"../../../Engine/Plugins/Experimental/Fracture/Binaries/Win64/UnrealEditor.modules" 877
"../../../Engine/Plugins/Runtime/ProceduralMeshComponent/Binaries/Win64/UnrealEditor.modules" 878
"../../../Engine/Plugins/Experimental/ChaosSolverPlugin/Binaries/Win64/UnrealEditor.modules" 879
"../../../Engine/Plugins/Experimental/Dataflow/Binaries/Win64/UnrealEditor.modules" 880
"../../../Engine/Plugins/Experimental/CharacterFXEditor/BaseCharacterFXEditor/Binaries/Win64/UnrealEditor.modules" 881
"../../../Engine/Plugins/Experimental/ChaosNiagara/Binaries/Win64/UnrealEditor.modules" 882
"../../../Engine/Plugins/Experimental/ChaosUserDataPT/Binaries/Win64/UnrealEditor.modules" 883
"../../../Engine/Plugins/Experimental/CharacterAI/Binaries/Win64/UnrealEditor.modules" 884
"../../../Engine/Plugins/Experimental/EditorPerformance/Binaries/Win64/UnrealEditor.modules" 885
"../../../Engine/Plugins/Experimental/StudioTelemetry/Binaries/Win64/UnrealEditor.modules" 886
"../../../Engine/Plugins/Experimental/EditorTelemetry/Binaries/Win64/UnrealEditor.modules" 887
"../../../Engine/Plugins/Experimental/EditorDataStorage/Binaries/Win64/UnrealEditor.modules" 888
"../../../Engine/Plugins/Experimental/LocalizableMessage/Binaries/Win64/UnrealEditor.modules" 889
"../../../Engine/Plugins/Experimental/NFORDenoise/Binaries/Win64/UnrealEditor.modules" 890
"../../../Engine/Plugins/Experimental/PlatformCrypto/Binaries/Win64/UnrealEditor.modules" 891
"../../../Engine/Plugins/Experimental/SkeletalReduction/Binaries/Win64/UnrealEditor.modules" 892
"../../../Engine/Plugins/Portal/LauncherChunkInstaller/Binaries/Win64/UnrealEditor.modules" 893
"../../../Engine/Plugins/Messaging/TcpMessaging/Binaries/Win64/UnrealEditor.modules" 894
"../../../Engine/Plugins/Messaging/UdpMessaging/Binaries/Win64/UnrealEditor.modules" 895
"../../../Engine/Plugins/Tests/InterchangeTests/Binaries/Win64/UnrealEditor.modules" 896
"../../../Engine/Plugins/Online/OnlineBase/Binaries/Win64/UnrealEditor.modules" 897
"../../../Engine/Plugins/Online/OnlineSubsystem/Binaries/Win64/UnrealEditor.modules" 898
"../../../Engine/Plugins/Online/OnlineSubsystemNull/Binaries/Win64/UnrealEditor.modules" 899
"../../../Engine/Plugins/Online/OnlineSubsystemUtils/Binaries/Win64/UnrealEditor.modules" 900
"../../../Engine/Plugins/Online/OnlineServices/Binaries/Win64/UnrealEditor.modules" 901
"../../../Engine/Plugins/Runtime/ActorLayerUtilities/Binaries/Win64/UnrealEditor.modules" 902
"../../../Engine/Plugins/Runtime/AndroidDeviceProfileSelector/Binaries/Win64/UnrealEditor.modules" 903
"../../../Engine/Plugins/Runtime/AndroidFileServer/Binaries/Win64/UnrealEditor.modules" 904
"../../../Engine/Plugins/Runtime/AndroidPermission/Binaries/Win64/UnrealEditor.modules" 905
"../../../Engine/Plugins/Runtime/AppleImageUtils/Binaries/Win64/UnrealEditor.modules" 906
"../../../Engine/Plugins/Runtime/ArchVisCharacter/Binaries/Win64/UnrealEditor.modules" 907
"../../../Engine/Plugins/Runtime/AssetTags/Binaries/Win64/UnrealEditor.modules" 908
"../../../Engine/Plugins/Runtime/ChunkDownloader/Binaries/Win64/UnrealEditor.modules" 909
"../../../Engine/Plugins/Runtime/CableComponent/Binaries/Win64/UnrealEditor.modules" 910
"../../../Engine/Plugins/Runtime/ExampleDeviceProfileSelector/Binaries/Win64/UnrealEditor.modules" 911
"../../../Engine/Plugins/Runtime/CustomMeshComponent/Binaries/Win64/UnrealEditor.modules" 912
"../../../Engine/Plugins/Runtime/GooglePAD/Binaries/Win64/UnrealEditor.modules" 913
"../../../Engine/Plugins/Runtime/InputDebugging/Binaries/Win64/UnrealEditor.modules" 914
"../../../Engine/Plugins/Runtime/LocationServicesBPLibrary/Binaries/Win64/UnrealEditor.modules" 915
"../../../Engine/Plugins/Runtime/MobilePatchingUtils/Binaries/Win64/UnrealEditor.modules" 916
"../../../Engine/Plugins/Runtime/MsQuic/Binaries/Win64/UnrealEditor.modules" 917
"../../../Engine/Plugins/Runtime/Metasound/Binaries/Win64/UnrealEditor.modules" 918
"../../../Engine/Plugins/Runtime/AudioWidgets/Binaries/Win64/UnrealEditor.modules" 919
"../../../Engine/Plugins/Runtime/AudioSynesthesia/Binaries/Win64/UnrealEditor.modules" 920
"../../../Engine/Plugins/Runtime/WaveTable/Binaries/Win64/UnrealEditor.modules" 921
"../../../Engine/Plugins/Runtime/ResonanceAudio/Binaries/Win64/UnrealEditor.modules" 922
"../../../Engine/Plugins/Runtime/SoundFields/Binaries/Win64/UnrealEditor.modules" 923
"../../../Engine/Plugins/Runtime/Synthesis/Binaries/Win64/UnrealEditor.modules" 924
"../../../Engine/Plugins/Runtime/WebMMoviePlayer/Binaries/Win64/UnrealEditor.modules" 925
"../../../Engine/Plugins/Media/WebMMedia/Binaries/Win64/UnrealEditor.modules" 926
"../../../Engine/Plugins/Runtime/WindowsDeviceProfileSelector/Binaries/Win64/UnrealEditor.modules" 927
"../../../Engine/Plugins/Runtime/WindowsMoviePlayer/Binaries/Win64/UnrealEditor.modules" 928
"../../../Engine/Plugins/AI/EnvironmentQueryEditor/Binaries/Win64/UnrealEditor.modules" 929
"../../../Engine/Plugins/AI/AISupport/Binaries/Win64/UnrealEditor.modules" 930
"../../../Engine/Plugins/2D/Paper2D/Binaries/Win64/UnrealEditor.modules" 931
"../../../Engine/Plugins/Animation/ACLPlugin/Binaries/Win64/UnrealEditor.modules" 932
"../../../Engine/Plugins/Animation/AnimationModifierLibrary/Binaries/Win64/UnrealEditor.modules" 933
"../../../Engine/Plugins/Animation/AnimationData/Binaries/Win64/UnrealEditor.modules" 934
"../../../Engine/Plugins/Animation/BlendSpaceMotionAnalysis/Binaries/Win64/UnrealEditor.modules" 935
"../../../Engine/Plugins/Animation/ControlRigSpline/Binaries/Win64/UnrealEditor.modules" 936
"../../../Engine/Plugins/Animation/IKRig/Binaries/Win64/UnrealEditor.modules" 937
"../../../Engine/Plugins/Experimental/FullBodyIK/Binaries/Win64/UnrealEditor.modules" 938
"../../../Engine/Plugins/Developer/AnimationSharing/Binaries/Win64/UnrealEditor.modules" 939
"../../../Engine/Plugins/Runtime/SignificanceManager/Binaries/Win64/UnrealEditor.modules" 940
"../../../Engine/Plugins/Compression/OodleNetwork/Binaries/Win64/UnrealEditor.modules" 941
"../../../Engine/Plugins/Developer/CLionSourceCodeAccess/Binaries/Win64/UnrealEditor.modules" 942
"../../../Engine/Plugins/Developer/N10XSourceCodeAccess/Binaries/Win64/UnrealEditor.modules" 943
"../../../Engine/Plugins/Developer/GitSourceControl/Binaries/Win64/UnrealEditor.modules" 944
"../../../Engine/Plugins/Developer/PerforceSourceControl/Binaries/Win64/UnrealEditor.modules" 945
"../../../Engine/Plugins/Developer/PixWinPlugin/Binaries/Win64/UnrealEditor.modules" 946
"../../../Engine/Plugins/Developer/RiderSourceCodeAccess/Binaries/Win64/UnrealEditor.modules" 947
"../../../Engine/Plugins/Developer/RenderDocPlugin/Binaries/Win64/UnrealEditor.modules" 948
"../../../Engine/Plugins/Developer/DumpGPUServices/Binaries/Win64/UnrealEditor.modules" 949
"../../../Engine/Plugins/Developer/TextureFormatOodle/Binaries/Win64/UnrealEditor.modules" 950
"../../../Engine/Plugins/Developer/SubversionSourceControl/Binaries/Win64/UnrealEditor.modules" 951
"../../../Engine/Plugins/Developer/PropertyAccessNode/Binaries/Win64/UnrealEditor.modules" 952
"../../../Engine/Plugins/Developer/PlasticSourceControl/Binaries/Win64/UnrealEditor.modules" 953
"../../../Engine/Plugins/Developer/VisualStudioCodeSourceCodeAccess/Binaries/Win64/UnrealEditor.modules" 954
"../../../Engine/Plugins/Developer/UObjectPlugin/Binaries/Win64/UnrealEditor.modules" 955
"../../../Engine/Plugins/Developer/VisualStudioSourceCodeAccess/Binaries/Win64/UnrealEditor.modules" 956
"../../../Engine/Plugins/Enterprise/DatasmithContent/Binaries/Win64/UnrealEditor.modules" 957
"../../../Engine/Plugins/Enterprise/GLTFExporter/Binaries/Win64/UnrealEditor.modules" 958
"../../../Engine/Plugins/Importers/AlembicImporter/Binaries/Win64/UnrealEditor.modules" 959
"../../../Engine/Plugins/FX/NiagaraSimCaching/Binaries/Win64/UnrealEditor.modules" 960
"../../../Engine/Plugins/Media/AndroidMedia/Binaries/Win64/UnrealEditor.modules" 961
"../../../Engine/Plugins/Media/AvfMedia/Binaries/Win64/UnrealEditor.modules" 962
"../../../Engine/Plugins/Media/ImgMedia/Binaries/Win64/UnrealEditor.modules" 963
"../../../Engine/Plugins/Media/MediaPlayerEditor/Binaries/Win64/UnrealEditor.modules" 964
"../../../Engine/Plugins/Media/MediaCompositing/Binaries/Win64/UnrealEditor.modules" 965
"../../../Engine/Plugins/Media/MediaPlate/Binaries/Win64/UnrealEditor.modules" 966
"../../../Engine/Plugins/Experimental/Compositing/HoldoutComposite/Binaries/Win64/UnrealEditor.modules" 967
"../../../Engine/Plugins/MovieScene/ActorSequence/Binaries/Win64/UnrealEditor.modules" 968
"../../../Engine/Plugins/Media/WmfMedia/Binaries/Win64/UnrealEditor.modules" 969
"../../../Engine/Plugins/NNE/NNEDenoiser/Binaries/Win64/UnrealEditor.modules" 970
"../../../Engine/Plugins/NNE/NNERuntimeORT/Binaries/Win64/UnrealEditor.modules" 971
"../../../Engine/Plugins/Editor/ContentBrowser/ContentBrowserClassDataSource/Binaries/Win64/UnrealEditor.modules" 972
"../../../Engine/Plugins/Editor/ObjectMixer/LightMixer/Binaries/Win64/UnrealEditor.modules" 973
"../../../Engine/Plugins/Editor/Localization/PortableObjectFileDataSource/Binaries/Win64/UnrealEditor.modules" 974
"../../../Engine/Plugins/Runtime/Windows/XInputDevice/Binaries/Win64/UnrealEditor.modules" 975
"../../../Engine/Plugins/Experimental/Animation/SkeletalMeshModelingTools/Binaries/Win64/UnrealEditor.modules" 976
"../../../Engine/Config/BaseSourceControlSettings.ini" 977
"../../../Engine/Content/Internationalization/icudt64l/coll/ucadata.icu" 978
"../../../Engine/Content/Internationalization/icudt64l/coll/pl.res" 979
"../../../Engine/Content/Internationalization/icudt64l/coll/root.res" 980
"../../../Engine/Content/Certificates/ThirdParty/cacert.pem" 981
"../../../Engine/Config/ConsoleVariables.ini" 982
"../../../Engine/Binaries/Win64/Android/UnrealEditor.modules" 983
"../../../Engine/Binaries/Win64/IOS/UnrealEditor.modules" 984
"../../../Engine/Binaries/Win64/Linux/UnrealEditor.modules" 985
"../../../Engine/Binaries/Win64/LinuxArm64/UnrealEditor.modules" 986
"../../../Engine/Content/Localization/Editor/en/Editor.locres" 987
"../../../Engine/Content/Localization/EditorTutorials/en/EditorTutorials.locres" 988
"../../../Engine/Content/Localization/Keywords/en/Keywords.locres" 989
"../../../Engine/Content/Localization/Category/en/Category.locres" 990
"../../../Engine/Content/Localization/ToolTips/en/ToolTips.locres" 991
"../../../Engine/Content/Localization/PropertyNames/en/PropertyNames.locres" 992
"../../../Engine/Content/Localization/Engine/en/Engine.locres" 993
"../../../Engine/Plugins/Online/OnlineSubsystem/Content/Localization/OnlineSubsystem/en/OnlineSubsystem.locres" 994
"../../../Engine/Plugins/Online/OnlineSubsystemUtils/Content/Localization/OnlineSubsystemUtils/en/OnlineSubsystemUtils.locres" 995
"../../../Engine/Plugins/Online/Android/OnlineSubsystemGooglePlay/Content/Localization/OnlineSubsystemGooglePlay/en/OnlineSubsystemGooglePlay.locres" 996
"../../../Engine/Plugins/Online/IOS/OnlineSubsystemIOS/Content/Localization/OnlineSubsystemIOS/en/OnlineSubsystemIOS.locres" 997
"../../../Engine/Content/Internationalization/icudt64l/en.res" 998
"../../../Engine/Content/Internationalization/icudt64l/numberingSystems.res" 999
"../../../Engine/Content/Internationalization/icudt64l/curr/en.res" 1000
"../../../Engine/Content/Internationalization/icudt64l/curr/pool.res" 1001
"../../../Engine/Content/Internationalization/icudt64l/curr/root.res" 1002
"../../../Engine/Content/Internationalization/icudt64l/lang/af.res" 1003
"../../../Engine/Content/Internationalization/icudt64l/region/af.res" 1004
"../../../Engine/Content/Internationalization/icudt64l/lang/agq.res" 1005
"../../../Engine/Content/Internationalization/icudt64l/region/agq.res" 1006
"../../../Engine/Content/Internationalization/icudt64l/lang/ak.res" 1007
"../../../Engine/Content/Internationalization/icudt64l/region/ak.res" 1008
"../../../Engine/Content/Internationalization/icudt64l/lang/am.res" 1009
"../../../Engine/Content/Internationalization/icudt64l/region/am.res" 1010
"../../../Engine/Content/Internationalization/icudt64l/lang/ar.res" 1011
"../../../Engine/Content/Internationalization/icudt64l/region/ar.res" 1012
"../../../Engine/Content/Internationalization/icudt64l/region/ar_AE.res" 1013
"../../../Engine/Content/Internationalization/icudt64l/lang/ar_EG.res" 1014
"../../../Engine/Content/Internationalization/icudt64l/lang/ar_LY.res" 1015
"../../../Engine/Content/Internationalization/icudt64l/region/ar_LY.res" 1016
"../../../Engine/Content/Internationalization/icudt64l/lang/ar_SA.res" 1017
"../../../Engine/Content/Internationalization/icudt64l/region/ar_SA.res" 1018
"../../../Engine/Content/Internationalization/icudt64l/lang/as.res" 1019
"../../../Engine/Content/Internationalization/icudt64l/region/as.res" 1020
"../../../Engine/Content/Internationalization/icudt64l/lang/asa.res" 1021
"../../../Engine/Content/Internationalization/icudt64l/region/asa.res" 1022
"../../../Engine/Content/Internationalization/icudt64l/lang/ast.res" 1023
"../../../Engine/Content/Internationalization/icudt64l/region/ast.res" 1024
"../../../Engine/Content/Internationalization/icudt64l/lang/az.res" 1025
"../../../Engine/Content/Internationalization/icudt64l/lang/az_Cyrl.res" 1026
"../../../Engine/Content/Internationalization/icudt64l/lang/az_AZ.res" 1027
"../../../Engine/Content/Internationalization/icudt64l/lang/az_Latn_AZ.res" 1028
"../../../Engine/Content/Internationalization/icudt64l/lang/az_Latn.res" 1029
"../../../Engine/Content/Internationalization/icudt64l/region/az_AZ.res" 1030
"../../../Engine/Content/Internationalization/icudt64l/region/az_Latn_AZ.res" 1031
"../../../Engine/Content/Internationalization/icudt64l/region/az_Latn.res" 1032
"../../../Engine/Content/Internationalization/icudt64l/region/az.res" 1033
"../../../Engine/Content/Internationalization/icudt64l/region/az_Cyrl.res" 1034
"../../../Engine/Content/Internationalization/icudt64l/lang/bas.res" 1035
"../../../Engine/Content/Internationalization/icudt64l/region/bas.res" 1036
"../../../Engine/Content/Internationalization/icudt64l/lang/be.res" 1037
"../../../Engine/Content/Internationalization/icudt64l/region/be.res" 1038
"../../../Engine/Content/Internationalization/icudt64l/lang/bem.res" 1039
"../../../Engine/Content/Internationalization/icudt64l/region/bem.res" 1040
"../../../Engine/Content/Internationalization/icudt64l/lang/bez.res" 1041
"../../../Engine/Content/Internationalization/icudt64l/region/bez.res" 1042
"../../../Engine/Content/Internationalization/icudt64l/lang/bg.res" 1043
"../../../Engine/Content/Internationalization/icudt64l/region/bg.res" 1044
"../../../Engine/Content/Internationalization/icudt64l/lang/bm.res" 1045
"../../../Engine/Content/Internationalization/icudt64l/region/bm.res" 1046
"../../../Engine/Content/Internationalization/icudt64l/lang/bn.res" 1047
"../../../Engine/Content/Internationalization/icudt64l/region/bn.res" 1048
"../../../Engine/Content/Internationalization/icudt64l/lang/bn_IN.res" 1049
"../../../Engine/Content/Internationalization/icudt64l/region/bn_IN.res" 1050
"../../../Engine/Content/Internationalization/icudt64l/lang/bo.res" 1051
"../../../Engine/Content/Internationalization/icudt64l/region/bo.res" 1052
"../../../Engine/Content/Internationalization/icudt64l/region/bo_IN.res" 1053
"../../../Engine/Content/Internationalization/icudt64l/lang/br.res" 1054
"../../../Engine/Content/Internationalization/icudt64l/region/br.res" 1055
"../../../Engine/Content/Internationalization/icudt64l/lang/brx.res" 1056
"../../../Engine/Content/Internationalization/icudt64l/region/brx.res" 1057
"../../../Engine/Content/Internationalization/icudt64l/lang/bs.res" 1058
"../../../Engine/Content/Internationalization/icudt64l/lang/bs_Cyrl.res" 1059
"../../../Engine/Content/Internationalization/icudt64l/lang/bs_BA.res" 1060
"../../../Engine/Content/Internationalization/icudt64l/lang/bs_Latn_BA.res" 1061
"../../../Engine/Content/Internationalization/icudt64l/lang/bs_Latn.res" 1062
"../../../Engine/Content/Internationalization/icudt64l/region/bs_BA.res" 1063
"../../../Engine/Content/Internationalization/icudt64l/region/bs_Latn_BA.res" 1064
"../../../Engine/Content/Internationalization/icudt64l/region/bs_Latn.res" 1065
"../../../Engine/Content/Internationalization/icudt64l/region/bs.res" 1066
"../../../Engine/Content/Internationalization/icudt64l/region/bs_Cyrl.res" 1067
"../../../Engine/Content/Internationalization/icudt64l/lang/ca.res" 1068
"../../../Engine/Content/Internationalization/icudt64l/region/ca.res" 1069
"../../../Engine/Content/Internationalization/icudt64l/lang/ccp.res" 1070
"../../../Engine/Content/Internationalization/icudt64l/region/ccp.res" 1071
"../../../Engine/Content/Internationalization/icudt64l/lang/ce.res" 1072
"../../../Engine/Content/Internationalization/icudt64l/region/ce.res" 1073
"../../../Engine/Content/Internationalization/icudt64l/lang/ceb.res" 1074
"../../../Engine/Content/Internationalization/icudt64l/region/ceb.res" 1075
"../../../Engine/Content/Internationalization/icudt64l/lang/cgg.res" 1076
"../../../Engine/Content/Internationalization/icudt64l/region/cgg.res" 1077
"../../../Engine/Content/Internationalization/icudt64l/lang/chr.res" 1078
"../../../Engine/Content/Internationalization/icudt64l/region/chr.res" 1079
"../../../Engine/Content/Internationalization/icudt64l/lang/ckb.res" 1080
"../../../Engine/Content/Internationalization/icudt64l/region/ckb.res" 1081
"../../../Engine/Content/Internationalization/icudt64l/lang/cs.res" 1082
"../../../Engine/Content/Internationalization/icudt64l/region/cs.res" 1083
"../../../Engine/Content/Internationalization/icudt64l/lang/cy.res" 1084
"../../../Engine/Content/Internationalization/icudt64l/region/cy.res" 1085
"../../../Engine/Content/Internationalization/icudt64l/lang/da.res" 1086
"../../../Engine/Content/Internationalization/icudt64l/region/da.res" 1087
"../../../Engine/Content/Internationalization/icudt64l/lang/dav.res" 1088
"../../../Engine/Content/Internationalization/icudt64l/region/dav.res" 1089
"../../../Engine/Content/Internationalization/icudt64l/lang/de.res" 1090
"../../../Engine/Content/Internationalization/icudt64l/lang/de_AT.res" 1091
"../../../Engine/Content/Internationalization/icudt64l/region/de_AT.res" 1092
"../../../Engine/Content/Internationalization/icudt64l/region/de.res" 1093
"../../../Engine/Content/Internationalization/icudt64l/lang/de_CH.res" 1094
"../../../Engine/Content/Internationalization/icudt64l/region/de_CH.res" 1095
"../../../Engine/Content/Internationalization/icudt64l/lang/de_LU.res" 1096
"../../../Engine/Content/Internationalization/icudt64l/lang/dje.res" 1097
"../../../Engine/Content/Internationalization/icudt64l/region/dje.res" 1098
"../../../Engine/Content/Internationalization/icudt64l/lang/dsb.res" 1099
"../../../Engine/Content/Internationalization/icudt64l/region/dsb.res" 1100
"../../../Engine/Content/Internationalization/icudt64l/lang/dua.res" 1101
"../../../Engine/Content/Internationalization/icudt64l/region/dua.res" 1102
"../../../Engine/Content/Internationalization/icudt64l/lang/dyo.res" 1103
"../../../Engine/Content/Internationalization/icudt64l/region/dyo.res" 1104
"../../../Engine/Content/Internationalization/icudt64l/lang/dz.res" 1105
"../../../Engine/Content/Internationalization/icudt64l/region/dz.res" 1106
"../../../Engine/Content/Internationalization/icudt64l/lang/ebu.res" 1107
"../../../Engine/Content/Internationalization/icudt64l/region/ebu.res" 1108
"../../../Engine/Content/Internationalization/icudt64l/lang/ee.res" 1109
"../../../Engine/Content/Internationalization/icudt64l/region/ee.res" 1110
"../../../Engine/Content/Internationalization/icudt64l/lang/el.res" 1111
"../../../Engine/Content/Internationalization/icudt64l/region/el.res" 1112
"../../../Engine/Content/Internationalization/icudt64l/lang/en_001.res" 1113
"../../../Engine/Content/Internationalization/icudt64l/lang/en_150.res" 1114
"../../../Engine/Content/Internationalization/icudt64l/region/en_150.res" 1115
"../../../Engine/Content/Internationalization/icudt64l/lang/en_AG.res" 1116
"../../../Engine/Content/Internationalization/icudt64l/region/en_AG.res" 1117
"../../../Engine/Content/Internationalization/icudt64l/lang/en_AI.res" 1118
"../../../Engine/Content/Internationalization/icudt64l/region/en_AI.res" 1119
"../../../Engine/Content/Internationalization/icudt64l/lang/en_AT.res" 1120
"../../../Engine/Content/Internationalization/icudt64l/region/en_AT.res" 1121
"../../../Engine/Content/Internationalization/icudt64l/lang/en_AU.res" 1122
"../../../Engine/Content/Internationalization/icudt64l/region/en_AU.res" 1123
"../../../Engine/Content/Internationalization/icudt64l/lang/en_BB.res" 1124
"../../../Engine/Content/Internationalization/icudt64l/region/en_BB.res" 1125
"../../../Engine/Content/Internationalization/icudt64l/lang/en_BE.res" 1126
"../../../Engine/Content/Internationalization/icudt64l/region/en_BE.res" 1127
"../../../Engine/Content/Internationalization/icudt64l/lang/en_BM.res" 1128
"../../../Engine/Content/Internationalization/icudt64l/region/en_BM.res" 1129
"../../../Engine/Content/Internationalization/icudt64l/lang/en_BS.res" 1130
"../../../Engine/Content/Internationalization/icudt64l/region/en_BS.res" 1131
"../../../Engine/Content/Internationalization/icudt64l/lang/en_BW.res" 1132
"../../../Engine/Content/Internationalization/icudt64l/region/en_BW.res" 1133
"../../../Engine/Content/Internationalization/icudt64l/lang/en_BZ.res" 1134
"../../../Engine/Content/Internationalization/icudt64l/region/en_BZ.res" 1135
"../../../Engine/Content/Internationalization/icudt64l/lang/en_CA.res" 1136
"../../../Engine/Content/Internationalization/icudt64l/region/en_CA.res" 1137
"../../../Engine/Content/Internationalization/icudt64l/lang/en_CC.res" 1138
"../../../Engine/Content/Internationalization/icudt64l/region/en_CC.res" 1139
"../../../Engine/Content/Internationalization/icudt64l/lang/en_CH.res" 1140
"../../../Engine/Content/Internationalization/icudt64l/region/en_CH.res" 1141
"../../../Engine/Content/Internationalization/icudt64l/lang/en_CK.res" 1142
"../../../Engine/Content/Internationalization/icudt64l/region/en_CK.res" 1143
"../../../Engine/Content/Internationalization/icudt64l/lang/en_CM.res" 1144
"../../../Engine/Content/Internationalization/icudt64l/region/en_CM.res" 1145
"../../../Engine/Content/Internationalization/icudt64l/lang/en_CX.res" 1146
"../../../Engine/Content/Internationalization/icudt64l/region/en_CX.res" 1147
"../../../Engine/Content/Internationalization/icudt64l/lang/en_CY.res" 1148
"../../../Engine/Content/Internationalization/icudt64l/region/en_CY.res" 1149
"../../../Engine/Content/Internationalization/icudt64l/lang/en_DE.res" 1150
"../../../Engine/Content/Internationalization/icudt64l/region/en_DE.res" 1151
"../../../Engine/Content/Internationalization/icudt64l/lang/en_DG.res" 1152
"../../../Engine/Content/Internationalization/icudt64l/region/en_DG.res" 1153
"../../../Engine/Content/Internationalization/icudt64l/lang/en_DK.res" 1154
"../../../Engine/Content/Internationalization/icudt64l/region/en_DK.res" 1155
"../../../Engine/Content/Internationalization/icudt64l/lang/en_DM.res" 1156
"../../../Engine/Content/Internationalization/icudt64l/region/en_DM.res" 1157
"../../../Engine/Content/Internationalization/icudt64l/lang/en_ER.res" 1158
"../../../Engine/Content/Internationalization/icudt64l/region/en_ER.res" 1159
"../../../Engine/Content/Internationalization/icudt64l/lang/en_FI.res" 1160
"../../../Engine/Content/Internationalization/icudt64l/region/en_FI.res" 1161
"../../../Engine/Content/Internationalization/icudt64l/lang/en_FJ.res" 1162
"../../../Engine/Content/Internationalization/icudt64l/region/en_FJ.res" 1163
"../../../Engine/Content/Internationalization/icudt64l/lang/en_FK.res" 1164
"../../../Engine/Content/Internationalization/icudt64l/region/en_FK.res" 1165
"../../../Engine/Content/Internationalization/icudt64l/lang/en_FM.res" 1166
"../../../Engine/Content/Internationalization/icudt64l/region/en_FM.res" 1167
"../../../Engine/Content/Internationalization/icudt64l/lang/en_GB.res" 1168
"../../../Engine/Content/Internationalization/icudt64l/region/en_GB.res" 1169
"../../../Engine/Content/Internationalization/icudt64l/lang/en_GD.res" 1170
"../../../Engine/Content/Internationalization/icudt64l/region/en_GD.res" 1171
"../../../Engine/Content/Internationalization/icudt64l/lang/en_GG.res" 1172
"../../../Engine/Content/Internationalization/icudt64l/region/en_GG.res" 1173
"../../../Engine/Content/Internationalization/icudt64l/lang/en_GH.res" 1174
"../../../Engine/Content/Internationalization/icudt64l/region/en_GH.res" 1175
"../../../Engine/Content/Internationalization/icudt64l/lang/en_GI.res" 1176
"../../../Engine/Content/Internationalization/icudt64l/region/en_GI.res" 1177
"../../../Engine/Content/Internationalization/icudt64l/lang/en_GM.res" 1178
"../../../Engine/Content/Internationalization/icudt64l/region/en_GM.res" 1179
"../../../Engine/Content/Internationalization/icudt64l/lang/en_GY.res" 1180
"../../../Engine/Content/Internationalization/icudt64l/region/en_GY.res" 1181
"../../../Engine/Content/Internationalization/icudt64l/lang/en_HK.res" 1182
"../../../Engine/Content/Internationalization/icudt64l/region/en_HK.res" 1183
"../../../Engine/Content/Internationalization/icudt64l/lang/en_IE.res" 1184
"../../../Engine/Content/Internationalization/icudt64l/region/en_IE.res" 1185
"../../../Engine/Content/Internationalization/icudt64l/lang/en_IL.res" 1186
"../../../Engine/Content/Internationalization/icudt64l/region/en_IL.res" 1187
"../../../Engine/Content/Internationalization/icudt64l/lang/en_IM.res" 1188
"../../../Engine/Content/Internationalization/icudt64l/region/en_IM.res" 1189
"../../../Engine/Content/Internationalization/icudt64l/lang/en_IN.res" 1190
"../../../Engine/Content/Internationalization/icudt64l/region/en_IN.res" 1191
"../../../Engine/Content/Internationalization/icudt64l/lang/en_IO.res" 1192
"../../../Engine/Content/Internationalization/icudt64l/region/en_IO.res" 1193
"../../../Engine/Content/Internationalization/icudt64l/lang/en_JE.res" 1194
"../../../Engine/Content/Internationalization/icudt64l/region/en_JE.res" 1195
"../../../Engine/Content/Internationalization/icudt64l/lang/en_JM.res" 1196
"../../../Engine/Content/Internationalization/icudt64l/region/en_JM.res" 1197
"../../../Engine/Content/Internationalization/icudt64l/lang/en_KE.res" 1198
"../../../Engine/Content/Internationalization/icudt64l/region/en_KE.res" 1199
"../../../Engine/Content/Internationalization/icudt64l/lang/en_KI.res" 1200
"../../../Engine/Content/Internationalization/icudt64l/region/en_KI.res" 1201
"../../../Engine/Content/Internationalization/icudt64l/lang/en_KN.res" 1202
"../../../Engine/Content/Internationalization/icudt64l/region/en_KN.res" 1203
"../../../Engine/Content/Internationalization/icudt64l/lang/en_KY.res" 1204
"../../../Engine/Content/Internationalization/icudt64l/region/en_KY.res" 1205
"../../../Engine/Content/Internationalization/icudt64l/lang/en_LC.res" 1206
"../../../Engine/Content/Internationalization/icudt64l/region/en_LC.res" 1207
"../../../Engine/Content/Internationalization/icudt64l/lang/en_LR.res" 1208
"../../../Engine/Content/Internationalization/icudt64l/region/en_LR.res" 1209
"../../../Engine/Content/Internationalization/icudt64l/lang/en_LS.res" 1210
"../../../Engine/Content/Internationalization/icudt64l/region/en_LS.res" 1211
"../../../Engine/Content/Internationalization/icudt64l/lang/en_MG.res" 1212
"../../../Engine/Content/Internationalization/icudt64l/region/en_MG.res" 1213
"../../../Engine/Content/Internationalization/icudt64l/lang/en_MO.res" 1214
"../../../Engine/Content/Internationalization/icudt64l/region/en_MO.res" 1215
"../../../Engine/Content/Internationalization/icudt64l/lang/en_MS.res" 1216
"../../../Engine/Content/Internationalization/icudt64l/region/en_MS.res" 1217
"../../../Engine/Content/Internationalization/icudt64l/lang/en_MT.res" 1218
"../../../Engine/Content/Internationalization/icudt64l/region/en_MT.res" 1219
"../../../Engine/Content/Internationalization/icudt64l/lang/en_MU.res" 1220
"../../../Engine/Content/Internationalization/icudt64l/region/en_MU.res" 1221
"../../../Engine/Content/Internationalization/icudt64l/lang/en_MW.res" 1222
"../../../Engine/Content/Internationalization/icudt64l/region/en_MW.res" 1223
"../../../Engine/Content/Internationalization/icudt64l/lang/en_MY.res" 1224
"../../../Engine/Content/Internationalization/icudt64l/region/en_MY.res" 1225
"../../../Engine/Content/Internationalization/icudt64l/lang/en_NA.res" 1226
"../../../Engine/Content/Internationalization/icudt64l/region/en_NA.res" 1227
"../../../Engine/Content/Internationalization/icudt64l/lang/en_NF.res" 1228
"../../../Engine/Content/Internationalization/icudt64l/region/en_NF.res" 1229
"../../../Engine/Content/Internationalization/icudt64l/lang/en_NG.res" 1230
"../../../Engine/Content/Internationalization/icudt64l/region/en_NG.res" 1231
"../../../Engine/Content/Internationalization/icudt64l/lang/en_NL.res" 1232
"../../../Engine/Content/Internationalization/icudt64l/region/en_NL.res" 1233
"../../../Engine/Content/Internationalization/icudt64l/lang/en_NR.res" 1234
"../../../Engine/Content/Internationalization/icudt64l/region/en_NR.res" 1235
"../../../Engine/Content/Internationalization/icudt64l/lang/en_NU.res" 1236
"../../../Engine/Content/Internationalization/icudt64l/region/en_NU.res" 1237
"../../../Engine/Content/Internationalization/icudt64l/lang/en_NZ.res" 1238
"../../../Engine/Content/Internationalization/icudt64l/region/en_NZ.res" 1239
"../../../Engine/Content/Internationalization/icudt64l/lang/en_PG.res" 1240
"../../../Engine/Content/Internationalization/icudt64l/region/en_PG.res" 1241
"../../../Engine/Content/Internationalization/icudt64l/lang/en_PH.res" 1242
"../../../Engine/Content/Internationalization/icudt64l/region/en_PH.res" 1243
"../../../Engine/Content/Internationalization/icudt64l/lang/en_PK.res" 1244
"../../../Engine/Content/Internationalization/icudt64l/region/en_PK.res" 1245
"../../../Engine/Content/Internationalization/icudt64l/lang/en_PN.res" 1246
"../../../Engine/Content/Internationalization/icudt64l/region/en_PN.res" 1247
"../../../Engine/Content/Internationalization/icudt64l/lang/en_PW.res" 1248
"../../../Engine/Content/Internationalization/icudt64l/region/en_PW.res" 1249
"../../../Engine/Content/Internationalization/icudt64l/lang/en_RW.res" 1250
"../../../Engine/Content/Internationalization/icudt64l/region/en_RW.res" 1251
"../../../Engine/Content/Internationalization/icudt64l/lang/en_SB.res" 1252
"../../../Engine/Content/Internationalization/icudt64l/region/en_SB.res" 1253
"../../../Engine/Content/Internationalization/icudt64l/lang/en_SC.res" 1254
"../../../Engine/Content/Internationalization/icudt64l/region/en_SC.res" 1255
"../../../Engine/Content/Internationalization/icudt64l/lang/en_SD.res" 1256
"../../../Engine/Content/Internationalization/icudt64l/region/en_SD.res" 1257
"../../../Engine/Content/Internationalization/icudt64l/lang/en_SE.res" 1258
"../../../Engine/Content/Internationalization/icudt64l/region/en_SE.res" 1259
"../../../Engine/Content/Internationalization/icudt64l/lang/en_SG.res" 1260
"../../../Engine/Content/Internationalization/icudt64l/region/en_SG.res" 1261
"../../../Engine/Content/Internationalization/icudt64l/lang/en_SH.res" 1262
"../../../Engine/Content/Internationalization/icudt64l/region/en_SH.res" 1263
"../../../Engine/Content/Internationalization/icudt64l/lang/en_SI.res" 1264
"../../../Engine/Content/Internationalization/icudt64l/region/en_SI.res" 1265
"../../../Engine/Content/Internationalization/icudt64l/lang/en_SL.res" 1266
"../../../Engine/Content/Internationalization/icudt64l/region/en_SL.res" 1267
"../../../Engine/Content/Internationalization/icudt64l/lang/en_SS.res" 1268
"../../../Engine/Content/Internationalization/icudt64l/region/en_SS.res" 1269
"../../../Engine/Content/Internationalization/icudt64l/lang/en_SX.res" 1270
"../../../Engine/Content/Internationalization/icudt64l/region/en_SX.res" 1271
"../../../Engine/Content/Internationalization/icudt64l/lang/en_SZ.res" 1272
"../../../Engine/Content/Internationalization/icudt64l/region/en_SZ.res" 1273
"../../../Engine/Content/Internationalization/icudt64l/lang/en_TC.res" 1274
"../../../Engine/Content/Internationalization/icudt64l/region/en_TC.res" 1275
"../../../Engine/Content/Internationalization/icudt64l/lang/en_TK.res" 1276
"../../../Engine/Content/Internationalization/icudt64l/region/en_TK.res" 1277
"../../../Engine/Content/Internationalization/icudt64l/lang/en_TO.res" 1278
"../../../Engine/Content/Internationalization/icudt64l/region/en_TO.res" 1279
"../../../Engine/Content/Internationalization/icudt64l/lang/en_TT.res" 1280
"../../../Engine/Content/Internationalization/icudt64l/region/en_TT.res" 1281
"../../../Engine/Content/Internationalization/icudt64l/lang/en_TV.res" 1282
"../../../Engine/Content/Internationalization/icudt64l/region/en_TV.res" 1283
"../../../Engine/Content/Internationalization/icudt64l/lang/en_TZ.res" 1284
"../../../Engine/Content/Internationalization/icudt64l/region/en_TZ.res" 1285
"../../../Engine/Content/Internationalization/icudt64l/lang/en_UG.res" 1286
"../../../Engine/Content/Internationalization/icudt64l/region/en_UG.res" 1287
"../../../Engine/Content/Internationalization/icudt64l/lang/en_VC.res" 1288
"../../../Engine/Content/Internationalization/icudt64l/region/en_VC.res" 1289
"../../../Engine/Content/Internationalization/icudt64l/lang/en_VG.res" 1290
"../../../Engine/Content/Internationalization/icudt64l/region/en_VG.res" 1291
"../../../Engine/Content/Internationalization/icudt64l/lang/en_VU.res" 1292
"../../../Engine/Content/Internationalization/icudt64l/region/en_VU.res" 1293
"../../../Engine/Content/Internationalization/icudt64l/lang/en_WS.res" 1294
"../../../Engine/Content/Internationalization/icudt64l/region/en_WS.res" 1295
"../../../Engine/Content/Internationalization/icudt64l/lang/en_ZA.res" 1296
"../../../Engine/Content/Internationalization/icudt64l/region/en_ZA.res" 1297
"../../../Engine/Content/Internationalization/icudt64l/lang/en_ZM.res" 1298
"../../../Engine/Content/Internationalization/icudt64l/region/en_ZM.res" 1299
"../../../Engine/Content/Internationalization/icudt64l/lang/en_ZW.res" 1300
"../../../Engine/Content/Internationalization/icudt64l/region/en_ZW.res" 1301
"../../../Engine/Content/Internationalization/icudt64l/lang/eo.res" 1302
"../../../Engine/Content/Internationalization/icudt64l/region/eo.res" 1303
"../../../Engine/Content/Internationalization/icudt64l/lang/es.res" 1304
"../../../Engine/Content/Internationalization/icudt64l/lang/es_419.res" 1305
"../../../Engine/Content/Internationalization/icudt64l/region/es_419.res" 1306
"../../../Engine/Content/Internationalization/icudt64l/region/es.res" 1307
"../../../Engine/Content/Internationalization/icudt64l/lang/es_AR.res" 1308
"../../../Engine/Content/Internationalization/icudt64l/region/es_AR.res" 1309
"../../../Engine/Content/Internationalization/icudt64l/lang/es_BO.res" 1310
"../../../Engine/Content/Internationalization/icudt64l/region/es_BO.res" 1311
"../../../Engine/Content/Internationalization/icudt64l/lang/es_BR.res" 1312
"../../../Engine/Content/Internationalization/icudt64l/region/es_BR.res" 1313
"../../../Engine/Content/Internationalization/icudt64l/lang/es_BZ.res" 1314
"../../../Engine/Content/Internationalization/icudt64l/region/es_BZ.res" 1315
"../../../Engine/Content/Internationalization/icudt64l/lang/es_CL.res" 1316
"../../../Engine/Content/Internationalization/icudt64l/region/es_CL.res" 1317
"../../../Engine/Content/Internationalization/icudt64l/lang/es_CO.res" 1318
"../../../Engine/Content/Internationalization/icudt64l/region/es_CO.res" 1319
"../../../Engine/Content/Internationalization/icudt64l/lang/es_CR.res" 1320
"../../../Engine/Content/Internationalization/icudt64l/region/es_CR.res" 1321
"../../../Engine/Content/Internationalization/icudt64l/lang/es_CU.res" 1322
"../../../Engine/Content/Internationalization/icudt64l/region/es_CU.res" 1323
"../../../Engine/Content/Internationalization/icudt64l/lang/es_DO.res" 1324
"../../../Engine/Content/Internationalization/icudt64l/region/es_DO.res" 1325
"../../../Engine/Content/Internationalization/icudt64l/lang/es_EC.res" 1326
"../../../Engine/Content/Internationalization/icudt64l/region/es_EC.res" 1327
"../../../Engine/Content/Internationalization/icudt64l/lang/es_GT.res" 1328
"../../../Engine/Content/Internationalization/icudt64l/region/es_GT.res" 1329
"../../../Engine/Content/Internationalization/icudt64l/lang/es_HN.res" 1330
"../../../Engine/Content/Internationalization/icudt64l/region/es_HN.res" 1331
"../../../Engine/Content/Internationalization/icudt64l/lang/es_MX.res" 1332
"../../../Engine/Content/Internationalization/icudt64l/region/es_MX.res" 1333
"../../../Engine/Content/Internationalization/icudt64l/lang/es_NI.res" 1334
"../../../Engine/Content/Internationalization/icudt64l/region/es_NI.res" 1335
"../../../Engine/Content/Internationalization/icudt64l/lang/es_PA.res" 1336
"../../../Engine/Content/Internationalization/icudt64l/region/es_PA.res" 1337
"../../../Engine/Content/Internationalization/icudt64l/lang/es_PE.res" 1338
"../../../Engine/Content/Internationalization/icudt64l/region/es_PE.res" 1339
"../../../Engine/Content/Internationalization/icudt64l/lang/es_PR.res" 1340
"../../../Engine/Content/Internationalization/icudt64l/region/es_PR.res" 1341
"../../../Engine/Content/Internationalization/icudt64l/lang/es_PY.res" 1342
"../../../Engine/Content/Internationalization/icudt64l/region/es_PY.res" 1343
"../../../Engine/Content/Internationalization/icudt64l/lang/es_SV.res" 1344
"../../../Engine/Content/Internationalization/icudt64l/region/es_SV.res" 1345
"../../../Engine/Content/Internationalization/icudt64l/lang/es_US.res" 1346
"../../../Engine/Content/Internationalization/icudt64l/region/es_US.res" 1347
"../../../Engine/Content/Internationalization/icudt64l/lang/es_UY.res" 1348
"../../../Engine/Content/Internationalization/icudt64l/region/es_UY.res" 1349
"../../../Engine/Content/Internationalization/icudt64l/lang/es_VE.res" 1350
"../../../Engine/Content/Internationalization/icudt64l/region/es_VE.res" 1351
"../../../Engine/Content/Internationalization/icudt64l/lang/et.res" 1352
"../../../Engine/Content/Internationalization/icudt64l/region/et.res" 1353
"../../../Engine/Content/Internationalization/icudt64l/lang/eu.res" 1354
"../../../Engine/Content/Internationalization/icudt64l/region/eu.res" 1355
"../../../Engine/Content/Internationalization/icudt64l/lang/ewo.res" 1356
"../../../Engine/Content/Internationalization/icudt64l/region/ewo.res" 1357
"../../../Engine/Content/Internationalization/icudt64l/lang/fa.res" 1358
"../../../Engine/Content/Internationalization/icudt64l/lang/fa_AF.res" 1359
"../../../Engine/Content/Internationalization/icudt64l/region/fa_AF.res" 1360
"../../../Engine/Content/Internationalization/icudt64l/region/fa.res" 1361
"../../../Engine/Content/Internationalization/icudt64l/lang/ff.res" 1362
"../../../Engine/Content/Internationalization/icudt64l/lang/ff_Latn.res" 1363
"../../../Engine/Content/Internationalization/icudt64l/region/ff.res" 1364
"../../../Engine/Content/Internationalization/icudt64l/region/ff_Latn.res" 1365
"../../../Engine/Content/Internationalization/icudt64l/lang/ff_CM.res" 1366
"../../../Engine/Content/Internationalization/icudt64l/lang/ff_Latn_CM.res" 1367
"../../../Engine/Content/Internationalization/icudt64l/region/ff_CM.res" 1368
"../../../Engine/Content/Internationalization/icudt64l/region/ff_Latn_CM.res" 1369
"../../../Engine/Content/Internationalization/icudt64l/lang/ff_GN.res" 1370
"../../../Engine/Content/Internationalization/icudt64l/lang/ff_Latn_GN.res" 1371
"../../../Engine/Content/Internationalization/icudt64l/region/ff_GN.res" 1372
"../../../Engine/Content/Internationalization/icudt64l/region/ff_Latn_GN.res" 1373
"../../../Engine/Content/Internationalization/icudt64l/lang/ff_MR.res" 1374
"../../../Engine/Content/Internationalization/icudt64l/lang/ff_Latn_MR.res" 1375
"../../../Engine/Content/Internationalization/icudt64l/region/ff_MR.res" 1376
"../../../Engine/Content/Internationalization/icudt64l/region/ff_Latn_MR.res" 1377
"../../../Engine/Content/Internationalization/icudt64l/lang/ff_SN.res" 1378
"../../../Engine/Content/Internationalization/icudt64l/lang/ff_Latn_SN.res" 1379
"../../../Engine/Content/Internationalization/icudt64l/region/ff_SN.res" 1380
"../../../Engine/Content/Internationalization/icudt64l/region/ff_Latn_SN.res" 1381
"../../../Engine/Content/Internationalization/icudt64l/lang/fi.res" 1382
"../../../Engine/Content/Internationalization/icudt64l/region/fi.res" 1383
"../../../Engine/Content/Internationalization/icudt64l/lang/fil.res" 1384
"../../../Engine/Content/Internationalization/icudt64l/lang/fil_PH.res" 1385
"../../../Engine/Content/Internationalization/icudt64l/region/fil_PH.res" 1386
"../../../Engine/Content/Internationalization/icudt64l/region/fil.res" 1387
"../../../Engine/Content/Internationalization/icudt64l/lang/fo.res" 1388
"../../../Engine/Content/Internationalization/icudt64l/region/fo.res" 1389
"../../../Engine/Content/Internationalization/icudt64l/lang/fr.res" 1390
"../../../Engine/Content/Internationalization/icudt64l/lang/fr_BE.res" 1391
"../../../Engine/Content/Internationalization/icudt64l/region/fr_BE.res" 1392
"../../../Engine/Content/Internationalization/icudt64l/region/fr.res" 1393
"../../../Engine/Content/Internationalization/icudt64l/lang/fr_CA.res" 1394
"../../../Engine/Content/Internationalization/icudt64l/region/fr_CA.res" 1395
"../../../Engine/Content/Internationalization/icudt64l/lang/fr_CH.res" 1396
"../../../Engine/Content/Internationalization/icudt64l/lang/fur.res" 1397
"../../../Engine/Content/Internationalization/icudt64l/region/fur.res" 1398
"../../../Engine/Content/Internationalization/icudt64l/lang/fy.res" 1399
"../../../Engine/Content/Internationalization/icudt64l/region/fy.res" 1400
"../../../Engine/Content/Internationalization/icudt64l/lang/ga.res" 1401
"../../../Engine/Content/Internationalization/icudt64l/region/ga.res" 1402
"../../../Engine/Content/Internationalization/icudt64l/lang/gd.res" 1403
"../../../Engine/Content/Internationalization/icudt64l/region/gd.res" 1404
"../../../Engine/Content/Internationalization/icudt64l/lang/gl.res" 1405
"../../../Engine/Content/Internationalization/icudt64l/region/gl.res" 1406
"../../../Engine/Content/Internationalization/icudt64l/lang/gsw.res" 1407
"../../../Engine/Content/Internationalization/icudt64l/region/gsw.res" 1408
"../../../Engine/Content/Internationalization/icudt64l/lang/gu.res" 1409
"../../../Engine/Content/Internationalization/icudt64l/region/gu.res" 1410
"../../../Engine/Content/Internationalization/icudt64l/lang/guz.res" 1411
"../../../Engine/Content/Internationalization/icudt64l/region/guz.res" 1412
"../../../Engine/Content/Internationalization/icudt64l/lang/gv.res" 1413
"../../../Engine/Content/Internationalization/icudt64l/region/gv.res" 1414
"../../../Engine/Content/Internationalization/icudt64l/lang/ha.res" 1415
"../../../Engine/Content/Internationalization/icudt64l/region/ha.res" 1416
"../../../Engine/Content/Internationalization/icudt64l/lang/ha_NE.res" 1417
"../../../Engine/Content/Internationalization/icudt64l/region/ha_NE.res" 1418
"../../../Engine/Content/Internationalization/icudt64l/lang/haw.res" 1419
"../../../Engine/Content/Internationalization/icudt64l/region/haw.res" 1420
"../../../Engine/Content/Internationalization/icudt64l/lang/he.res" 1421
"../../../Engine/Content/Internationalization/icudt64l/lang/he_IL.res" 1422
"../../../Engine/Content/Internationalization/icudt64l/region/he_IL.res" 1423
"../../../Engine/Content/Internationalization/icudt64l/region/he.res" 1424
"../../../Engine/Content/Internationalization/icudt64l/lang/hi.res" 1425
"../../../Engine/Content/Internationalization/icudt64l/region/hi.res" 1426
"../../../Engine/Content/Internationalization/icudt64l/lang/hr.res" 1427
"../../../Engine/Content/Internationalization/icudt64l/region/hr.res" 1428
"../../../Engine/Content/Internationalization/icudt64l/lang/hsb.res" 1429
"../../../Engine/Content/Internationalization/icudt64l/region/hsb.res" 1430
"../../../Engine/Content/Internationalization/icudt64l/lang/hu.res" 1431
"../../../Engine/Content/Internationalization/icudt64l/region/hu.res" 1432
"../../../Engine/Content/Internationalization/icudt64l/lang/hy.res" 1433
"../../../Engine/Content/Internationalization/icudt64l/region/hy.res" 1434
"../../../Engine/Content/Internationalization/icudt64l/lang/ia.res" 1435
"../../../Engine/Content/Internationalization/icudt64l/region/ia.res" 1436
"../../../Engine/Content/Internationalization/icudt64l/lang/id.res" 1437
"../../../Engine/Content/Internationalization/icudt64l/lang/id_ID.res" 1438
"../../../Engine/Content/Internationalization/icudt64l/region/id_ID.res" 1439
"../../../Engine/Content/Internationalization/icudt64l/region/id.res" 1440
"../../../Engine/Content/Internationalization/icudt64l/lang/ig.res" 1441
"../../../Engine/Content/Internationalization/icudt64l/region/ig.res" 1442
"../../../Engine/Content/Internationalization/icudt64l/lang/ii.res" 1443
"../../../Engine/Content/Internationalization/icudt64l/region/ii.res" 1444
"../../../Engine/Content/Internationalization/icudt64l/lang/is.res" 1445
"../../../Engine/Content/Internationalization/icudt64l/region/is.res" 1446
"../../../Engine/Content/Internationalization/icudt64l/lang/it.res" 1447
"../../../Engine/Content/Internationalization/icudt64l/region/it.res" 1448
"../../../Engine/Content/Internationalization/icudt64l/lang/ja.res" 1449
"../../../Engine/Content/Internationalization/icudt64l/lang/ja_JP.res" 1450
"../../../Engine/Content/Internationalization/icudt64l/region/ja_JP.res" 1451
"../../../Engine/Content/Internationalization/icudt64l/region/ja.res" 1452
"../../../Engine/Content/Internationalization/icudt64l/lang/jgo.res" 1453
"../../../Engine/Content/Internationalization/icudt64l/region/jgo.res" 1454
"../../../Engine/Content/Internationalization/icudt64l/lang/jmc.res" 1455
"../../../Engine/Content/Internationalization/icudt64l/region/jmc.res" 1456
"../../../Engine/Content/Internationalization/icudt64l/lang/jv.res" 1457
"../../../Engine/Content/Internationalization/icudt64l/region/jv.res" 1458
"../../../Engine/Content/Internationalization/icudt64l/lang/ka.res" 1459
"../../../Engine/Content/Internationalization/icudt64l/region/ka.res" 1460
"../../../Engine/Content/Internationalization/icudt64l/lang/kab.res" 1461
"../../../Engine/Content/Internationalization/icudt64l/region/kab.res" 1462
"../../../Engine/Content/Internationalization/icudt64l/lang/kam.res" 1463
"../../../Engine/Content/Internationalization/icudt64l/region/kam.res" 1464
"../../../Engine/Content/Internationalization/icudt64l/lang/kde.res" 1465
"../../../Engine/Content/Internationalization/icudt64l/region/kde.res" 1466
"../../../Engine/Content/Internationalization/icudt64l/lang/kea.res" 1467
"../../../Engine/Content/Internationalization/icudt64l/region/kea.res" 1468
"../../../Engine/Content/Internationalization/icudt64l/lang/khq.res" 1469
"../../../Engine/Content/Internationalization/icudt64l/region/khq.res" 1470
"../../../Engine/Content/Internationalization/icudt64l/lang/ki.res" 1471
"../../../Engine/Content/Internationalization/icudt64l/region/ki.res" 1472
"../../../Engine/Content/Internationalization/icudt64l/lang/kk.res" 1473
"../../../Engine/Content/Internationalization/icudt64l/region/kk.res" 1474
"../../../Engine/Content/Internationalization/icudt64l/lang/kkj.res" 1475
"../../../Engine/Content/Internationalization/icudt64l/region/kkj.res" 1476
"../../../Engine/Content/Internationalization/icudt64l/lang/kl.res" 1477
"../../../Engine/Content/Internationalization/icudt64l/region/kl.res" 1478
"../../../Engine/Content/Internationalization/icudt64l/lang/kln.res" 1479
"../../../Engine/Content/Internationalization/icudt64l/region/kln.res" 1480
"../../../Engine/Content/Internationalization/icudt64l/lang/km.res" 1481
"../../../Engine/Content/Internationalization/icudt64l/region/km.res" 1482
"../../../Engine/Content/Internationalization/icudt64l/lang/kn.res" 1483
"../../../Engine/Content/Internationalization/icudt64l/region/kn.res" 1484
"../../../Engine/Content/Internationalization/icudt64l/lang/ko.res" 1485
"../../../Engine/Content/Internationalization/icudt64l/region/ko_KP.res" 1486
"../../../Engine/Content/Internationalization/icudt64l/region/ko.res" 1487
"../../../Engine/Content/Internationalization/icudt64l/lang/kok.res" 1488
"../../../Engine/Content/Internationalization/icudt64l/region/kok.res" 1489
"../../../Engine/Content/Internationalization/icudt64l/lang/ks.res" 1490
"../../../Engine/Content/Internationalization/icudt64l/region/ks.res" 1491
"../../../Engine/Content/Internationalization/icudt64l/lang/ksb.res" 1492
"../../../Engine/Content/Internationalization/icudt64l/region/ksb.res" 1493
"../../../Engine/Content/Internationalization/icudt64l/lang/ksf.res" 1494
"../../../Engine/Content/Internationalization/icudt64l/region/ksf.res" 1495
"../../../Engine/Content/Internationalization/icudt64l/lang/ksh.res" 1496
"../../../Engine/Content/Internationalization/icudt64l/region/ksh.res" 1497
"../../../Engine/Content/Internationalization/icudt64l/lang/ku.res" 1498
"../../../Engine/Content/Internationalization/icudt64l/region/ku.res" 1499
"../../../Engine/Content/Internationalization/icudt64l/lang/kw.res" 1500
"../../../Engine/Content/Internationalization/icudt64l/region/kw.res" 1501
"../../../Engine/Content/Internationalization/icudt64l/lang/ky.res" 1502
"../../../Engine/Content/Internationalization/icudt64l/region/ky.res" 1503
"../../../Engine/Content/Internationalization/icudt64l/lang/lag.res" 1504
"../../../Engine/Content/Internationalization/icudt64l/region/lag.res" 1505
"../../../Engine/Content/Internationalization/icudt64l/lang/lb.res" 1506
"../../../Engine/Content/Internationalization/icudt64l/region/lb.res" 1507
"../../../Engine/Content/Internationalization/icudt64l/lang/lg.res" 1508
"../../../Engine/Content/Internationalization/icudt64l/region/lg.res" 1509
"../../../Engine/Content/Internationalization/icudt64l/lang/lkt.res" 1510
"../../../Engine/Content/Internationalization/icudt64l/region/lkt.res" 1511
"../../../Engine/Content/Internationalization/icudt64l/lang/ln.res" 1512
"../../../Engine/Content/Internationalization/icudt64l/region/ln.res" 1513
"../../../Engine/Content/Internationalization/icudt64l/lang/lo.res" 1514
"../../../Engine/Content/Internationalization/icudt64l/region/lo.res" 1515
"../../../Engine/Content/Internationalization/icudt64l/lang/lrc.res" 1516
"../../../Engine/Content/Internationalization/icudt64l/region/lrc.res" 1517
"../../../Engine/Content/Internationalization/icudt64l/lang/lt.res" 1518
"../../../Engine/Content/Internationalization/icudt64l/region/lt.res" 1519
"../../../Engine/Content/Internationalization/icudt64l/lang/lu.res" 1520
"../../../Engine/Content/Internationalization/icudt64l/region/lu.res" 1521
"../../../Engine/Content/Internationalization/icudt64l/lang/luo.res" 1522
"../../../Engine/Content/Internationalization/icudt64l/region/luo.res" 1523
"../../../Engine/Content/Internationalization/icudt64l/lang/luy.res" 1524
"../../../Engine/Content/Internationalization/icudt64l/region/luy.res" 1525
"../../../Engine/Content/Internationalization/icudt64l/lang/lv.res" 1526
"../../../Engine/Content/Internationalization/icudt64l/region/lv.res" 1527
"../../../Engine/Content/Internationalization/icudt64l/lang/mas.res" 1528
"../../../Engine/Content/Internationalization/icudt64l/region/mas.res" 1529
"../../../Engine/Content/Internationalization/icudt64l/lang/mer.res" 1530
"../../../Engine/Content/Internationalization/icudt64l/region/mer.res" 1531
"../../../Engine/Content/Internationalization/icudt64l/lang/mfe.res" 1532
"../../../Engine/Content/Internationalization/icudt64l/region/mfe.res" 1533
"../../../Engine/Content/Internationalization/icudt64l/lang/mg.res" 1534
"../../../Engine/Content/Internationalization/icudt64l/region/mg.res" 1535
"../../../Engine/Content/Internationalization/icudt64l/lang/mgh.res" 1536
"../../../Engine/Content/Internationalization/icudt64l/region/mgh.res" 1537
"../../../Engine/Content/Internationalization/icudt64l/lang/mgo.res" 1538
"../../../Engine/Content/Internationalization/icudt64l/region/mgo.res" 1539
"../../../Engine/Content/Internationalization/icudt64l/lang/mi.res" 1540
"../../../Engine/Content/Internationalization/icudt64l/region/mi.res" 1541
"../../../Engine/Content/Internationalization/icudt64l/lang/mk.res" 1542
"../../../Engine/Content/Internationalization/icudt64l/region/mk.res" 1543
"../../../Engine/Content/Internationalization/icudt64l/lang/ml.res" 1544
"../../../Engine/Content/Internationalization/icudt64l/region/ml.res" 1545
"../../../Engine/Content/Internationalization/icudt64l/lang/mn.res" 1546
"../../../Engine/Content/Internationalization/icudt64l/region/mn.res" 1547
"../../../Engine/Content/Internationalization/icudt64l/lang/mr.res" 1548
"../../../Engine/Content/Internationalization/icudt64l/region/mr.res" 1549
"../../../Engine/Content/Internationalization/icudt64l/lang/ms.res" 1550
"../../../Engine/Content/Internationalization/icudt64l/region/ms.res" 1551
"../../../Engine/Content/Internationalization/icudt64l/lang/mt.res" 1552
"../../../Engine/Content/Internationalization/icudt64l/region/mt.res" 1553
"../../../Engine/Content/Internationalization/icudt64l/lang/mua.res" 1554
"../../../Engine/Content/Internationalization/icudt64l/region/mua.res" 1555
"../../../Engine/Content/Internationalization/icudt64l/lang/my.res" 1556
"../../../Engine/Content/Internationalization/icudt64l/region/my.res" 1557
"../../../Engine/Content/Internationalization/icudt64l/lang/mzn.res" 1558
"../../../Engine/Content/Internationalization/icudt64l/region/mzn.res" 1559
"../../../Engine/Content/Internationalization/icudt64l/lang/naq.res" 1560
"../../../Engine/Content/Internationalization/icudt64l/region/naq.res" 1561
"../../../Engine/Content/Internationalization/icudt64l/lang/nb.res" 1562
"../../../Engine/Content/Internationalization/icudt64l/lang/nb_NO.res" 1563
"../../../Engine/Content/Internationalization/icudt64l/region/nb_NO.res" 1564
"../../../Engine/Content/Internationalization/icudt64l/region/nb.res" 1565
"../../../Engine/Content/Internationalization/icudt64l/lang/nd.res" 1566
"../../../Engine/Content/Internationalization/icudt64l/region/nd.res" 1567
"../../../Engine/Content/Internationalization/icudt64l/lang/nds.res" 1568
"../../../Engine/Content/Internationalization/icudt64l/region/nds.res" 1569
"../../../Engine/Content/Internationalization/icudt64l/lang/ne.res" 1570
"../../../Engine/Content/Internationalization/icudt64l/region/ne.res" 1571
"../../../Engine/Content/Internationalization/icudt64l/lang/nl.res" 1572
"../../../Engine/Content/Internationalization/icudt64l/region/nl.res" 1573
"../../../Engine/Content/Internationalization/icudt64l/lang/nmg.res" 1574
"../../../Engine/Content/Internationalization/icudt64l/region/nmg.res" 1575
"../../../Engine/Content/Internationalization/icudt64l/lang/nn.res" 1576
"../../../Engine/Content/Internationalization/icudt64l/lang/nn_NO.res" 1577
"../../../Engine/Content/Internationalization/icudt64l/region/nn_NO.res" 1578
"../../../Engine/Content/Internationalization/icudt64l/region/nn.res" 1579
"../../../Engine/Content/Internationalization/icudt64l/lang/nnh.res" 1580
"../../../Engine/Content/Internationalization/icudt64l/region/nnh.res" 1581
"../../../Engine/Content/Internationalization/icudt64l/lang/nus.res" 1582
"../../../Engine/Content/Internationalization/icudt64l/region/nus.res" 1583
"../../../Engine/Content/Internationalization/icudt64l/lang/nyn.res" 1584
"../../../Engine/Content/Internationalization/icudt64l/region/nyn.res" 1585
"../../../Engine/Content/Internationalization/icudt64l/lang/om.res" 1586
"../../../Engine/Content/Internationalization/icudt64l/region/om.res" 1587
"../../../Engine/Content/Internationalization/icudt64l/lang/or.res" 1588
"../../../Engine/Content/Internationalization/icudt64l/region/or.res" 1589
"../../../Engine/Content/Internationalization/icudt64l/lang/os.res" 1590
"../../../Engine/Content/Internationalization/icudt64l/region/os.res" 1591
"../../../Engine/Content/Internationalization/icudt64l/lang/pa.res" 1592
"../../../Engine/Content/Internationalization/icudt64l/lang/pa_Arab.res" 1593
"../../../Engine/Content/Internationalization/icudt64l/lang/pa_PK.res" 1594
"../../../Engine/Content/Internationalization/icudt64l/lang/pa_Arab_PK.res" 1595
"../../../Engine/Content/Internationalization/icudt64l/region/pa_PK.res" 1596
"../../../Engine/Content/Internationalization/icudt64l/region/pa_Arab_PK.res" 1597
"../../../Engine/Content/Internationalization/icudt64l/region/pa_Arab.res" 1598
"../../../Engine/Content/Internationalization/icudt64l/lang/pa_Guru.res" 1599
"../../../Engine/Content/Internationalization/icudt64l/lang/pa_IN.res" 1600
"../../../Engine/Content/Internationalization/icudt64l/lang/pa_Guru_IN.res" 1601
"../../../Engine/Content/Internationalization/icudt64l/region/pa_IN.res" 1602
"../../../Engine/Content/Internationalization/icudt64l/region/pa_Guru_IN.res" 1603
"../../../Engine/Content/Internationalization/icudt64l/region/pa_Guru.res" 1604
"../../../Engine/Content/Internationalization/icudt64l/region/pa.res" 1605
"../../../Engine/Content/Internationalization/icudt64l/lang/ps.res" 1606
"../../../Engine/Content/Internationalization/icudt64l/region/ps.res" 1607
"../../../Engine/Content/Internationalization/icudt64l/lang/ps_PK.res" 1608
"../../../Engine/Content/Internationalization/icudt64l/region/ps_PK.res" 1609
"../../../Engine/Content/Internationalization/icudt64l/lang/pt.res" 1610
"../../../Engine/Content/Internationalization/icudt64l/lang/pt_AO.res" 1611
"../../../Engine/Content/Internationalization/icudt64l/lang/pt_PT.res" 1612
"../../../Engine/Content/Internationalization/icudt64l/region/pt_AO.res" 1613
"../../../Engine/Content/Internationalization/icudt64l/region/pt_PT.res" 1614
"../../../Engine/Content/Internationalization/icudt64l/region/pt.res" 1615
"../../../Engine/Content/Internationalization/icudt64l/lang/pt_CH.res" 1616
"../../../Engine/Content/Internationalization/icudt64l/region/pt_CH.res" 1617
"../../../Engine/Content/Internationalization/icudt64l/lang/pt_CV.res" 1618
"../../../Engine/Content/Internationalization/icudt64l/region/pt_CV.res" 1619
"../../../Engine/Content/Internationalization/icudt64l/lang/pt_GQ.res" 1620
"../../../Engine/Content/Internationalization/icudt64l/region/pt_GQ.res" 1621
"../../../Engine/Content/Internationalization/icudt64l/lang/pt_GW.res" 1622
"../../../Engine/Content/Internationalization/icudt64l/region/pt_GW.res" 1623
"../../../Engine/Content/Internationalization/icudt64l/lang/pt_LU.res" 1624
"../../../Engine/Content/Internationalization/icudt64l/region/pt_LU.res" 1625
"../../../Engine/Content/Internationalization/icudt64l/lang/pt_MO.res" 1626
"../../../Engine/Content/Internationalization/icudt64l/region/pt_MO.res" 1627
"../../../Engine/Content/Internationalization/icudt64l/lang/pt_MZ.res" 1628
"../../../Engine/Content/Internationalization/icudt64l/region/pt_MZ.res" 1629
"../../../Engine/Content/Internationalization/icudt64l/lang/pt_ST.res" 1630
"../../../Engine/Content/Internationalization/icudt64l/region/pt_ST.res" 1631
"../../../Engine/Content/Internationalization/icudt64l/lang/pt_TL.res" 1632
"../../../Engine/Content/Internationalization/icudt64l/region/pt_TL.res" 1633
"../../../Engine/Content/Internationalization/icudt64l/lang/qu.res" 1634
"../../../Engine/Content/Internationalization/icudt64l/region/qu.res" 1635
"../../../Engine/Content/Internationalization/icudt64l/lang/rm.res" 1636
"../../../Engine/Content/Internationalization/icudt64l/region/rm.res" 1637
"../../../Engine/Content/Internationalization/icudt64l/lang/rn.res" 1638
"../../../Engine/Content/Internationalization/icudt64l/region/rn.res" 1639
"../../../Engine/Content/Internationalization/icudt64l/lang/ro.res" 1640
"../../../Engine/Content/Internationalization/icudt64l/lang/ro_MD.res" 1641
"../../../Engine/Content/Internationalization/icudt64l/region/ro_MD.res" 1642
"../../../Engine/Content/Internationalization/icudt64l/region/ro.res" 1643
"../../../Engine/Content/Internationalization/icudt64l/lang/rof.res" 1644
"../../../Engine/Content/Internationalization/icudt64l/region/rof.res" 1645
"../../../Engine/Content/Internationalization/icudt64l/lang/ru.res" 1646
"../../../Engine/Content/Internationalization/icudt64l/region/ru.res" 1647
"../../../Engine/Content/Internationalization/icudt64l/region/ru_UA.res" 1648
"../../../Engine/Content/Internationalization/icudt64l/lang/rw.res" 1649
"../../../Engine/Content/Internationalization/icudt64l/region/rw.res" 1650
"../../../Engine/Content/Internationalization/icudt64l/lang/rwk.res" 1651
"../../../Engine/Content/Internationalization/icudt64l/region/rwk.res" 1652
"../../../Engine/Content/Internationalization/icudt64l/lang/sah.res" 1653
"../../../Engine/Content/Internationalization/icudt64l/region/sah.res" 1654
"../../../Engine/Content/Internationalization/icudt64l/lang/saq.res" 1655
"../../../Engine/Content/Internationalization/icudt64l/region/saq.res" 1656
"../../../Engine/Content/Internationalization/icudt64l/lang/sbp.res" 1657
"../../../Engine/Content/Internationalization/icudt64l/region/sbp.res" 1658
"../../../Engine/Content/Internationalization/icudt64l/lang/sd.res" 1659
"../../../Engine/Content/Internationalization/icudt64l/region/sd.res" 1660
"../../../Engine/Content/Internationalization/icudt64l/lang/se.res" 1661
"../../../Engine/Content/Internationalization/icudt64l/lang/se_FI.res" 1662
"../../../Engine/Content/Internationalization/icudt64l/region/se_FI.res" 1663
"../../../Engine/Content/Internationalization/icudt64l/region/se.res" 1664
"../../../Engine/Content/Internationalization/icudt64l/lang/seh.res" 1665
"../../../Engine/Content/Internationalization/icudt64l/region/seh.res" 1666
"../../../Engine/Content/Internationalization/icudt64l/lang/ses.res" 1667
"../../../Engine/Content/Internationalization/icudt64l/region/ses.res" 1668
"../../../Engine/Content/Internationalization/icudt64l/lang/sg.res" 1669
"../../../Engine/Content/Internationalization/icudt64l/region/sg.res" 1670
"../../../Engine/Content/Internationalization/icudt64l/lang/shi.res" 1671
"../../../Engine/Content/Internationalization/icudt64l/lang/shi_Latn.res" 1672
"../../../Engine/Content/Internationalization/icudt64l/lang/shi_MA.res" 1673
"../../../Engine/Content/Internationalization/icudt64l/lang/shi_Tfng_MA.res" 1674
"../../../Engine/Content/Internationalization/icudt64l/lang/shi_Tfng.res" 1675
"../../../Engine/Content/Internationalization/icudt64l/region/shi_MA.res" 1676
"../../../Engine/Content/Internationalization/icudt64l/region/shi_Tfng_MA.res" 1677
"../../../Engine/Content/Internationalization/icudt64l/region/shi_Tfng.res" 1678
"../../../Engine/Content/Internationalization/icudt64l/region/shi.res" 1679
"../../../Engine/Content/Internationalization/icudt64l/region/shi_Latn.res" 1680
"../../../Engine/Content/Internationalization/icudt64l/lang/si.res" 1681
"../../../Engine/Content/Internationalization/icudt64l/region/si.res" 1682
"../../../Engine/Content/Internationalization/icudt64l/lang/sk.res" 1683
"../../../Engine/Content/Internationalization/icudt64l/region/sk.res" 1684
"../../../Engine/Content/Internationalization/icudt64l/lang/sl.res" 1685
"../../../Engine/Content/Internationalization/icudt64l/region/sl.res" 1686
"../../../Engine/Content/Internationalization/icudt64l/lang/smn.res" 1687
"../../../Engine/Content/Internationalization/icudt64l/region/smn.res" 1688
"../../../Engine/Content/Internationalization/icudt64l/lang/sn.res" 1689
"../../../Engine/Content/Internationalization/icudt64l/region/sn.res" 1690
"../../../Engine/Content/Internationalization/icudt64l/lang/so.res" 1691
"../../../Engine/Content/Internationalization/icudt64l/region/so.res" 1692
"../../../Engine/Content/Internationalization/icudt64l/lang/sq.res" 1693
"../../../Engine/Content/Internationalization/icudt64l/region/sq.res" 1694
"../../../Engine/Content/Internationalization/icudt64l/lang/sr.res" 1695
"../../../Engine/Content/Internationalization/icudt64l/lang/sr_Cyrl.res" 1696
"../../../Engine/Content/Internationalization/icudt64l/lang/sr_BA.res" 1697
"../../../Engine/Content/Internationalization/icudt64l/lang/sr_Cyrl_BA.res" 1698
"../../../Engine/Content/Internationalization/icudt64l/region/sr_BA.res" 1699
"../../../Engine/Content/Internationalization/icudt64l/region/sr_Cyrl_BA.res" 1700
"../../../Engine/Content/Internationalization/icudt64l/region/sr_Cyrl.res" 1701
"../../../Engine/Content/Internationalization/icudt64l/region/sr.res" 1702
"../../../Engine/Content/Internationalization/icudt64l/lang/sr_ME.res" 1703
"../../../Engine/Content/Internationalization/icudt64l/lang/sr_Latn_ME.res" 1704
"../../../Engine/Content/Internationalization/icudt64l/lang/sr_Latn.res" 1705
"../../../Engine/Content/Internationalization/icudt64l/region/sr_ME.res" 1706
"../../../Engine/Content/Internationalization/icudt64l/region/sr_Latn_ME.res" 1707
"../../../Engine/Content/Internationalization/icudt64l/region/sr_Latn.res" 1708
"../../../Engine/Content/Internationalization/icudt64l/lang/sr_Cyrl_ME.res" 1709
"../../../Engine/Content/Internationalization/icudt64l/region/sr_Cyrl_ME.res" 1710
"../../../Engine/Content/Internationalization/icudt64l/lang/sr_RS.res" 1711
"../../../Engine/Content/Internationalization/icudt64l/lang/sr_Cyrl_RS.res" 1712
"../../../Engine/Content/Internationalization/icudt64l/region/sr_RS.res" 1713
"../../../Engine/Content/Internationalization/icudt64l/region/sr_Cyrl_RS.res" 1714
"../../../Engine/Content/Internationalization/icudt64l/lang/sr_XK.res" 1715
"../../../Engine/Content/Internationalization/icudt64l/lang/sr_Cyrl_XK.res" 1716
"../../../Engine/Content/Internationalization/icudt64l/region/sr_XK.res" 1717
"../../../Engine/Content/Internationalization/icudt64l/region/sr_Cyrl_XK.res" 1718
"../../../Engine/Content/Internationalization/icudt64l/lang/sr_Latn_BA.res" 1719
"../../../Engine/Content/Internationalization/icudt64l/region/sr_Latn_BA.res" 1720
"../../../Engine/Content/Internationalization/icudt64l/lang/sr_Latn_RS.res" 1721
"../../../Engine/Content/Internationalization/icudt64l/region/sr_Latn_RS.res" 1722
"../../../Engine/Content/Internationalization/icudt64l/lang/sr_Latn_XK.res" 1723
"../../../Engine/Content/Internationalization/icudt64l/region/sr_Latn_XK.res" 1724
"../../../Engine/Content/Internationalization/icudt64l/lang/sv.res" 1725
"../../../Engine/Content/Internationalization/icudt64l/region/sv.res" 1726
"../../../Engine/Content/Internationalization/icudt64l/lang/sv_FI.res" 1727
"../../../Engine/Content/Internationalization/icudt64l/lang/sw.res" 1728
"../../../Engine/Content/Internationalization/icudt64l/lang/sw_CD.res" 1729
"../../../Engine/Content/Internationalization/icudt64l/region/sw_CD.res" 1730
"../../../Engine/Content/Internationalization/icudt64l/region/sw.res" 1731
"../../../Engine/Content/Internationalization/icudt64l/lang/sw_KE.res" 1732
"../../../Engine/Content/Internationalization/icudt64l/region/sw_KE.res" 1733
"../../../Engine/Content/Internationalization/icudt64l/lang/ta.res" 1734
"../../../Engine/Content/Internationalization/icudt64l/region/ta.res" 1735
"../../../Engine/Content/Internationalization/icudt64l/lang/te.res" 1736
"../../../Engine/Content/Internationalization/icudt64l/region/te.res" 1737
"../../../Engine/Content/Internationalization/icudt64l/lang/teo.res" 1738
"../../../Engine/Content/Internationalization/icudt64l/region/teo.res" 1739
"../../../Engine/Content/Internationalization/icudt64l/lang/tg.res" 1740
"../../../Engine/Content/Internationalization/icudt64l/region/tg.res" 1741
"../../../Engine/Content/Internationalization/icudt64l/lang/th.res" 1742
"../../../Engine/Content/Internationalization/icudt64l/lang/th_TH.res" 1743
"../../../Engine/Content/Internationalization/icudt64l/region/th_TH.res" 1744
"../../../Engine/Content/Internationalization/icudt64l/region/th.res" 1745
"../../../Engine/Content/Internationalization/icudt64l/lang/ti.res" 1746
"../../../Engine/Content/Internationalization/icudt64l/region/ti.res" 1747
"../../../Engine/Content/Internationalization/icudt64l/lang/tk.res" 1748
"../../../Engine/Content/Internationalization/icudt64l/region/tk.res" 1749
"../../../Engine/Content/Internationalization/icudt64l/lang/to.res" 1750
"../../../Engine/Content/Internationalization/icudt64l/region/to.res" 1751
"../../../Engine/Content/Internationalization/icudt64l/lang/tr.res" 1752
"../../../Engine/Content/Internationalization/icudt64l/region/tr.res" 1753
"../../../Engine/Content/Internationalization/icudt64l/lang/tt.res" 1754
"../../../Engine/Content/Internationalization/icudt64l/region/tt.res" 1755
"../../../Engine/Content/Internationalization/icudt64l/lang/twq.res" 1756
"../../../Engine/Content/Internationalization/icudt64l/region/twq.res" 1757
"../../../Engine/Content/Internationalization/icudt64l/lang/tzm.res" 1758
"../../../Engine/Content/Internationalization/icudt64l/region/tzm.res" 1759
"../../../Engine/Content/Internationalization/icudt64l/lang/ug.res" 1760
"../../../Engine/Content/Internationalization/icudt64l/region/ug.res" 1761
"../../../Engine/Content/Internationalization/icudt64l/lang/uk.res" 1762
"../../../Engine/Content/Internationalization/icudt64l/region/uk.res" 1763
"../../../Engine/Content/Internationalization/icudt64l/lang/ur.res" 1764
"../../../Engine/Content/Internationalization/icudt64l/lang/ur_IN.res" 1765
"../../../Engine/Content/Internationalization/icudt64l/region/ur_IN.res" 1766
"../../../Engine/Content/Internationalization/icudt64l/region/ur.res" 1767
"../../../Engine/Content/Internationalization/icudt64l/lang/uz.res" 1768
"../../../Engine/Content/Internationalization/icudt64l/lang/uz_Arab.res" 1769
"../../../Engine/Content/Internationalization/icudt64l/lang/uz_AF.res" 1770
"../../../Engine/Content/Internationalization/icudt64l/lang/uz_Arab_AF.res" 1771
"../../../Engine/Content/Internationalization/icudt64l/region/uz_AF.res" 1772
"../../../Engine/Content/Internationalization/icudt64l/region/uz_Arab_AF.res" 1773
"../../../Engine/Content/Internationalization/icudt64l/region/uz_Arab.res" 1774
"../../../Engine/Content/Internationalization/icudt64l/lang/uz_Cyrl.res" 1775
"../../../Engine/Content/Internationalization/icudt64l/lang/uz_UZ.res" 1776
"../../../Engine/Content/Internationalization/icudt64l/lang/uz_Latn_UZ.res" 1777
"../../../Engine/Content/Internationalization/icudt64l/lang/uz_Latn.res" 1778
"../../../Engine/Content/Internationalization/icudt64l/region/uz_UZ.res" 1779
"../../../Engine/Content/Internationalization/icudt64l/region/uz_Latn_UZ.res" 1780
"../../../Engine/Content/Internationalization/icudt64l/region/uz_Latn.res" 1781
"../../../Engine/Content/Internationalization/icudt64l/region/uz.res" 1782
"../../../Engine/Content/Internationalization/icudt64l/region/uz_Cyrl.res" 1783
"../../../Engine/Content/Internationalization/icudt64l/lang/vai.res" 1784
"../../../Engine/Content/Internationalization/icudt64l/lang/vai_Latn.res" 1785
"../../../Engine/Content/Internationalization/icudt64l/lang/vai_LR.res" 1786
"../../../Engine/Content/Internationalization/icudt64l/lang/vai_Vaii_LR.res" 1787
"../../../Engine/Content/Internationalization/icudt64l/lang/vai_Vaii.res" 1788
"../../../Engine/Content/Internationalization/icudt64l/region/vai_LR.res" 1789
"../../../Engine/Content/Internationalization/icudt64l/region/vai_Vaii_LR.res" 1790
"../../../Engine/Content/Internationalization/icudt64l/region/vai_Vaii.res" 1791
"../../../Engine/Content/Internationalization/icudt64l/region/vai.res" 1792
"../../../Engine/Content/Internationalization/icudt64l/region/vai_Latn.res" 1793
"../../../Engine/Content/Internationalization/icudt64l/lang/vi.res" 1794
"../../../Engine/Content/Internationalization/icudt64l/region/vi.res" 1795
"../../../Engine/Content/Internationalization/icudt64l/lang/vun.res" 1796
"../../../Engine/Content/Internationalization/icudt64l/region/vun.res" 1797
"../../../Engine/Content/Internationalization/icudt64l/lang/wae.res" 1798
"../../../Engine/Content/Internationalization/icudt64l/region/wae.res" 1799
"../../../Engine/Content/Internationalization/icudt64l/lang/wo.res" 1800
"../../../Engine/Content/Internationalization/icudt64l/region/wo.res" 1801
"../../../Engine/Content/Internationalization/icudt64l/lang/xh.res" 1802
"../../../Engine/Content/Internationalization/icudt64l/region/xh.res" 1803
"../../../Engine/Content/Internationalization/icudt64l/lang/xog.res" 1804
"../../../Engine/Content/Internationalization/icudt64l/region/xog.res" 1805
"../../../Engine/Content/Internationalization/icudt64l/lang/yav.res" 1806
"../../../Engine/Content/Internationalization/icudt64l/region/yav.res" 1807
"../../../Engine/Content/Internationalization/icudt64l/lang/yi.res" 1808
"../../../Engine/Content/Internationalization/icudt64l/region/yi.res" 1809
"../../../Engine/Content/Internationalization/icudt64l/lang/yo.res" 1810
"../../../Engine/Content/Internationalization/icudt64l/lang/yo_BJ.res" 1811
"../../../Engine/Content/Internationalization/icudt64l/region/yo_BJ.res" 1812
"../../../Engine/Content/Internationalization/icudt64l/region/yo.res" 1813
"../../../Engine/Content/Internationalization/icudt64l/lang/yue.res" 1814
"../../../Engine/Content/Internationalization/icudt64l/lang/yue_Hans.res" 1815
"../../../Engine/Content/Internationalization/icudt64l/lang/yue_CN.res" 1816
"../../../Engine/Content/Internationalization/icudt64l/lang/yue_Hans_CN.res" 1817
"../../../Engine/Content/Internationalization/icudt64l/region/yue_CN.res" 1818
"../../../Engine/Content/Internationalization/icudt64l/region/yue_Hans_CN.res" 1819
"../../../Engine/Content/Internationalization/icudt64l/region/yue_Hans.res" 1820
"../../../Engine/Content/Internationalization/icudt64l/lang/yue_Hant.res" 1821
"../../../Engine/Content/Internationalization/icudt64l/lang/yue_HK.res" 1822
"../../../Engine/Content/Internationalization/icudt64l/lang/yue_Hant_HK.res" 1823
"../../../Engine/Content/Internationalization/icudt64l/region/yue_HK.res" 1824
"../../../Engine/Content/Internationalization/icudt64l/region/yue_Hant_HK.res" 1825
"../../../Engine/Content/Internationalization/icudt64l/region/yue_Hant.res" 1826
"../../../Engine/Content/Internationalization/icudt64l/region/yue.res" 1827
"../../../Engine/Content/Internationalization/icudt64l/lang/zgh.res" 1828
"../../../Engine/Content/Internationalization/icudt64l/region/zgh.res" 1829
"../../../Engine/Content/Internationalization/icudt64l/lang/zh.res" 1830
"../../../Engine/Content/Internationalization/icudt64l/lang/zh_Hans.res" 1831
"../../../Engine/Content/Internationalization/icudt64l/lang/zh_CN.res" 1832
"../../../Engine/Content/Internationalization/icudt64l/lang/zh_Hans_CN.res" 1833
"../../../Engine/Content/Internationalization/icudt64l/region/zh_CN.res" 1834
"../../../Engine/Content/Internationalization/icudt64l/region/zh_Hans_CN.res" 1835
"../../../Engine/Content/Internationalization/icudt64l/region/zh_Hans.res" 1836
"../../../Engine/Content/Internationalization/icudt64l/region/zh.res" 1837
"../../../Engine/Content/Internationalization/icudt64l/lang/zh_HK.res" 1838
"../../../Engine/Content/Internationalization/icudt64l/lang/zh_Hant_HK.res" 1839
"../../../Engine/Content/Internationalization/icudt64l/lang/zh_Hant.res" 1840
"../../../Engine/Content/Internationalization/icudt64l/region/zh_HK.res" 1841
"../../../Engine/Content/Internationalization/icudt64l/region/zh_Hant_HK.res" 1842
"../../../Engine/Content/Internationalization/icudt64l/region/zh_Hant.res" 1843
"../../../Engine/Content/Internationalization/icudt64l/lang/zh_MO.res" 1844
"../../../Engine/Content/Internationalization/icudt64l/lang/zh_Hant_MO.res" 1845
"../../../Engine/Content/Internationalization/icudt64l/region/zh_MO.res" 1846
"../../../Engine/Content/Internationalization/icudt64l/region/zh_Hant_MO.res" 1847
"../../../Engine/Content/Internationalization/icudt64l/lang/zh_SG.res" 1848
"../../../Engine/Content/Internationalization/icudt64l/lang/zh_Hans_SG.res" 1849
"../../../Engine/Content/Internationalization/icudt64l/region/zh_SG.res" 1850
"../../../Engine/Content/Internationalization/icudt64l/region/zh_Hans_SG.res" 1851
"../../../Engine/Content/Internationalization/icudt64l/lang/zh_TW.res" 1852
"../../../Engine/Content/Internationalization/icudt64l/lang/zh_Hant_TW.res" 1853
"../../../Engine/Content/Internationalization/icudt64l/region/zh_TW.res" 1854
"../../../Engine/Content/Internationalization/icudt64l/region/zh_Hant_TW.res" 1855
"../../../Engine/Content/Internationalization/icudt64l/lang/zu.res" 1856
"../../../Engine/Content/Internationalization/icudt64l/region/zu.res" 1857
"../../../Engine/Content/Internationalization/icudt64l/lang/no.res" 1858
"../../../Engine/Content/Internationalization/icudt64l/lang/tl.res" 1859
"../../../Engine/Config/Android/DataDrivenPlatformInfo.ini" 1860
"../../../Engine/Config/IOS/DataDrivenPlatformInfo.ini" 1861
"../../../Engine/Config/Linux/DataDrivenPlatformInfo.ini" 1862
"../../../Engine/Config/LinuxArm64/DataDrivenPlatformInfo.ini" 1863
"../../../Engine/Config/Mac/DataDrivenPlatformInfo.ini" 1864
"../../../Engine/Config/TVOS/DataDrivenPlatformInfo.ini" 1865
"../../../Engine/Config/Unix/DataDrivenPlatformInfo.ini" 1866
"../../../Engine/Config/VulkanPC/DataDrivenPlatformInfo.ini" 1867
"../../../Engine/Config/Windows/DataDrivenPlatformInfo.ini" 1868
"../../../Engine/Platforms/VisionOS/Config/DataDrivenPlatformInfo.ini" 1869
"../../../Engine/Content/Renderer/TessellationTable.bin" 1870
"../../../Engine/DerivedDataCache/Compressed.ddp" 1871
"C:/Users/Domin/AppData/Local/UnrealEngine/5.5/Saved/Zen/zen.version" 1872
"C:/Users/Domin/AppData/Local/UnrealEngine/Common/Zen/Install/zen.version" 1873
"C:/Users/Domin/AppData/Local/UnrealEngine/Common/Zen/Install/zenserver.runcontext" 1874
"C:/Users/Domin/AppData/Local/UnrealEngine/Common/DerivedDataCache/TestData/0/TestData_4kb.dat" 1875
"C:/Users/Domin/AppData/Local/UnrealEngine/Common/DerivedDataCache/TestData/1/TestData_4kb.dat" 1876
"C:/Users/Domin/AppData/Local/UnrealEngine/Common/DerivedDataCache/TestData/0/TestData_8kb.dat" 1877
"C:/Users/Domin/AppData/Local/UnrealEngine/Common/DerivedDataCache/TestData/1/TestData_8kb.dat" 1878
"C:/Users/Domin/AppData/Local/UnrealEngine/Common/DerivedDataCache/TestData/0/TestData_16kb.dat" 1879
"C:/Users/Domin/AppData/Local/UnrealEngine/Common/DerivedDataCache/TestData/1/TestData_16kb.dat" 1880
"C:/Users/Domin/AppData/Local/UnrealEngine/Common/DerivedDataCache/TestData/0/TestData_64kb.dat" 1881
"C:/Users/Domin/AppData/Local/UnrealEngine/Common/DerivedDataCache/TestData/1/TestData_64kb.dat" 1882
"C:/Users/Domin/AppData/Local/UnrealEngine/Common/DerivedDataCache/TestData/0/TestData_128kb.dat" 1883
"C:/Users/Domin/AppData/Local/UnrealEngine/Common/DerivedDataCache/TestData/1/TestData_128kb.dat" 1884
"C:/Users/Domin/AppData/Local/UnrealEngine/Common/DerivedDataCache/TestData/0/TestData_256kb.dat" 1885
"C:/Users/Domin/AppData/Local/UnrealEngine/Common/DerivedDataCache/TestData/1/TestData_256kb.dat" 1886
"../../../../../../Repos/Unreal_stealth/Unreal_stealth_proj/Stealth_game/Intermediate/ShaderAutogen/PCD3D_SM6/AutogenShaderHeaders.ush" 1887
"../../../Engine/Shaders/Private/HairStrands/HairStrandsVertexFactory.ush" 1888
"../../../Engine/Shaders/Private/VertexFactoryCommon.ush" 1889
"../../../Engine/Shaders/Private/Common.ush" 1890
"../../../Engine/Shaders/Public/Platform.ush" 1891
"../../../Engine/Shaders/Public/FP16Math.ush" 1892
"../../../Engine/Shaders/Public/Platform/D3D/D3DCommon.ush" 1893
"../../../Engine/Shaders/Shared/HLSLReservedSpaces.h" 1894
"../../../Engine/Shaders/Shared/RayTracingBuiltInResources.h" 1895
"../../../Engine/Shaders/Shared/RayTracingDefinitions.h" 1896
"../../../Engine/Shaders/Public/BindlessResources.ush" 1897
"../../../Engine/Shaders/Public/OverloadMacros.ush" 1898
"../../../Engine/Shaders/Public/ShaderVersion.ush" 1899
"../../../Engine/Shaders/Private/PackUnpack.ush" 1900
"../../../Engine/Shaders/Private/GeneratedUniformBufferTypes.ush" 1901
"../../../Engine/Shaders/Private/Nanite/NanitePackedNaniteView.ush" 1902
"../../../Engine/Shaders/Private/HairStrands/HairStrandsVisibilityCommonStruct.ush" 1903
"../../../Engine/Shaders/Private/HairStrands/HairStrandsVoxelPageCommonStruct.ush" 1904
"../../../Engine/Shaders/Private/HairStrands/HairStrandsDeepShadowCommonStruct.ush" 1905
"../../../Engine/Shaders/Shared/LightSceneData.h" 1906
"../../../Engine/Shaders/Shared/HLSLTypeAliases.h" 1907
"../../../Engine/Shaders/Private/LargeWorldCoordinates.ush" 1908
"../../../Engine/Shaders/Private/DoubleFloat.ush" 1909
"../../../Engine/Shaders/Private/RandomPCG.ush" 1910
"../../../Engine/Shaders/Private/DoubleFloatOperations.ush" 1911
"../../../Engine/Shaders/Private/DoubleFloatVectorDefinition.ush" 1912
"../../../Engine/Shaders/Private/LWCOperations.ush" 1913
"../../../Engine/Shaders/Shared/RayTracingTypes.h" 1914
"../../../Engine/Shaders/Shared/HLSLStaticAssert.h" 1915
"../../../Engine/Shaders/Private/CommonViewUniformBuffer.ush" 1916
"../../../Engine/Shaders/Private/InstancedStereo.ush" 1917
"../../../Engine/Shaders/Private/Definitions.usf" 1918
"../../../Engine/Shaders/Private/AssertionMacros.ush" 1919
"../../../Engine/Shaders/Private/FastMath.ush" 1920
"../../../Engine/Shaders/Private/FastMathThirdParty.ush" 1921
"../../../Engine/Shaders/Private/Random.ush" 1922
"../../../Engine/Shaders/Private/RandomInterleavedGradientNoise.ush" 1923
"../../../Engine/Shaders/Private/SceneData.ush" 1924
"../../../Engine/Shaders/Private/OctahedralCommon.ush" 1925
"../../../Engine/Shaders/Private/WaveOpUtil.ush" 1926
"../../../Engine/Shaders/Shared/SceneDefinitions.h" 1927
"../../../Engine/Shaders/Private/SceneDataMobileLoader.ush" 1928
"../../../Engine/Shaders/Private/LocalVertexFactoryCommon.ush" 1929
"../../../Engine/Shaders/Private/HairStrands/HairStrandsVisibilityCommon.ush" 1930
"../../../Engine/Shaders/Shared/HairStrandsDefinitions.h" 1931
"../../../Engine/Shaders/Private/HairStrands/HairStrandsVertexFactoryCommon.ush" 1932
"../../../Engine/Shaders/Private/HairStrands/HairStrandsPack.ush" 1933
"../../../Engine/Shaders/Private/HairStrands/HairStrandsAttributeCommon.ush" 1934
"../../../Engine/Shaders/Private/HairStrands/HairStrandsAttributeTemplate.ush" 1935
"../../../Engine/Shaders/Private/VertexFactoryDefaultInterface.ush" 1936
"../../../Engine/Shaders/Private/HairStrands/HairCardsVertexFactory.ush" 1937
"../../../Engine/Shaders/Private/HairStrands/HairCardsAttributeCommon.ush" 1938
"../../../Engine/Shaders/Private/RayTracing/RayTracingCommon.ush" 1939
"../../../Engine/Shaders/Private/ShadingCommon.ush" 1940
"../../../Engine/Shaders/Shared/RayTracingPayloadType.h" 1941
"../../../Engine/Shaders/Private/RayTracing/RayTracingRayCone.ush" 1942
"../../../Engine/Shaders/Private/Substrate/Substrate.ush" 1943
"../../../Engine/Shaders/Private/ShadingEnergyConservation.ush" 1944
"../../../Engine/Shaders/Private/ShadingEnergyConservationTemplate.ush" 1945
"../../../Engine/Shaders/Private/BRDF.ush" 1946
"../../../Engine/Shaders/Private/ColorSpace.ush" 1947
"../../../Engine/Shaders/Private/DeferredShadingCommon.ush" 1948
"../../../Engine/Shaders/Private/LightAccumulator.ush" 1949
"../../../Engine/Shaders/Private/SceneTexturesCommon.ush" 1950
"../../../Engine/Shaders/Private/MonteCarlo.ush" 1951
"../../../Engine/Shaders/Private/GBufferHelpers.ush" 1952
"../../../Engine/Shaders/Private/SceneTextureParameters.ush" 1953
"C:/Repos/Unreal_stealth/Unreal_stealth_proj/Stealth_game/Intermediate/ShaderAutogen/PCD3D_SM6/AutogenShaderHeaders.ush" 1954
"../../../Engine/Shaders/Private/ParticipatingMediaCommon.ush" 1955
"../../../Engine/Shaders/Private/ThinFilmBSDF.ush" 1956
"../../../Engine/Shaders/Private/MortonCode.ush" 1957
"../../../Engine/Shaders/Private/SubsurfaceProfileCommon.ush" 1958
"../../../Engine/Shaders/Private/BurleyNormalizedSSSCommon.ush" 1959
"../../../Engine/Shaders/Private/GammaCorrectionCommon.ush" 1960
"../../../Engine/Shaders/Shared/SubstrateDefinitions.h" 1961
"../../../Engine/Shaders/Private/Substrate/SubstrateStatisticalOperators.ush" 1962
"../../../Engine/Shaders/Private/Substrate/SubstrateSubsurface.ush" 1963
"../../../Engine/Shaders/Private/TransmissionCommon.ush" 1964
"../../../Engine/Shaders/Private/SpecularProfileCommon.ush" 1965
"../../../Engine/Shaders/Private/RayTracing/RayTracingCommonMetal.ush" 1966
"../../../Engine/Shaders/Private/PositionReconstructionCommon.ush" 1967
"../../../Engine/Shaders/Private/RayTracing/TraceRayInline.ush" 1968
"../../../Engine/Shaders/Private/RayTracing/TraceRayInlineCommon.ush" 1969
"../../../Engine/Shaders/Private/RayTracing/TraceRayInlineVulkan.ush" 1970
"../../../Engine/Shaders/Private/RayTracing/TraceRayInlineMetal.ush" 1971
"../../../Engine/Shaders/Private/RayTracing/RayTracingHitGroupCommon.ush" 1972
"../../../Engine/Shaders/Private/Nanite/NaniteDataDecode.ush" 1973
"../../../Engine/Shaders/Private/BitPacking.ush" 1974
"../../../Engine/Shaders/Private/BitStreamReaderImplementation.ush" 1975
"../../../Engine/Shaders/Private/BoneTransform.ush" 1976
"../../../Engine/Shaders/Private/Quaternion.ush" 1977
"../../../Engine/Shaders/Shared/NaniteDefinitions.h" 1978
"../../../Engine/Shaders/Private/Nanite/NaniteAttributeDecode.ush" 1979
"../../../Engine/Shaders/Private/Barycentrics.ush" 1980
"../../../Engine/Shaders/Private/DualNumber.ush" 1981
"../../../Engine/Plugins/FX/Niagara/Shaders/Private/NiagaraSpriteVertexFactory.ush" 1982
"../../../Engine/Shaders/Private/ParticleVertexFactoryCommon.ush" 1983
"../../../Engine/Plugins/FX/Niagara/Shaders/Private/NiagaraVFCommon.usf" 1984
"../../../Engine/Plugins/FX/Niagara/Shaders/Private/NiagaraVFParticleAccess.usf" 1985
"../../../Engine/Plugins/FX/Niagara/Shaders/Private/NiagaraParticleAccess.ush" 1986
"../../../Engine/Plugins/FX/Niagara/Shaders/Private/NiagaraRibbonVertexFactory.ush" 1987
"../../../Engine/Plugins/FX/Niagara/Shaders/Private/NiagaraMeshVertexFactory.ush" 1988
"../../../Engine/Plugins/FX/Niagara/Shaders/Private/NiagaraCommon.ush" 1989
"../../../Engine/Plugins/FX/Niagara/Shaders/Private/NiagaraMeshParticleUtils.ush" 1990
"../../../Engine/Shaders/Private/VectorFieldVisualizationVertexFactory.ush" 1991
"../../../Engine/Shaders/Private/Nanite/NaniteVertexFactory.ush" 1992
"../../../Engine/Shaders/Private/LightmapData.ush" 1993
"../../../Engine/Shaders/Private/SplineMeshCommon.ush" 1994
"../../../Engine/Shaders/Shared/SplineMeshShaderParams.h" 1995
"../../../Engine/Shaders/Private/ShaderPrint.ush" 1996
"../../../Engine/Shaders/Private/ShaderPrintCommon.ush" 1997
"../../../Engine/Shaders/Private/MiniFontCommon.ush" 1998
"../../../Engine/Shaders/Private/Nanite/NaniteSceneCommon.ush" 1999
"../../../Engine/Shaders/Private/Nanite/NaniteVertexDeformation.ush" 2000
"../../../Engine/Shaders/Private/ParticleSpriteVertexFactory.ush" 2001
"../../../Engine/Shaders/Private/ParticleGPUSpriteVertexFactory.ush" 2002
"../../../Engine/Shaders/Private/ParticleSimulationCommon.ush" 2003
"../../../Engine/Shaders/Private/ParticleBeamTrailVertexFactory.ush" 2004
"../../../Engine/Shaders/Private/MeshParticleVertexFactory.ush" 2005
"../../../Engine/Shaders/Private/LocalVertexFactory.ush" 2006
"../../../Engine/Shaders/Private/GpuSkinCommon.ush" 2007
"../../../Engine/Shaders/Private/GpuSkinVertexFactory.ush" 2008
"../../../Engine/Shaders/Private/GeometryCollectionVertexFactory.ush" 2009
"../../../Engine/Shaders/Private/GeometryCacheVertexFactory.ush" 2010
"../../../Engine/Shaders/Private/LandscapeVertexFactory.ush" 2011
"../../../Engine/Plugins/Experimental/Compositing/HoldoutComposite/Shaders/Private/HoldoutCompositeFinal.usf" 2012
"../../../Engine/Shaders/Private/ScreenPass.ush" 2013
"../../../Engine/Shaders/Private/LensDistortion.ush" 2014
"../../../Engine/Plugins/Experimental/Compositing/HoldoutComposite/Shaders/Private/HoldoutCompositeSSRInput.usf" 2015
"../../../Engine/Plugins/Experimental/Compositing/HoldoutComposite/Shaders/Private/HoldoutCompositeDilate.usf" 2016
"../../../Engine/Plugins/NNE/NNEDenoiser/Shaders/NNEDenoiserShadersTransferFunctionOidn.usf" 2017
"../../../Engine/Plugins/NNE/NNEDenoiser/Shaders/NNEDenoiserShadersMappedCopy.usf" 2018
"../../../Engine/Plugins/NNE/NNEDenoiser/Shaders/NNEDenoiserShadersDefaultIOProcess.usf" 2019
"../../../Engine/Plugins/NNE/NNEDenoiser/Shaders/NNEDenoiserShadersAutoExposureReduceFinal.usf" 2020
"../../../Engine/Plugins/NNE/NNEDenoiser/Shaders/NNEDenoiserShadersAutoExposureReduce.usf" 2021
"../../../Engine/Plugins/NNE/NNEDenoiser/Shaders/NNEDenoiserShadersAutoExposureDownsample.usf" 2022
"../../../Engine/Plugins/Media/WmfMedia/Shaders/Private/MediaHardwareVideoDecoding.usf" 2023
"../../../Engine/Shaders/Private/ColorUtils.ush" 2024
"../../../Engine/Plugins/Media/ImgMedia/Shaders/Private/ExrSwizzler.usf" 2025
"../../../Engine/Plugins/Enterprise/GLTFExporter/Shaders/Private/SimpleTexture2DPS.usf" 2026
"../../../Engine/Shaders/Private/SimpleElementNormalMapPixelShader.usf" 2027
"../../../Engine/Plugins/Runtime/HairStrands/Shaders/Private/NiagaraCopyVelocityGrid.usf" 2028
"../../../Engine/Plugins/Runtime/HairStrands/Shaders/Private/NiagaraClearVelocityGrid.usf" 2029
"../../../Engine/Plugins/Runtime/HairStrands/Shaders/Private/NiagaraClearPressureGrid.usf" 2030
"../../../Engine/Plugins/Runtime/HairStrands/Shaders/Private/NiagaraInterpolateGroomGuides.usf" 2031
"../../../Engine/Plugins/Runtime/HairStrands/Shaders/Private/NiagaraGroomInterpolationUtils.ush" 2032
"../../../Engine/Plugins/FX/Niagara/Shaders/Private/NiagaraQuaternionUtils.ush" 2033
"../../../Engine/Shaders/Private/HairStrands/HairStrandsMesh.usf" 2034
"../../../Engine/Shaders/Private/HairStrands/HairStrandsBindingCommon.ush" 2035
"../../../Engine/Shaders/Private/HairStrands/HairStrandsFollicleMask.usf" 2036
"../../../Engine/Shaders/Private/HairStrands/HairStrandsSkinUpdate.usf" 2037
"../../../Engine/Shaders/Private/HairStrands/HairStrandsClusterCulling.usf" 2038
"../../../Engine/Shaders/Private/ColorMap.ush" 2039
"../../../Engine/Shaders/Private/HairStrands/HairStrandsAABBCommon.ush" 2040
"../../../Engine/Shaders/Private/HairStrands/HairStrandsClusterCommon.ush" 2041
"../../../Engine/Shaders/Private/ThreadGroupPrefixSum.ush" 2042
"../../../Engine/Shaders/Private/HairStrands/HairStrandsRaytracingGeometry.usf" 2043
"../../../Engine/Shaders/Private/HairStrands/HairStrandsTangent.usf" 2044
"../../../Engine/Shaders/Private/HairStrands/HairCardsDeformation.usf" 2045
"../../../Engine/Shaders/Private/HairStrands/HairStrandsInterpolation.usf" 2046
"../../../Engine/Shaders/Private/HairStrands/HairStrandsGuideDeform.usf" 2047
"../../../Engine/Shaders/Private/HairStrands/HairStrandsTexturesGeneration.usf" 2048
"../../../Engine/Shaders/Private/HairStrands/HairCardsTextureCommon.ush" 2049
"../../../Engine/Shaders/Private/HairStrands/HairStrandsTranscode.usf" 2050
"../../../Engine/Shaders/Private/HairStrands/HairStrandsDebug.usf" 2051
"../../../Engine/Shaders/Private/HairShadingCommon.ush" 2052
"../../../Engine/Shaders/Private/PostProcessCommon.ush" 2053
"../../../Engine/Shaders/Private/Matrices.ush" 2054
"../../../Engine/Shaders/Private/ShadingModels.ush" 2055
"../../../Engine/Shaders/Private/CapsuleLight.ush" 2056
"../../../Engine/Shaders/Private/RectLight.ush" 2057
"../../../Engine/Shaders/Private/LightData.ush" 2058
"../../../Engine/Shaders/Shared/LightDefinitions.h" 2059
"../../../Engine/Shaders/Private/AreaLightCommon.ush" 2060
"../../../Engine/Shaders/Private/HairBsdf.ush" 2061
"../../../Engine/Shaders/Private/MobileGGX.ush" 2062
"../../../Engine/Shaders/Private/HairStrands/HairStrandsCommon.ush" 2063
"../../../Engine/Shaders/Private/HairStrands/HairStrandsEnvironmentLightingCommon.ush" 2064
"../../../Engine/Shaders/Private/HairStrands/HairStrandsDeepTransmittanceCommon.ush" 2065
"../../../Engine/Shaders/Private/HairStrands/HairStrandsDeepTransmittanceDualScattering.ush" 2066
"../../../Engine/Shaders/Private/HairStrands/HairStrandsDeepShadowCommon.ush" 2067
"../../../Engine/Shaders/Private/HairStrands/HairStrandsDebugCommonStruct.ush" 2068
"../../../Engine/Plugins/FX/Niagara/Shaders/Private/Stateless/NiagaraStatelessSimulationExample1.usf" 2069
"../../../Engine/Plugins/FX/Niagara/Shaders/Private/Stateless/NiagaraStatelessSimulationTemplate.ush" 2070
"../../../Engine/Plugins/FX/Niagara/Shaders/Private/Stateless/NiagaraStatelessCommon.ush" 2071
"../../../Engine/Plugins/FX/Niagara/Shaders/Shared/NiagaraStatelessDefinitions.h" 2072
"../../../Engine/Plugins/FX/Niagara/Shaders/Shared/NiagaraStatelessBuiltDistribution.h" 2073
"../../../Engine/Plugins/FX/Niagara/Shaders/Private/Stateless/NiagaraStatelessDistribution.ush" 2074
"../../../Engine/Shaders/Private/ComputeShaderUtils.ush" 2075
"../../../Engine/Plugins/FX/Niagara/Shaders/Private/Stateless/Modules/NiagaraStatelessModule_CalculateAccurateVelocity.ush" 2076
"../../../Engine/Plugins/FX/Niagara/Shaders/Private/Stateless/Modules/NiagaraStatelessModule_CameraOffset.ush" 2077
"../../../Engine/Plugins/FX/Niagara/Shaders/Private/Stateless/Modules/NiagaraStatelessModule_DynamicMaterialParameters.ush" 2078
"../../../Engine/Plugins/FX/Niagara/Shaders/Private/Stateless/Modules/NiagaraStatelessModule_InitializeParticle.ush" 2079
"../../../Engine/Plugins/FX/Niagara/Shaders/Private/Stateless/Modules/NiagaraStatelessModule_InitialMeshOrientation.ush" 2080
"../../../Engine/Plugins/FX/Niagara/Shaders/Private/Stateless/Modules/NiagaraStatelessModule_MeshIndex.ush" 2081
"../../../Engine/Plugins/FX/Niagara/Shaders/Private/Stateless/Modules/NiagaraStatelessModule_MeshRotationRate.ush" 2082
"../../../Engine/Plugins/FX/Niagara/Shaders/Private/Stateless/Modules/NiagaraStatelessModule_RotateAroundPoint.ush" 2083
"../../../Engine/Plugins/FX/Niagara/Shaders/Private/Stateless/Modules/NiagaraStatelessModule_ShapeLocation.ush" 2084
"../../../Engine/Plugins/FX/Niagara/Shaders/Private/Stateless/Modules/NiagaraStatelessModule_ScaleColor.ush" 2085
"../../../Engine/Plugins/FX/Niagara/Shaders/Private/Stateless/Modules/NiagaraStatelessModule_ScaleSpriteSize.ush" 2086
"../../../Engine/Plugins/FX/Niagara/Shaders/Private/Stateless/Modules/NiagaraStatelessModule_ScaleSpriteSizeBySpeed.ush" 2087
"../../../Engine/Plugins/FX/Niagara/Shaders/Private/Stateless/Modules/NiagaraStatelessModule_ScaleMeshSize.ush" 2088
"../../../Engine/Plugins/FX/Niagara/Shaders/Private/Stateless/Modules/NiagaraStatelessModule_ScaleMeshSizebySpeed.ush" 2089
"../../../Engine/Plugins/FX/Niagara/Shaders/Private/Stateless/Modules/NiagaraStatelessModule_SolveVelocitiesAndForces.ush" 2090
"../../../Engine/Plugins/FX/Niagara/Shaders/Private/Stateless/Modules/NiagaraStatelessModule_SpriteFacingAndAlignment.ush" 2091
"../../../Engine/Plugins/FX/Niagara/Shaders/Private/Stateless/Modules/NiagaraStatelessModule_SpriteRotationRate.ush" 2092
"../../../Engine/Plugins/FX/Niagara/Shaders/Private/Stateless/Modules/NiagaraStatelessModule_SubUVAnimation.ush" 2093
"../../../Engine/Plugins/FX/Niagara/Shaders/Private/Stateless/NiagaraStatelessSimulationDefault.usf" 2094
"../../../Engine/Plugins/FX/Niagara/Shaders/Private/NiagaraSVTToDenseBuffer.usf" 2095
"../../../Engine/Shaders/Private/SparseVolumeTexture/SparseVolumeTextureCommon.ush" 2096
"../../../Engine/Plugins/FX/Niagara/Shaders/Private/NiagaraFillIntBuffer.usf" 2097
"../../../Engine/Plugins/FX/Niagara/Shaders/Private/NiagaraComputeFreeIDs.usf" 2098
"../../../Engine/Plugins/FX/Niagara/Shaders/Private/NiagaraInitFreeIDBuffer.usf" 2099
"../../../Engine/Plugins/FX/Niagara/Shaders/Private/NiagaraEmitterInstanceShader.usf" 2100
"../../../Engine/Plugins/FX/Niagara/Shaders/Private/NiagaraShaderVersion.ush" 2101
"../../../Engine/Shaders/Private/DistanceField/GlobalDistanceFieldShared.ush" 2102
"../../../Engine/Plugins/FX/Niagara/Shaders/Private/NiagaraPhysicsCommon.ush" 2103
"../../../Engine/Plugins/FX/Niagara/Shaders/Private/Ribbons/NiagaraRibbonGenerateIndices.usf" 2104
"../../../Engine/Plugins/FX/Niagara/Shaders/Private/Ribbons/NiagaraRibbonCommon.ush" 2105
"../../../Engine/Plugins/FX/Niagara/Shaders/Private/Ribbons/NiagaraRibbonInitializeIndices.usf" 2106
"../../../Engine/Plugins/FX/Niagara/Shaders/Private/Ribbons/NiagaraRibbonRibbonUVParamCalculation.usf" 2107
"../../../Engine/Plugins/FX/Niagara/Shaders/Private/Ribbons/NiagaraRibbonVertexReductionFinalization.usf" 2108
"../../../Engine/Plugins/FX/Niagara/Shaders/Private/Ribbons/NiagaraRibbonVertexReductionPropagation.usf" 2109
"../../../Engine/Plugins/FX/Niagara/Shaders/Private/Ribbons/NiagaraRibbonVertexReductionInitialization.usf" 2110
"../../../Engine/Plugins/FX/Niagara/Shaders/Private/Ribbons/NiagaraRibbonSortParticles.usf" 2111
"../../../Engine/Plugins/FX/Niagara/Shaders/Private/NiagaraUpdateMeshGPUSceneInstances.usf" 2112
"../../../Engine/Shaders/Private/GPUScene/GPUSceneWriter.ush" 2113
"../../../Engine/Plugins/FX/Niagara/Shaders/Private/NiagaraGenerateMips.usf" 2114
"../../../Engine/Plugins/FX/Niagara/Shaders/Private/NiagaraDebugDraw.usf" 2115
"../../../Engine/Plugins/FX/Niagara/Shaders/Private/NiagaraDebugDraw.ush" 2116
"../../../Engine/Plugins/FX/Niagara/Shaders/Private/NiagaraVisualizeTexture.usf" 2117
"../../../Engine/Plugins/FX/Niagara/Shaders/Private/NiagaraClearCounts.usf" 2118
"../../../Engine/Plugins/FX/Niagara/Shaders/Private/NiagaraBatchedElements.usf" 2119
"../../../Engine/Plugins/FX/Niagara/Shaders/Private/NiagaraRayTracingShaders.usf" 2120
"../../../Engine/Plugins/FX/Niagara/Shaders/Private/NiagaraAsyncGpuTraceCommon.ush" 2121
"../../../Engine/Shaders/Private/HashTable.ush" 2122
"../../../Engine/Shaders/Private/Hash.ush" 2123
"../../../Engine/Shaders/Private/RayTracing/VFXTraceRay.ush" 2124
"../../../Engine/Plugins/FX/Niagara/Shaders/Private/NiagaraRayMarchingShaders.usf" 2125
"../../../Engine/Plugins/FX/Niagara/Shaders/Private/NiagaraRayTraceCollisionGroupShaders.usf" 2126
"../../../Engine/Plugins/FX/Niagara/Shaders/Private/NiagaraAsyncGpuTraceUtils.usf" 2127
"../../../Engine/Plugins/FX/Niagara/Shaders/Private/NiagaraSortKeyGen.usf" 2128
"../../../Engine/Plugins/FX/Niagara/Shaders/Private/NiagaraGPURayTracingTransforms.usf" 2129
"../../../Engine/Plugins/FX/Niagara/Shaders/Private/NiagaraDrawIndirectArgsGen.usf" 2130
"../../../Engine/Plugins/FX/Niagara/Shaders/Private/NiagaraDispatchIndirectArgsGen.usf" 2131
"../../../Engine/Plugins/Runtime/ComputeFramework/Shaders/Private/ComputeKernel.usf" 2132
"../../../Engine/Plugins/Runtime/ComputeFramework/Shaders/Private/ComputeKernelCommon.ush" 2133
"../../../Engine/Plugins/Experimental/NFORDenoise/Shaders/NFORDenoise.usf" 2134
"../../../Engine/Plugins/Experimental/NFORDenoise/Shaders/NFORRegressionCommon.ush" 2135
"../../../Engine/Plugins/Experimental/NFORDenoise/Shaders/NFORRegression.ush" 2136
"../../../Engine/Shaders/Private/VirtualTextureAdapter.usf" 2137
"../../../Engine/Shaders/Private/BlockCompressionCommon.ush" 2138
"../../../Engine/Shaders/Private/BCCompressionCommon.ush" 2139
"../../../Engine/Shaders/Private/TranslucentLightingShaders.usf" 2140
"../../../Engine/Shaders/Private/SHCommon.ush" 2141
"../../../Engine/Shaders/Private/ShadowProjectionCommon.ush" 2142
"../../../Engine/Shaders/Private/CubemapCommon.ush" 2143
"../../../Engine/Shaders/Private/VectorFieldCompositeShaders.usf" 2144
"../../../Engine/Shaders/Private/UpdateTextureShaders.usf" 2145
"../../../Engine/Shaders/Private/StereoLayerShader.usf" 2146
"../../../Engine/Shaders/Private/SparseVolumeTexture/UpdateSparseVolumeTexture.usf" 2147
"../../../Engine/Shaders/Private/MorphTargets.usf" 2148
"../../../Engine/Shaders/Private/SimpleElementColorChannelMaskPixelShader.usf" 2149
"../../../Engine/Shaders/Private/SimpleElementHitProxyPixelShader.usf" 2150
"../../../Engine/Shaders/Private/SimpleElementPixelShader.usf" 2151
"../../../Engine/Shaders/Private/IESLightProfilesCommon.ush" 2152
"../../../Engine/Shaders/Private/SimpleElementVertexShader.usf" 2153
"../../../Engine/Shaders/Private/ScreenPixelShaderOES.usf" 2154
"../../../Engine/Shaders/Private/ScreenVertexShader.usf" 2155
"../../../Engine/Shaders/Private/ScreenPixelShader.usf" 2156
"../../../Engine/Shaders/Private/SSProfilePreIntegratedMobile.usf" 2157
"../../../Engine/Shaders/Private/SpecularProfile.usf" 2158
"../../../Engine/Shaders/Private/Nanite/NaniteStreaming.usf" 2159
"../../../Engine/Shaders/Private/Nanite/NaniteStreaming.ush" 2160
"../../../Engine/Shaders/Private/Nanite/NaniteTranscode.usf" 2161
"../../../Engine/Shaders/Private/VolumetricLightmapStreaming.usf" 2162
"../../../Engine/Shaders/Private/PhysicsFieldReset.usf" 2163
"../../../Engine/Shaders/Private/PhysicsFieldBuilder.usf" 2164
"../../../Engine/Shaders/Private/PhysicsFieldEval.ush" 2165
"../../../Engine/Shaders/Private/ParticleSortKeyGen.usf" 2166
"../../../Engine/Shaders/Private/ParticleBoundsShader.usf" 2167
"../../../Engine/Shaders/Private/ParticleSimVisualizeShader.usf" 2168
"../../../Engine/Shaders/Private/ParticleInjectionShader.usf" 2169
"../../../Engine/Shaders/Private/ParticleSimulationShader.usf" 2170
"../../../Engine/Shaders/Private/ParticleCurveInjectionShader.usf" 2171
"../../../Engine/Shaders/Private/CopyUIntBuffer.usf" 2172
"../../../Engine/Shaders/Private/RadixSortShaders.usf" 2173
"../../../Engine/Shaders/Private/RecomputeTangentsPerVertexPass.usf" 2174
"../../../Engine/Shaders/Private/RecomputeTangentsCommon.ush" 2175
"../../../Engine/Shaders/Private/RecomputeTangentsPerTrianglePass.usf" 2176
"../../../Engine/Shaders/Private/GpuSkinCacheComputeShader.usf" 2177
"../../../Engine/Shaders/Private/HeightFieldAtlasManagement.usf" 2178
"../../../Engine/Shaders/Private/LandscapePhysicalMaterial.usf" 2179
"../../../Engine/Shaders/Private/MaterialTemplate.ush" 2180
"../../../Engine/Shaders/Private/WorldSpaceMath.ush" 2181
"../../../Engine/Shaders/Private/EyeAdaptationCommon.ush" 2182
"../../../Engine/Shaders/Private/SobolRandom.ush" 2183
"../../../Engine/Shaders/Private/DepthOfFieldCommon.ush" 2184
"../../../Engine/Shaders/Private/CircleDOFCommon.ush" 2185
"../../../Engine/Shaders/Private/PhysicsFieldSampler.ush" 2186
"../../../Engine/Shaders/Private/PhysicsFieldShared.ush" 2187
"../../../Engine/Shaders/Shared/EnvironmentComponentsFlags.h" 2188
"../../../Engine/Shaders/Private/MeshPaintTextureCommon.ush" 2189
"../../../Engine/Shaders/Private/SpeedTreeCommon.ush" 2190
"../../../Engine/Shaders/Private/VirtualTextureCommon.ush" 2191
"../../../Engine/Shaders/Private/MaterialTexture.ush" 2192
"../../../Engine/Shaders/Private/MinMaterialTexCoords.ush" 2193
"../../../Engine/Shaders/Private/SkyAtmosphereCommon.ush" 2194
"../../../Engine/Shaders/Private/SingleLayerWaterCommon.ush" 2195
"../../../Engine/Shaders/Private/TextureSampling.ush" 2196
"../../../Engine/Shaders/Private/PaniniProjection.ush" 2197
"../../../Engine/Shaders/Private/DBufferNormalReprojection.ush" 2198
"../../../Engine/Shaders/Public/SubstratePublic.ush" 2199
"../../../Engine/Shaders/Private/Substrate/SubstrateTree.ush" 2200
"../../../Engine/Shaders/Private/Substrate/SubstrateEvaluation.ush" 2201
"../../../Engine/Shaders/Private/Substrate/Glint/GlintThirdParty.ush" 2202
"../../../Engine/Shaders/Private/BlueNoise.ush" 2203
"../../../Engine/Shaders/Private/ShadingModelsSampling.ush" 2204
"../../../Engine/Shaders/Private/HairStrands/HairBsdfSample.ush" 2205
"../../../Engine/Shaders/Private/Substrate/SubstrateLegacyConversion.ush" 2206
"../../../Engine/Shaders/Private/DBufferDecalShared.ush" 2207
"../../../Engine/Shaders/Private/LandscapeGrassWeight.usf" 2208
"../../../Engine/Shaders/Private/Landscape/LandscapeEditLayersUtils.usf" 2209
"../../../Engine/Shaders/Private/Landscape/LandscapeCommon.ush" 2210
"../../../Engine/Shaders/Private/Landscape/LandscapeEditLayersWeightmaps.usf" 2211
"../../../Engine/Shaders/Private/Landscape/LandscapeEditLayersHeightmaps.usf" 2212
"../../../Engine/Shaders/Private/Landscape/LandscapeLayersWeightmapsPS.usf" 2213
"../../../Engine/Shaders/Private/Landscape/LandscapeLayersHeightmapsPS.usf" 2214
"../../../Engine/Shaders/Private/LandscapeLayersCS.usf" 2215
"../../../Engine/Shaders/Private/LandscapeLayersPS.usf" 2216
"../../../Engine/Shaders/Private/LandscapeLayersVS.usf" 2217
"../../../Engine/Shaders/Private/Landscape/LandscapeCulling.usf" 2218
"../../../Engine/Shaders/Private/Nanite/NaniteHZBCull.ush" 2219
"../../../Engine/Shaders/Private/Landscape/LandscapeMergeTexturesPS.usf" 2220
"../../../Engine/Shaders/Private/WideCustomResolveShaders.usf" 2221
"../../../Engine/Shaders/Private/WideCustomResolve_Wide.ush" 2222
"../../../Engine/Shaders/Private/WideCustomResolve_Wider.ush" 2223
"../../../Engine/Shaders/Private/WideCustomResolve_Widest.ush" 2224
"../../../Engine/Shaders/Private/WaterInfoTextureBlur.usf" 2225
"../../../Engine/Shaders/Private/WaterInfoTextureMerge.usf" 2226
"../../../Engine/Shaders/Private/PageTableUpdate.usf" 2227
"../../../Engine/Shaders/Private/VirtualTextureCompress.usf" 2228
"../../../Engine/Shaders/Private/ETCCompressionCommon.ush" 2229
"../../../Engine/Shaders/Private/VirtualTextureMaterial.usf" 2230
"../../../Engine/Shaders/Private/PixelShaderOutputCommon.ush" 2231
"../../../Engine/Shaders/Private/ShaderOutputCommon.ush" 2232
"../../../Engine/Shaders/Private/VolumetricRenderTarget.usf" 2233
"../../../Engine/Shaders/Private/HeightFogCommon.ush" 2234
"../../../Engine/Shaders/Private/LocalFogVolumes/LocalFogVolumeCommon.ush" 2235
"../../../Engine/Shaders/Private/ReflectionEnvironmentShared.ush" 2236
"../../../Engine/Shaders/Private/VolumetricFogVoxelization.usf" 2237
"../../../Engine/Shaders/Private/VolumetricCloudMaterialPixelCommon.ush" 2238
"../../../Engine/Shaders/Private/VolumetricFogLightFunction.usf" 2239
"../../../Engine/Shaders/Private/LightFunctionCommon.ush" 2240
"../../../Engine/Shaders/Private/VolumetricFog.usf" 2241
"../../../Engine/Shaders/Private/DeferredLightingCommon.ush" 2242
"../../../Engine/Shaders/Private/DynamicLightingCommon.ush" 2243
"../../../Engine/Shaders/Private/CapsuleLightIntegrate.ush" 2244
"../../../Engine/Shaders/Private/CapsuleLightSampling.ush" 2245
"../../../Engine/Shaders/Private/RectLightIntegrate.ush" 2246
"../../../Engine/Shaders/Private/ScreenSpaceShadowRayCast.ush" 2247
"../../../Engine/Shaders/Private/LightFunctionAtlas/LightFunctionAtlasCommon.usf" 2248
"../../../Engine/Shaders/Private/HeterogeneousVolumes/HeterogeneousVolumesAdaptiveVolumetricShadowMapSampling.ush" 2249
"../../../Engine/Shaders/Private/HeterogeneousVolumes/HeterogeneousVolumesAdaptiveVolumetricShadowMapUtils.ush" 2250
"../../../Engine/Shaders/Private/HeterogeneousVolumes/HeterogeneousVolumesRayMarchingUtils.ush" 2251
"../../../Engine/Shaders/Private/HeterogeneousVolumes/HeterogeneousVolumesRayMarchingTypes.ush" 2252
"../../../Engine/Shaders/Private/PathTracing/Utilities/PathTracingRandomSequence.ush" 2253
"../../../Engine/Shaders/Private/HeterogeneousVolumes/HeterogeneousVolumesTracingUtils.ush" 2254
"../../../Engine/Shaders/Private/VelocityCommon.ush" 2255
"../../../Engine/Shaders/Private/HeterogeneousVolumes/HeterogeneousVolumesTransmittanceVolumeUtils.ush" 2256
"../../../Engine/Shaders/Private/ForwardShadowingCommon.ush" 2257
"../../../Engine/Shaders/Private/ShadowFilteringCommon.ush" 2258
"../../../Engine/Shaders/Private/PixelQuadMessagePassing.ush" 2259
"../../../Engine/Shaders/Private/VolumeLightingCommon.ush" 2260
"../../../Engine/Shaders/Private/VolumeLightingCommonSampling.ush" 2261
"../../../Engine/Shaders/Private/Lumen/LumenTranslucencyVolumeShared.ush" 2262
"../../../Engine/Shaders/Private/Lumen/LumenRadianceCacheInterpolation.ush" 2263
"../../../Engine/Shaders/Private/HeterogeneousVolumes/HeterogeneousVolumesAdaptiveVolumetricShadowMapSampler.ush" 2264
"../../../Engine/Shaders/Private/LightGridCommon.ush" 2265
"../../../Engine/Shaders/Private/DistanceFieldAOShared.ush" 2266
"../../../Engine/Shaders/Private/IntersectionUtils.ush" 2267
"../../../Engine/Shaders/Private/VolumetricLightmapShared.ush" 2268
"../../../Engine/Shaders/Private/LightDataUniforms.ush" 2269
"../../../Engine/Shaders/Private/VirtualShadowMaps/VirtualShadowMapProjectionCommon.ush" 2270
"../../../Engine/Shaders/Private/VirtualShadowMaps/VirtualShadowMapPageAccessCommon.ush" 2271
"../../../Engine/Shaders/Shared/VirtualShadowMapDefinitions.h" 2272
"../../../Engine/Shaders/Shared/HLSLMathAliases.h" 2273
"../../../Engine/Shaders/Private/VirtualShadowMaps/VirtualShadowMapProjectionStructs.ush" 2274
"../../../Engine/Shaders/Private/VolumetricCloudCommon.ush" 2275
"../../../Engine/Shaders/Private/VolumetricCloud.usf" 2276
"../../../Engine/Shaders/Private/VisualizeVolumetricLightmap.usf" 2277
"../../../Engine/Shaders/Private/VirtualShadowMaps/VirtualShadowMapProjectionComposite.usf" 2278
"../../../Engine/Shaders/Private/LightShaderParameters.ush" 2279
"../../../Engine/Shaders/Private/VirtualShadowMaps/VirtualShadowMapMaskBitsCommon.ush" 2280
"../../../Engine/Shaders/Private/VirtualShadowMaps/VirtualShadowMapLightGrid.ush" 2281
"../../../Engine/Shaders/Private/VirtualShadowMaps/VirtualShadowMapProjection.usf" 2282
"../../../Engine/Shaders/Private/Visualization.ush" 2283
"../../../Engine/Shaders/Private/VirtualShadowMaps/VirtualShadowMapProjectionFilter.ush" 2284
"../../../Engine/Shaders/Private/VirtualShadowMaps/VirtualShadowMapProjectionDirectional.ush" 2285
"../../../Engine/Shaders/Private/VirtualShadowMaps/VirtualShadowMapSMRTCommon.ush" 2286
"../../../Engine/Shaders/Private/VirtualShadowMaps/VirtualShadowMapSMRTTemplate.ush" 2287
"../../../Engine/Shaders/Private/VirtualShadowMaps/VirtualShadowMapProjectionSpot.ush" 2288
"../../../Engine/Shaders/Private/VirtualShadowMaps/VirtualShadowMapTransmissionCommon.ush" 2289
"../../../Engine/Shaders/Private/VirtualShadowMaps/VirtualShadowMapScreenRayTrace.ush" 2290
"../../../Engine/Shaders/Private/VirtualShadowMaps/VirtualShadowMapStats.ush" 2291
"../../../Engine/Shaders/Private/HairStrands/HairStrandsVoxelPageCommon.ush" 2292
"../../../Engine/Shaders/Private/HairStrands/HairStrandsVoxelPageTraversal.ush" 2293
"../../../Engine/Shaders/Private/VirtualShadowMaps/VirtualShadowMapCacheLoadBalancer.usf" 2294
"../../../Engine/Shaders/Private/VirtualShadowMaps/VirtualShadowMapPageCacheCommon.ush" 2295
"../../../Engine/Shaders/Private/VirtualShadowMaps/VirtualShadowMapCacheInvalidation.ush" 2296
"../../../Engine/Shaders/Private/VirtualShadowMaps/VirtualShadowMapPageOverlap.ush" 2297
"../../../Engine/Shaders/Private/ScreenSpaceDenoise/SSDDefinitions.ush" 2298
"../../../Engine/Shaders/Private/InstanceCulling/InstanceCullingLoadBalancer.ush" 2299
"../../../Engine/Shaders/Private/VirtualShadowMaps/VirtualShadowMapCopyStats.usf" 2300
"../../../Engine/Shaders/Private/VirtualShadowMaps/VirtualShadowMapDebug.usf" 2301
"../../../Engine/Shaders/Private/VirtualShadowMaps/Desaturate.usf" 2302
"../../../Engine/Shaders/Private/VirtualShadowMaps/VirtualShadowMapPhysicalPageManagement.usf" 2303
"../../../Engine/Shaders/Private/ReductionCommon.ush" 2304
"../../../Engine/Shaders/Private/GPUMessaging.ush" 2305
"../../../Engine/Shaders/Private/VirtualShadowMaps/VirtualShadowMapPerPageDispatch.ush" 2306
"../../../Engine/Shaders/Private/VirtualShadowMaps/VirtualShadowMapBuildPerPageDrawCommands.usf" 2307
"../../../Engine/Shaders/Private/Nanite/NaniteCullingCommon.ush" 2308
"../../../Engine/Shaders/Private/Nanite/NaniteCulling.ush" 2309
"../../../Engine/Shaders/Private/Nanite/NaniteHierarchyTraversalCommon.ush" 2310
"../../../Engine/Shaders/Private/InstanceCulling/InstanceCullingCommon.ush" 2311
"../../../Engine/Shaders/Shared/InstanceCullingDefinitions.h" 2312
"../../../Engine/Shaders/Private/VirtualShadowMaps/VirtualShadowMapPrintStats.usf" 2313
"../../../Engine/Shaders/Private/VirtualShadowMaps/VirtualShadowMapPageManagement.usf" 2314
"../../../Engine/Shaders/Private/VirtualShadowMaps/VirtualShadowMapPageMarking.usf" 2315
"../../../Engine/Shaders/Shared/SingleLayerWaterDefinitions.h" 2316
"../../../Engine/Shaders/Private/HairStrands/HairStrandsTileCommon.ush" 2317
"../../../Engine/Shaders/Private/Froxel/Froxel.ush" 2318
"../../../Engine/Shaders/Shared/FroxelDefinitions.h" 2319
"../../../Engine/Shaders/Private/VariableRateShading/VRSShadingRatePreview.usf" 2320
"../../../Engine/Shaders/Private/VariableRateShading/VRSShadingRateCommon.ush" 2321
"../../../Engine/Shaders/Private/VariableRateShading/VRSShadingRateCombine.usf" 2322
"../../../Engine/Shaders/Private/VariableRateShading/VRSShadingRateFoveated.usf" 2323
"../../../Engine/Shaders/Private/VariableRateShading/VRSShadingRateReproject.usf" 2324
"../../../Engine/Shaders/Private/VariableRateShading/VRSShadingRateCalculate.usf" 2325
"../../../Engine/Shaders/Private/TranslucencyUpsampling.usf" 2326
"../../../Engine/Shaders/Private/ComposeSeparateTranslucency.usf" 2327
"../../../Engine/Shaders/Private/SeparateTranslucency.ush" 2328
"../../../Engine/Shaders/Private/TranslucentLightInjectionShaders.usf" 2329
"../../../Engine/Shaders/Private/TranslucentShadowDepthShaders.usf" 2330
"../../../Engine/Shaders/Private/ShadowDepthCommon.ush" 2331
"../../../Engine/Shaders/Private/RayTracing/RayTracingTest.usf" 2332
"../../../Engine/Shaders/Private/PostProcessSubsurfaceTile.usf" 2333
"../../../Engine/Shaders/Private/Substrate/SubstrateVisualize.usf" 2334
"../../../Engine/Shaders/Private/Substrate/SubstrateTile.ush" 2335
"../../../Engine/Shaders/Private/Substrate/SubstrateVisualizeCommon.ush" 2336
"../../../Engine/Shaders/Private/SkyLightingDiffuseShared.ush" 2337
"../../../Engine/Shaders/Private/SkyLightingShared.ush" 2338
"../../../Engine/Shaders/Private/ClearCoatCommon.ush" 2339
"../../../Engine/Shaders/Private/ReflectionEnvironmentComposite.ush" 2340
"../../../Engine/Shaders/Private/Substrate/SubstrateLightingCommon.ush" 2341
"../../../Engine/Shaders/Private/Substrate/SubstrateRoughRefraction.usf" 2342
"../../../Engine/Shaders/Private/PathTracing/Material/PathTracingFresnel.ush" 2343
"../../../Engine/Shaders/Private/PathTracing/Material/PathTracingGlossy.ush" 2344
"../../../Engine/Shaders/Private/Substrate/SubstrateTile.usf" 2345
"../../../Engine/Shaders/Private/Substrate/SubstrateMaterialClassification.usf" 2346
"../../../Engine/Shaders/Private/Substrate/SubstrateDBuffer.usf" 2347
"../../../Engine/Shaders/Private/StochasticLighting/StochasticLightingDenoising.usf" 2348
"../../../Engine/Shaders/Private/Lumen/LumenMaterial.ush" 2349
"../../../Engine/Shaders/Private/StochasticLighting/StochasticLightingCommon.ush" 2350
"../../../Engine/Shaders/Private/SplineMeshSceneTexture.usf" 2351
"../../../Engine/Shaders/Private/SparseVolumeTexture/VisualizeSparseVolumeTexture.usf" 2352
"../../../Engine/Shaders/Private/SkyAtmosphere.usf" 2353
"../../../Engine/Shaders/Private/CopyDepthTexture.usf" 2354
"../../../Engine/Shaders/Private/SingleLayerWaterComposite.usf" 2355
"../../../Engine/Shaders/Private/Froxel/FroxelBuild.ush" 2356
"../../../Engine/Shaders/Private/ScreenSpaceShadows.usf" 2357
"../../../Engine/Shaders/Private/bend_sss_gpu.ush" 2358
"../../../Engine/Shaders/Private/ShadowFactorsUpsampleCommon.ush" 2359
"../../../Engine/Shaders/Private/ShadowProjectionVertexShader.usf" 2360
"../../../Engine/Shaders/Private/ShadowProjectionPixelShader.usf" 2361
"../../../Engine/Shaders/Private/MobileLightingCommon.ush" 2362
"../../../Engine/Shaders/Private/PlanarReflectionShared.ush" 2363
"../../../Engine/Shaders/Private/MobileSSR.ush" 2364
"../../../Engine/Shaders/Private/SSRT/SSRTRayCast.ush" 2365
"../../../Engine/Shaders/Private/ShadowPercentageCloserFiltering.ush" 2366
"../../../Engine/Shaders/Private/TransmissionThickness.ush" 2367
"../../../Engine/Shaders/Private/CopyShadowMaps.usf" 2368
"../../../Engine/Shaders/Private/ShadowDepthPixelShader.usf" 2369
"../../../Engine/Shaders/Private/ShadowDepthVertexShader.usf" 2370
"../../../Engine/Shaders/Private/ShadingEnergyConservationTable.usf" 2371
"../../../Engine/Shaders/Shared/PathTracingDefinitions.h" 2372
"../../../Engine/Shaders/Private/ShadingFurnaceTest.usf" 2373
"../../../Engine/Shaders/Private/Substrate/SubstrateDeferredLighting.ush" 2374
"../../../Engine/Shaders/Private/ShaderPrintDraw.usf" 2375
"../../../Engine/Shaders/Private/ShaderPrintDrawPrimitive.usf" 2376
"../../../Engine/Shaders/Private/DefaultSSRTiles.usf" 2377
"../../../Engine/Shaders/Private/ScreenSpaceReflectionTileCommons.ush" 2378
"../../../Engine/Shaders/Private/SSRT/SSRTDiffuseIndirect.usf" 2379
"../../../Engine/Shaders/Private/SSRT/SSRTTileClassificationBuffer.ush" 2380
"../../../Engine/Shaders/Private/SSRT/SSRTReflections.usf" 2381
"../../../Engine/Shaders/Private/ScreenSpaceDenoise/SSDPublic.ush" 2382
"../../../Engine/Shaders/Private/SSRT/SSRTTileClassification.usf" 2383
"../../../Engine/Shaders/Private/SSRT/SSRTPrevFrameReduction.usf" 2384
"../../../Engine/Shaders/Private/ScreenSpaceDenoise/SSDComposeHarmonics.usf" 2385
"../../../Engine/Shaders/Private/ScreenSpaceDenoise/SSDPublicHarmonics.ush" 2386
"../../../Engine/Shaders/Private/ScreenSpaceDenoise/SSDSignalFramework.ush" 2387
"../../../Engine/Shaders/Private/ScreenSpaceDenoise/SSDCommon.ush" 2388
"../../../Engine/Shaders/Private/SphericalGaussian.ush" 2389
"../../../Engine/Shaders/Public/WaveBroadcastIntrinsics.ush" 2390
"../../../Engine/Shaders/Private/ScreenSpaceDenoise/SSDMetadata.ush" 2391
"../../../Engine/Shaders/Private/ScreenSpaceDenoise/SSDSignalCore.ush" 2392
"../../../Engine/Shaders/Private/ScreenSpaceDenoise/DenoisingCommon.ush" 2393
"../../../Engine/Shaders/Private/ScreenSpaceDenoise/SSDSignalArray.ush" 2394
"../../../Engine/Shaders/Private/ScreenSpaceDenoise/SSDSignalBufferEncoding.ush" 2395
"../../../Engine/Shaders/Private/ScreenSpaceDenoise/SSDPublicBufferEncoding.ush" 2396
"../../../Engine/Shaders/Private/Lumen/LumenBufferEncoding.ush" 2397
"../../../Engine/Shaders/Private/ScreenSpaceDenoise/SSDTemporalAccumulation.usf" 2398
"../../../Engine/Shaders/Private/ScreenSpaceDenoise/SSDSpatialKernel.ush" 2399
"../../../Engine/Shaders/Private/ScreenSpaceDenoise/SSDSignalAccumulatorArray.ush" 2400
"../../../Engine/Shaders/Private/ScreenSpaceDenoise/SSDSignalAccumulator.ush" 2401
"../../../Engine/Shaders/Private/ScreenSpaceDenoise/SSDSignalCompression.ush" 2402
"../../../Engine/Shaders/Private/ScreenSpaceDenoise/SSDSpatialAccumulation.usf" 2403
"../../../Engine/Shaders/Private/ScreenSpaceDenoise/SSDInjest.usf" 2404
"../../../Engine/Shaders/Private/ScreenSpaceDenoise/SSDCompressMetadata.usf" 2405
"../../../Engine/Shaders/Private/DownsampleDepthPixelShader.usf" 2406
"../../../Engine/Shaders/Private/ScreenPass.usf" 2407
"../../../Engine/Shaders/Private/HZB.usf" 2408
"../../../Engine/Shaders/Private/OcclusionFeedbackShaders.usf" 2409
"../../../Engine/Shaders/Private/HZBOcclusion.usf" 2410
"../../../Engine/Shaders/Private/OcclusionQueryPixelShader.usf" 2411
"../../../Engine/Shaders/Private/OcclusionQueryVertexShader.usf" 2412
"../../../Engine/Shaders/Private/HitProxyCopy.usf" 2413
"../../../Engine/Shaders/Private/HitProxyPixelShader.usf" 2414
"../../../Engine/Shaders/Private/HitProxyVertexShader.usf" 2415
"../../../Engine/Shaders/Private/SceneCulling/SceneCullingDebugRender.usf" 2416
"../../../Engine/Shaders/Private/SceneCulling/SceneCulling.ush" 2417
"../../../Engine/Shaders/Shared/SceneCullingDefinitions.h" 2418
"../../../Engine/Shaders/Private/SceneCulling/SceneCullingBuildExplicitBounds.usf" 2419
"../../../Engine/Shaders/Private/SceneCapturePixelShader.usf" 2420
"../../../Engine/Shaders/Private/RendererUtils.usf" 2421
"../../../Engine/Shaders/Private/RTWriteMaskDecode.usf" 2422
"../../../Engine/Shaders/Private/ReflectionEnvironmentShaders.usf" 2423
"../../../Engine/Shaders/Private/RectLightAtlas.usf" 2424
"../../../Engine/Shaders/Private/RayTracing/TraceRayInlineStatistics.usf" 2425
"../../../Engine/Shaders/Private/RayTracing/CompositeSkyLightPS.usf" 2426
"../../../Engine/Shaders/Private/RayTracing/GenerateSkyLightVisibilityRaysCS.usf" 2427
"../../../Engine/Shaders/Private/RayTracing/RayTracingSkyLightCommon.ush" 2428
"../../../Engine/Shaders/Private/RayTracing/SkyLightVisibilityRaysData.ush" 2429
"../../../Engine/Shaders/Private/Raytracing/RaytracingSkylightRGS.usf" 2430
"../../../Engine/Shaders/Private/HairStrands/HairStrandsRaytracing.ush" 2431
"../../../Engine/Shaders/Private/Raytracing/RayTracingSkyLightEvaluation.ush" 2432
"../../../Engine/Shaders/Private/Raytracing/RayTracingDeferredShadingCommon.ush" 2433
"../../../Engine/Shaders/Private/RayTracing/RayTracingOcclusionRGS.usf" 2434
"../../../Engine/Shaders/Private/RayTracing/RayTracingDirectionalLight.ush" 2435
"../../../Engine/Shaders/Private/RayTracing/RayTracingRectLight.ush" 2436
"../../../Engine/Shaders/Private/RayTracing/RayTracingSphereLight.ush" 2437
"../../../Engine/Shaders/Private/RayTracing/RayTracingCapsuleLight.ush" 2438
"../../../Engine/Shaders/Private/RayTracing/RayTracingPrimaryRays.usf" 2439
"../../../Engine/Shaders/Private/RayTracing/RayTracingLightingCommon.ush" 2440
"../../../Engine/Shaders/Private/RayTracing/RayTracingLightCullingCommon.ush" 2441
"../../../Engine/Shaders/Private/RayTracing/RayTracingMaterialDefaultHitShaders.usf" 2442
"../../../Engine/Shaders/Private/RayTracing/RayTracingMaterialHitShaders.usf" 2443
"../../../Engine/Shaders/Private/RayTracing/RayTracingShaderUtils.ush" 2444
"../../../Engine/Shaders/Private/RayTracing/RayTracingCalcInterpolants.ush" 2445
"../../../Engine/Shaders/Private/LightmapCommon.ush" 2446
"../../../Engine/Shaders/Private/Lumen/LumenHardwareRayTracingPayloadCommon.ush" 2447
"../../../Engine/Shaders/Shared/LumenDefinitions.h" 2448
"../../../Engine/Shaders/Private/Substrate/SubstrateExport.ush" 2449
"../../../Engine/Shaders/Private/RayTracing/RayTracingLightingMS.usf" 2450
"../../../Engine/Shaders/Private/RayTracing/RayTracingLightFunctionCommon.ush" 2451
"../../../Engine/Shaders/Private/RayTracing/RayTracingBuildLightGrid.usf" 2452
"../../../Engine/Shaders/Private/Raytracing/RayTracingInstanceBufferUtil.usf" 2453
"../../../Engine/Shaders/Private/RayTracing/RayTracingDynamicMesh.usf" 2454
"../../../Engine/Shaders/Private/RayTracing/RayTracingDefaultDecalHitShader.usf" 2455
"../../../Engine/Shaders/Private/RayTracing/RayTracingDecalMaterialShader.usf" 2456
"../../../Engine/Shaders/Private/PathTracing/PathTracingShaderUtils.ush" 2457
"../../../Engine/Shaders/Private/PathTracing/PathTracingCommon.ush" 2458
"../../../Engine/Shaders/Private/PathTracing/Material/PathTracingMaterialCommon.ush" 2459
"../../../Engine/Shaders/Private/RayTracing/RayTracingBuildDecalGrid.usf" 2460
"../../../Engine/Shaders/Private/RayTracing/RayTracingDebugHitStatsUtils.usf" 2461
"../../../Engine/Shaders/Private/RayTracing/RayTracingDebugInstanceOverlap.usf" 2462
"../../../Engine/Shaders/Private/RayTracing/RayTracingDebugPicking.usf" 2463
"../../../Engine/Shaders/Private/RayTracing/RayTracingDebugUtils.ush" 2464
"../../../Engine/Shaders/Shared/RayTracingDebugTypes.h" 2465
"../../../Engine/Shaders/Private/RayTracing/RayTracingDebugTraversal.usf" 2466
"../../../Engine/Shaders/Private/RayTracing/RayTracingDeferredMaterials.ush" 2467
"../../../Engine/Shaders/Shared/ThirdParty/AMD/ags_shader_intrinsics_dx12.h" 2468
"../../../Engine/Shaders/Shared/RayTracingDebugDefinitions.h" 2469
"../../../Engine/Shaders/Private/RayTracing/RayTracingDebugHitStatsCHS.usf" 2470
"../../../Engine/Shaders/Private/RayTracing/RayTracingDebugHitStats.usf" 2471
"../../../Engine/Shaders/Private/RayTracing/RayTracingDebugMS.usf" 2472
"../../../Engine/Shaders/Private/RayTracing/RayTracingDebugCHS.usf" 2473
"../../../Engine/Shaders/Private/RayTracing/RayTracingDebug.usf" 2474
"../../../Engine/Shaders/Private/RayTracing/RayTracingBuiltInShaders.usf" 2475
"../../../Engine/Shaders/Private/RayTracing/RayTracingBarycentrics.usf" 2476
"../../../Engine/Shaders/Private/RayTracing/RayTracingAmbientOcclusionRGS.usf" 2477
"../../../Engine/Shaders/Private/VisualizeShadingModels.usf" 2478
"../../../Engine/Shaders/Private/MotionBlur/VisualizeMotionVectors.usf" 2479
"../../../Engine/Shaders/Private/TemporalSuperResolution/TSRVisualize.usf" 2480
"../../../Engine/Shaders/Private/TemporalSuperResolution/TSRColorSpace.ush" 2481
"../../../Engine/Shaders/Private/TemporalSuperResolution/TSRCommon.ush" 2482
"../../../Engine/Shaders/Public/DualPixelVectorization.ush" 2483
"../../../Engine/Shaders/Private/TemporalSuperResolution/TSRReprojectionField.ush" 2484
"../../../Engine/Shaders/Private/TemporalSuperResolution/TSRResolveHistory.usf" 2485
"../../../Engine/Shaders/Private/TemporalSuperResolution/TSRConvolutionNetwork.ush" 2486
"../../../Engine/Shaders/Private/TemporalSuperResolution/TSRKernels.ush" 2487
"../../../Engine/Shaders/Public/LaneVectorization.ush" 2488
"../../../Engine/Shaders/Private/TemporalSuperResolution/TSRUpdateHistory.usf" 2489
"../../../Engine/Shaders/Private/TemporalSuperResolution/TSRSpatialAntiAliasing.ush" 2490
"../../../Engine/Shaders/Private/TemporalSuperResolution/TSRSpatialAntiAliasing.usf" 2491
"../../../Engine/Shaders/Private/TemporalSuperResolution/TSRRejectShading.usf" 2492
"../../../Engine/Shaders/Private/TemporalSuperResolution/TSRShadingAnalysis.ush" 2493
"../../../Engine/Shaders/Private/TemporalSuperResolution/TSRConvolutionNetworkPass.ush" 2494
"../../../Engine/Shaders/Private/TemporalSuperResolution/TSRDecimateHistory.usf" 2495
"../../../Engine/Shaders/Private/TemporalSuperResolution/TSRDepthVelocityAnalysis.ush" 2496
"../../../Engine/Shaders/Private/TemporalSuperResolution/TSRClosestOccluder.ush" 2497
"../../../Engine/Shaders/Private/TemporalSuperResolution/TSRDilateVelocity.usf" 2498
"../../../Engine/Shaders/Private/MotionBlur/MotionBlurVelocityFlatten.ush" 2499
"../../../Engine/Shaders/Private/MotionBlur/MotionBlurCommon.ush" 2500
"../../../Engine/Shaders/Private/TemporalSuperResolution/TSRClearPrevTextures.usf" 2501
"../../../Engine/Shaders/Private/TemporalSuperResolution/TSRMeasureFlickeringLuma.usf" 2502
"../../../Engine/Shaders/Private/TemporalAA.usf" 2503
"../../../Engine/Shaders/Private/FilterPixelShader.usf" 2504
"../../../Engine/Shaders/Private/FilterVertexShader.usf" 2505
"../../../Engine/Shaders/Private/PostProcessVisualizeBuffer.usf" 2506
"../../../Engine/Shaders/Private/PostProcessVisualizeLocalExposure.usf" 2507
"../../../Engine/Shaders/Private/PostProcessHistogramCommon.ush" 2508
"../../../Engine/Shaders/Private/TonemapCommon.ush" 2509
"../../../Engine/Shaders/Private/ACES.ush" 2510
"../../../Engine/Shaders/Private/PostProcessVisualizeLevelInstance.usf" 2511
"../../../Engine/Shaders/Private/PostProcessVisualizeHDR.usf" 2512
"../../../Engine/Shaders/Private/ShaderComplexityApplyPixelShader.usf" 2513
"../../../Engine/Shaders/Private/QuadOverdraw.ush" 2514
"../../../Engine/Shaders/Private/PostProcessUpscale.usf" 2515
"../../../Engine/Shaders/Private/PostProcessTonemap.usf" 2516
"../../../Engine/Shaders/Private/PostProcessing/FilmGrainPackConstants.usf" 2517
"../../../Engine/Shaders/Private/PostProcessing/FilmGrainReduce.usf" 2518
"../../../Engine/Shaders/Private/PostProcessTestImage.usf" 2519
"../../../Engine/Shaders/Private/PostProcessSubsurface.usf" 2520
"../../../Engine/Shaders/Private/SeparableSSS.ush" 2521
"../../../Engine/Shaders/Private/SubsurfaceBurleyNormalized.ush" 2522
"../../../Engine/Shaders/Private/PostProcessSelectionOutline.usf" 2523
"../../../Engine/Shaders/Private/PostProcessPixelProjectedReflectionMobile.usf" 2524
"../../../Engine/Shaders/Private/MotionBlur/MotionBlurVisualize.usf" 2525
"../../../Engine/Shaders/Private/MotionBlur/MotionBlurApply.usf" 2526
"../../../Engine/Shaders/Private/MotionBlur/MotionBlurFilterTileClassify.usf" 2527
"../../../Engine/Shaders/Private/MotionBlur/MotionBlurTileScatter.usf" 2528
"../../../Engine/Shaders/Private/MotionBlur/MotionBlurTileGather.usf" 2529
"../../../Engine/Shaders/Private/MotionBlur/MotionBlurVelocityFlatten.usf" 2530
"../../../Engine/Shaders/Private/PostProcessMobile.usf" 2531
"../../../Engine/Shaders/Private/PostProcessMitchellNetravali.usf" 2532
"../../../Engine/Shaders/Private/PostProcessMaterialShaders.usf" 2533
"../../../Engine/Shaders/Private/NeuralPostProcessCommon.usf" 2534
"../../../Engine/Shaders/Private/PostProcessLocalExposure.usf" 2535
"../../../Engine/Shaders/Private/PostProcessLensFlares.usf" 2536
"../../../Engine/Shaders/Private/PostProcessGBufferHints.usf" 2537
"../../../Engine/Shaders/Private/PostProcessHMD.usf" 2538
"../../../Engine/Shaders/Private/Histogram.usf" 2539
"../../../Engine/Shaders/Private/PostProcessHistogramReduce.usf" 2540
"../../../Engine/Shaders/Private/PostProcessHistogram.usf" 2541
"../../../Engine/Shaders/Private/Bloom/BloomFinalizeApplyConstants.usf" 2542
"../../../Engine/Shaders/Private/Bloom/BloomCommon.ush" 2543
"../../../Engine/Shaders/Private/Bloom/BloomResizeKernel.usf" 2544
"../../../Engine/Shaders/Private/Bloom/BloomDownsampleKernel.usf" 2545
"../../../Engine/Shaders/Private/Bloom/BloomClampKernel.usf" 2546
"../../../Engine/Shaders/Private/Bloom/BloomPackKernelConstants.usf" 2547
"../../../Engine/Shaders/Private/Bloom/BloomSumScatterDispersionEnergy.usf" 2548
"../../../Engine/Shaders/Private/Bloom/BloomReduceKernelSurvey.usf" 2549
"../../../Engine/Shaders/Private/Bloom/BloomSurveyKernelCenterEnergy.usf" 2550
"../../../Engine/Shaders/Private/Bloom/BloomSurveyMaxScatterDispersion.usf" 2551
"../../../Engine/Shaders/Private/Bloom/BloomFindKernelCenter.usf" 2552
"../../../Engine/Shaders/Private/PostProcessEyeAdaptation.usf" 2553
"../../../Engine/Shaders/Private/TranslucencyVolumeCommon.ush" 2554
"../../../Engine/Shaders/Private/PostProcessEyeAdaptationUtils.usf" 2555
"../../../Engine/Shaders/Private/PostProcessDownsample.usf" 2556
"../../../Engine/Shaders/Private/PostProcessDOF.usf" 2557
"../../../Engine/Shaders/Private/PostProcessDeviceEncodingOnly.usf" 2558
"../../../Engine/Shaders/Private/PostProcessCompositePrimitives.usf" 2559
"../../../Engine/Shaders/Private/PostProcessCombineLUTs.usf" 2560
"../../../Engine/Shaders/Private/PostProcessVisualizeDOF.usf" 2561
"../../../Engine/Shaders/Private/PostProcessBloom.usf" 2562
"../../../Engine/Shaders/Private/PostProcessAmbientOcclusionMobile.usf" 2563
"../../../Engine/Shaders/Private/PostProcessAmbientOcclusionCommon.ush" 2564
"../../../Engine/Shaders/Private/FXAAShader.usf" 2565
"../../../Engine/Shaders/Private/Fxaa3_11.ush" 2566
"../../../Engine/Shaders/Private/PaniniProjection.usf" 2567
"../../../Engine/Shaders/Private/DiaphragmDOF/DOFRecombine.usf" 2568
"../../../Engine/Shaders/Private/DiaphragmDOF/DOFCommon.ush" 2569
"../../../Engine/Shaders/Private/DiaphragmDOF/DOFHybridScatterPixelShader.usf" 2570
"../../../Engine/Shaders/Private/DiaphragmDOF/DOFHybridScatterCommon.ush" 2571
"../../../Engine/Shaders/Private/DiaphragmDOF/DOFHybridScatterVertexShader.usf" 2572
"../../../Engine/Shaders/Private/DiaphragmDOF/DOFPostfiltering.usf" 2573
"../../../Engine/Shaders/Private/DiaphragmDOF/DOFGatherTileSuggest.ush" 2574
"../../../Engine/Shaders/Private/DiaphragmDOF/DOFCocTileCommon.ush" 2575
"../../../Engine/Shaders/Private/DiaphragmDOF/DOFGatherPass.usf" 2576
"../../../Engine/Shaders/Private/DiaphragmDOF/DOFGatherCommon.ush" 2577
"../../../Engine/Shaders/Private/DiaphragmDOF/DOFGatherAccumulator.ush" 2578
"../../../Engine/Shaders/Private/DiaphragmDOF/DOFGatherKernel.ush" 2579
"../../../Engine/Shaders/Private/DiaphragmDOF/DOFBokehLUT.usf" 2580
"../../../Engine/Shaders/Private/DiaphragmDOF/DOFHybridScatterCompilation.usf" 2581
"../../../Engine/Shaders/Private/DiaphragmDOF/DOFReduce.usf" 2582
"../../../Engine/Shaders/Private/DiaphragmDOF/DOFDownsample.ush" 2583
"../../../Engine/Shaders/Private/DiaphragmDOF/DOFHybridScatterCompilation.ush" 2584
"../../../Engine/Shaders/Private/DiaphragmDOF/DOFDownsample.usf" 2585
"../../../Engine/Shaders/Private/DiaphragmDOF/DOFCocTileDilate.usf" 2586
"../../../Engine/Shaders/Private/DiaphragmDOF/DOFCocTileFlatten.usf" 2587
"../../../Engine/Shaders/Private/DiaphragmDOF/DOFSetup.usf" 2588
"../../../Engine/Shaders/Private/Tools/DebugAlphaChannel.usf" 2589
"../../../Engine/Shaders/Private/PlanarReflectionShaders.usf" 2590
"../../../Engine/Shaders/Private/PhysicsFieldVisualizer.usf" 2591
"../../../Engine/Shaders/Private/PathTracing/PathTracingSpatialTemporalDenoising.usf" 2592
"../../../Engine/Shaders/Private/ColorDifference.ush" 2593
"../../../Engine/Shaders/Private/PathTracing/PathTracingCompositingPixelShader.usf" 2594
"../../../Engine/Shaders/Private/PathTracing/PathTracingAdaptiveUtils.ush" 2595
"../../../Engine/Shaders/Private/PathTracing/PathTracingDefaultHitShader.usf" 2596
"../../../Engine/Shaders/Private/PathTracing/PathTracingGPULightmassMaterialHitShader.usf" 2597
"../../../Engine/Shaders/Private/PathTracing/PathTracingMaterialHitShader.usf" 2598
"../../../Engine/Shaders/Private/PathTracing/Material/PathTracingSubstrateCommon.ush" 2599
"../../../Engine/Shaders/Private/PathTracing/PathTracingLightingMissShader.usf" 2600
"../../../Engine/Shaders/Private/PathTracing/PathTracingMissShader.usf" 2601
"../../../Engine/Shaders/Private/PathTracing/PathTracingAdaptiveStart.usf" 2602
"../../../Engine/Shaders/Private/PathTracing/PathTracingBuildAdaptiveError.usf" 2603
"../../../Engine/Shaders/Private/PathTracing/PathTracingVolumetricCloudMaterialShader.usf" 2604
"../../../Engine/Shaders/Private/PathTracing/Volume/PathTracingCloudsMaterialCommon.ush" 2605
"../../../Engine/Shaders/Private/PathTracing/Volume/PathTracingVolumeCommon.ush" 2606
"../../../Engine/Shaders/Private/PathTracing/Volume/PathTracingCloudsCommon.ush" 2607
"../../../Engine/Shaders/Private/PathTracing/PathTracingBuildCloud.usf" 2608
"../../../Engine/Shaders/Private/PathTracing/Volume/PathTracingAtmosphereCommon.ush" 2609
"../../../Engine/Shaders/Private/PathTracing/PathTracingBuildCloudAccelerationMap.usf" 2610
"../../../Engine/Shaders/Private/PathTracing/PathTracingBuildAtmosphereLUT.usf" 2611
"../../../Engine/Shaders/Private/PathTracing/PathTracingSwizzleScanlines.usf" 2612
"../../../Engine/Shaders/Private/PathTracing/PathTracingInitExtinctionCoefficient.usf" 2613
"../../../Engine/Shaders/Private/PathTracing/PathTracingCopyDepth.usf" 2614
"../../../Engine/Shaders/Private/PathTracing/PathTracingDebug.usf" 2615
"../../../Engine/Shaders/Private/RayTracing/RayTracingDecalGrid.ush" 2616
"../../../Engine/Shaders/Private/PathTracing/Utilities/PathTracingRIS.ush" 2617
"../../../Engine/Shaders/Private/PathTracing/Light/PathTracingLightSampling.ush" 2618
"../../../Engine/Shaders/Private/PathTracing/Light/PathTracingLightCommon.ush" 2619
"../../../Engine/Shaders/Private/PathTracing/Light/PathTracingDirectionalLight.ush" 2620
"../../../Engine/Shaders/Private/PathTracing/Light/PathTracingPointLight.ush" 2621
"../../../Engine/Shaders/Private/PathTracing/Light/PathTracingCapsuleLight.ush" 2622
"../../../Engine/Shaders/Private/PathTracing/Light/PathTracingRectLight.ush" 2623
"../../../Engine/Shaders/Private/PathTracing/Light/PathTracingSkyLight.ush" 2624
"../../../Engine/Shaders/Private/PathTracing/Light/PathTracingLightGrid.ush" 2625
"../../../Engine/Shaders/Private/PathTracing/PathTracing.usf" 2626
"../../../Engine/Shaders/Private/PathTracing/PathTracingCore.ush" 2627
"../../../Engine/Shaders/Private/HeterogeneousVolumes/HeterogeneousVolumesVoxelGridTypes.ush" 2628
"../../../Engine/Shaders/Private/PathTracing/Material/PathTracingMaterialSampling.ush" 2629
"../../../Engine/Shaders/Private/PathTracing/Material/PathTracingLambert.ush" 2630
"../../../Engine/Shaders/Private/PathTracing/Material/PathTracingSubstrate.ush" 2631
"../../../Engine/Shaders/Private/PathTracing/Material/PathTracingSubstrateFoliage.ush" 2632
"../../../Engine/Shaders/Private/PathTracing/Material/PathTracingSubstrateSolidGlass.ush" 2633
"../../../Engine/Shaders/Private/PathTracing/Material/PathTracingSubstrateThinGlass.ush" 2634
"../../../Engine/Shaders/Private/PathTracing/Material/PathTracingSolidGlass.ush" 2635
"../../../Engine/Shaders/Private/PathTracing/Material/PathTracingEnergyConservation.ush" 2636
"../../../Engine/Shaders/Private/PathTracing/Material/PathTracingThinGlass.ush" 2637
"../../../Engine/Shaders/Private/PathTracing/Material/PathTracingDefaultLit.ush" 2638
"../../../Engine/Shaders/Private/PathTracing/Material/PathTracingClearCoat.ush" 2639
"../../../Engine/Shaders/Private/PathTracing/Material/PathTracingTwoSidedFoliage.ush" 2640
"../../../Engine/Shaders/Private/PathTracing/Material/PathTracingCloth.ush" 2641
"../../../Engine/Shaders/Private/PathTracing/Material/PathTracingSubsurfaceProfile.ush" 2642
"../../../Engine/Shaders/Private/PathTracing/Material/PathTracingEye.ush" 2643
"../../../Engine/Shaders/Private/PathTracing/Material/PathTracingHair.ush" 2644
"../../../Engine/Shaders/Private/PathTracing/Material/PathTracingMedium.ush" 2645
"../../../Engine/Shaders/Private/PathTracing/Volume/PathTracingVolume.ush" 2646
"../../../Engine/Shaders/Private/PathTracing/Volume/PathTracingAtmosphere.ush" 2647
"../../../Engine/Shaders/Private/PathTracing/Volume/PathTracingClouds.ush" 2648
"../../../Engine/Shaders/Private/PathTracing/Volume/PathTracingFog.ush" 2649
"../../../Engine/Shaders/Private/PathTracing/Volume/PathTracingHeterogeneousVolumes.ush" 2650
"../../../Engine/Shaders/Private/HeterogeneousVolumes/HeterogeneousVolumesVoxelGridTraversal.ush" 2651
"../../../Engine/Shaders/Private/HeterogeneousVolumes/HeterogeneousVolumesVoxelGridUtils.ush" 2652
"../../../Engine/Shaders/Private/HeterogeneousVolumes/HeterogeneousVolumesFrustumVoxelGridUtils.ush" 2653
"../../../Engine/Shaders/Private/PathTracing/Volume/PathTracingVolumeSampling.ush" 2654
"../../../Engine/Shaders/Private/PathTracing/PathTracingBuildLightGrid.usf" 2655
"../../../Engine/Shaders/Private/PathTracing/PathTracingSkylightMISCompensation.usf" 2656
"../../../Engine/Shaders/Private/PathTracing/PathTracingSkylightPrepare.usf" 2657
"../../../Engine/Shaders/Private/OIT/OITSorting.usf" 2658
"../../../Engine/Shaders/Private/OITCombine.usf" 2659
"../../../Engine/Shaders/Private/OITCommon.ush" 2660
"../../../Engine/Shaders/Private/Nanite/Voxel/RasterizeBricks.usf" 2661
"../../../Engine/Shaders/Private/Nanite/Voxel/Brick.ush" 2662
"../../../Engine/Shaders/Private/Nanite/Voxel/Voxel.ush" 2663
"../../../Engine/Shaders/Private/Nanite/Voxel/ScatterBricks.usf" 2664
"../../../Engine/Shaders/Private/Nanite/Voxel/TileBricks.usf" 2665
"../../../Engine/Shaders/Private/Nanite/Voxel/AutoVoxel.usf" 2666
"../../../Engine/Shaders/Private/Nanite/NaniteDebugViews.usf" 2667
"../../../Engine/Shaders/Private/Nanite/NaniteEditorCommon.ush" 2668
"../../../Engine/Shaders/Private/BinarySearch.ush" 2669
"../../../Engine/Shaders/Private/Nanite/NaniteDepthDecode.usf" 2670
"../../../Engine/Shaders/Private/HTileEncoding.ush" 2671
"../../../Engine/Shaders/Private/Nanite/NaniteVisualize.usf" 2672
"../../../Engine/Shaders/Private/Nanite/NaniteStreamOut.usf" 2673
"../../../Engine/Shaders/Private/Nanite/NaniteHierarchyTraversal.ush" 2674
"../../../Engine/Shaders/Private/Skinning/TransformProviders.usf" 2675
"../../../Engine/Shaders/Private/Nanite/NaniteShadeBinning.usf" 2676
"../../../Engine/Shaders/Private/Nanite/NaniteShadeCommon.ush" 2677
"../../../Engine/Shaders/Private/Nanite/NaniteFastClear.usf" 2678
"../../../Engine/Shaders/Private/Nanite/NaniteExportGBuffer.usf" 2679
"../../../Engine/Shaders/Private/Nanite/NaniteClusterCulling.usf" 2680
"../../../Engine/Shaders/Private/Nanite/NanitePrintStats.usf" 2681
"../../../Engine/Shaders/Private/Nanite/NaniteRasterizer.usf" 2682
"../../../Engine/Shaders/Private/Nanite/NaniteRasterizationCommon.ush" 2683
"../../../Engine/Shaders/Private/Nanite/NaniteRasterizer.ush" 2684
"../../../Engine/Shaders/Private/Nanite/NaniteWritePixel.ush" 2685
"../../../Engine/Shaders/Private/Nanite/NaniteTessellation.ush" 2686
"../../../Engine/Shaders/Private/WorkDistribution.ush" 2687
"../../../Engine/Shaders/Private/Nanite/NaniteDice.ush" 2688
"../../../Engine/Shaders/Private/ShaderBundleWorkGraphCommon.ush" 2689
"../../../Engine/Shaders/Public/RootConstants.ush" 2690
"../../../Engine/Shaders/Public/Platform/D3D/D3DRootConstants.ush" 2691
"../../../Engine/Shaders/Private/Nanite/NaniteSplit.usf" 2692
"../../../Engine/Shaders/Private/Nanite/NaniteRasterBinning.usf" 2693
"../../../Engine/Shaders/Private/Nanite/NaniteInstanceCulling.usf" 2694
"../../../Engine/Shaders/Private/Nanite/NaniteImposter.ush" 2695
"../../../Engine/Shaders/Private/Nanite/NaniteInstanceHierarchyCulling.usf" 2696
"../../../Engine/Shaders/Private/Nanite/NanitePrimitiveFilter.usf" 2697
"../../../Engine/Shaders/Private/Nanite/NaniteRasterClear.usf" 2698
"../../../Engine/Shaders/Private/Nanite/NaniteDepthExport.usf" 2699
"../../../Engine/Shaders/Private/Nanite/NaniteEmitShadow.usf" 2700
"../../../Engine/Shaders/Private/MobileDeferredUtils.usf" 2701
"../../../Engine/Shaders/Private/MobileLocalLightsBuffer.usf" 2702
"../../../Engine/Shaders/Private/MobileFog.usf" 2703
"../../../Engine/Shaders/Private/DistortApplyScreenPS.usf" 2704
"../../../Engine/Shaders/Private/MobileDeferredShading.usf" 2705
"../../../Engine/Shaders/Private/MobileBasePassPixelShader.usf" 2706
"../../../Engine/Shaders/Private/MobileBasePassCommon.ush" 2707
"../../../Engine/Shaders/Private/BasePassCommon.ush" 2708
"../../../Engine/Shaders/Private/ShadingModelsMaterial.ush" 2709
"../../../Engine/Shaders/Private/ThinTranslucentCommon.ush" 2710
"../../../Engine/Shaders/Private/SingleLayerWaterShading.ush" 2711
"../../../Engine/Shaders/Private/DistortionCommon.ush" 2712
"../../../Engine/Shaders/Private/Substrate/SubstrateMobileForwardLighting.ush" 2713
"../../../Engine/Shaders/Private/MobileBasePassVertexShader.usf" 2714
"../../../Engine/Shaders/Private/MeshEdges.usf" 2715
"../../../Engine/Shaders/Private/MegaLights/MegaLightsVSMTracing.usf" 2716
"../../../Engine/Shaders/Private/MegaLights/MegaLights.ush" 2717
"../../../Engine/Shaders/Private/Lumen/LumenPosition.ush" 2718
"../../../Engine/Shaders/Private/MegaLights/MegaLightsRayTracing.ush" 2719
"../../../Engine/Shaders/Private/MegaLights/MegaLightsRayTracing.usf" 2720
"../../../Engine/Shaders/Private/DistanceField/GlobalDistanceFieldUtils.ush" 2721
"../../../Engine/Shaders/Private/Lumen/LumenScreenTracing.ush" 2722
"../../../Engine/Shaders/Private/MegaLights/MegaLightsVolumeRayTracing.usf" 2723
"../../../Engine/Shaders/Private/MegaLights/MegaLightsVolume.ush" 2724
"../../../Engine/Shaders/Private/MegaLights/MegaLightsVolumeHardwareRayTracing.usf" 2725
"../../../Engine/Shaders/Private/Lumen/LumenHardwareRayTracingCommon.ush" 2726
"../../../Engine/Shaders/Private/RayTracing/RayTracingReflectionEnvironment.ush" 2727
"../../../Engine/Shaders/Private/Lumen/LumenHardwareRayTracingPlatformCommon.ush" 2728
"../../../Engine/Shaders/Private/Lumen/LumenReflectionsCombine.ush" 2729
"../../../Engine/Shaders/Private/Lumen/LumenTracingCommon.ush" 2730
"../../../Engine/Shaders/Private/Lumen/SurfaceCache/LumenSurfaceCacheSampling.ush" 2731
"../../../Engine/Shaders/Private/Lumen/SurfaceCache/LumenSurfaceCache.ush" 2732
"../../../Engine/Shaders/Private/Lumen/LumenCardCommon.ush" 2733
"../../../Engine/Shaders/Private/Lumen/LumenCardTileShadowDownsampleFactor.ush" 2734
"../../../Engine/Shaders/Private/MegaLights/MegaLightsHardwareRayTracing.usf" 2735
"../../../Engine/Shaders/Private/MegaLights/MegaLightsFilterVisibleLightHash.usf" 2736
"../../../Engine/Shaders/Private/MegaLights/MegaLightsDenoiserSpatial.usf" 2737
"../../../Engine/Shaders/Private/MegaLights/MegaLightsShading.ush" 2738
"../../../Engine/Shaders/Private/Lumen/LumenReflectionDenoiserCommon.ush" 2739
"../../../Engine/Shaders/Private/MegaLights/MegaLightsDenoiserTemporal.usf" 2740
"../../../Engine/Shaders/Private/MegaLights/MegaLightsShading.usf" 2741
"../../../Engine/Shaders/Private/MegaLights/MegaLightsVolumeShading.usf" 2742
"../../../Engine/Shaders/Private/MegaLights/MegaLightsVisibleLightHash.usf" 2743
"../../../Engine/Shaders/Private/MegaLights/MegaLightsSampling.usf" 2744
"../../../Engine/Shaders/Private/MegaLights/MegaLightsVolumeSampling.usf" 2745
"../../../Engine/Shaders/Private/MegaLights/MegaLights.usf" 2746
"../../../Engine/Shaders/Private/Lumen/LumenVisualizeRadianceCache.usf" 2747
"../../../Engine/Shaders/Private/Lumen/LumenRadianceCacheCommon.ush" 2748
"../../../Engine/Shaders/Private/Lumen/LumenVisualizeHardwareRayTracing.usf" 2749
"../../../Engine/Shaders/Private/Lumen/LumenVisualize.ush" 2750
"../../../Engine/Shaders/Private/Lumen/LumenHairTracing.ush" 2751
"../../../Engine/Shaders/Private/Lumen/LumenVisualize.usf" 2752
"../../../Engine/Shaders/Private/Lumen/LumenSoftwareRayTracing.ush" 2753
"../../../Engine/Shaders/Private/DistanceField/GlobalDistanceFieldObjectGrid.ush" 2754
"../../../Engine/Shaders/Private/DistanceFieldLightingShared.ush" 2755
"../../../Engine/Shaders/Private/Lumen/LumenVisualizeTraces.ush" 2756
"../../../Engine/Shaders/Private/Lumen/LumenTranslucencyVolumeLighting.usf" 2757
"../../../Engine/Shaders/Private/Lumen/LumenRadianceCacheMarkCommon.ush" 2758
"../../../Engine/Shaders/Private/Lumen/LumenTranslucencyVolumeLightingShared.ush" 2759
"../../../Engine/Shaders/Private/Lumen/LumenScreenProbeCommon.ush" 2760
"../../../Engine/Shaders/Private/RayTracing/RayGenUtils.ush" 2761
"../../../Engine/Shaders/Private/Lumen/LumenRadianceCacheTracingCommon.ush" 2762
"../../../Engine/Shaders/Private/Lumen/LumenTranslucencyVolumeHardwareRayTracing.usf" 2763
"../../../Engine/Shaders/Private/Lumen/LumenTranslucencyRadianceCacheMarkShaders.usf" 2764
"../../../Engine/Shaders/Private/Lumen/SurfaceCache/LumenSurfaceCacheFeedback.usf" 2765
"../../../Engine/Shaders/Private/Lumen/SurfaceCache/LumenSurfaceCache.usf" 2766
"../../../Engine/Shaders/Private/Lumen/LumenShortRangeAOHardwareRayTracing.usf" 2767
"../../../Engine/Shaders/Private/Lumen/LumenScreenSpaceBentNormal.usf" 2768
"../../../Engine/Shaders/Private/Lumen/LumenScreenProbeTracing.usf" 2769
"../../../Engine/Shaders/Private/Lumen/LumenScreenProbeTracingCommon.ush" 2770
"../../../Engine/Shaders/Private/Lumen/LumenFloatQuantization.ush" 2771
"../../../Engine/Shaders/Private/Lumen/LumenScreenProbeImportanceSampling.usf" 2772
"../../../Engine/Shaders/Private/Lumen/LumenScreenProbeImportanceSamplingShared.ush" 2773
"../../../Engine/Shaders/Private/Lumen/LumenScreenProbeHardwareRayTracing.usf" 2774
"../../../Engine/Shaders/Private/Lumen/LumenScreenProbeGather.usf" 2775
"../../../Engine/Shaders/Private/Lumen/LumenScreenSpaceBentNormal.ush" 2776
"../../../Engine/Shaders/Private/Lumen/LumenScreenProbeLightSampling.usf" 2777
"../../../Engine/Shaders/Private/Lumen/LumenScreenProbeFiltering.usf" 2778
"../../../Engine/Shaders/Private/Lumen/LumenSceneLighting.usf" 2779
"../../../Engine/Shaders/Private/Lumen/LumenCardTile.ush" 2780
"../../../Engine/Shaders/Private/Lumen/LumenSceneLighting.ush" 2781
"../../../Engine/Shaders/Private/Lumen/Radiosity/LumenRadiosity.ush" 2782
"../../../Engine/Shaders/Private/Lumen/LumenSceneLightingDebug.usf" 2783
"../../../Engine/Shaders/Private/Lumen/LumenScene.usf" 2784
"../../../Engine/Shaders/Private/Lumen/LumenSceneDirectLightingHardwareRayTracing.usf" 2785
"../../../Engine/Shaders/Private/Lumen/LumenReflectionCommon.ush" 2786
"../../../Engine/Shaders/Private/Lumen/LumenSceneDirectLighting.ush" 2787
"../../../Engine/Shaders/Private/Lumen/LumenSceneDebugHardwareRayTracing.usf" 2788
"../../../Engine/Shaders/Private/Lumen/LumenSceneDirectLightingStochastic.usf" 2789
"../../../Engine/Shaders/Private/Lumen/LumenSceneDirectLightingSoftwareRayTracing.usf" 2790
"../../../Engine/Shaders/Private/DistanceFieldShadowingShared.ush" 2791
"../../../Engine/Shaders/Private/Lumen/LumenSceneDirectLightingPerLightShadowCommon.ush" 2792
"../../../Engine/Shaders/Private/Lumen/LumenSceneDirectLightingShadowMask.usf" 2793
"../../../Engine/Shaders/Private/Lumen/LumenSceneDirectLighting.usf" 2794
"../../../Engine/Shaders/Private/Lumen/LumenSceneDirectLightingCulling.usf" 2795
"../../../Engine/Shaders/Private/Lumen/LumenCardComputeShader.usf" 2796
"../../../Engine/Shaders/Private/Lumen/LumenCardPixelShader.usf" 2797
"../../../Engine/Shaders/Private/Lumen/LumenCardVertexShader.usf" 2798
"../../../Engine/Shaders/Private/Lumen/LumenReSTIRGather.usf" 2799
"../../../Engine/Shaders/Private/Lumen/LumenReflectionTracing.usf" 2800
"../../../Engine/Shaders/Private/Lumen/LumenReflectionDenoiserSpatial.usf" 2801
"../../../Engine/Shaders/Private/Lumen/LumenReflectionDenoiserClear.usf" 2802
"../../../Engine/Shaders/Private/Lumen/LumenReflectionDenoiserTemporal.usf" 2803
"../../../Engine/Shaders/Private/Lumen/LumenReflectionResolve.usf" 2804
"../../../Engine/Shaders/Private/Lumen/LumenReflections.usf" 2805
"../../../Engine/Shaders/Private/Lumen/LumenReflectionHardwareRayTracing.usf" 2806
"../../../Engine/Shaders/Private/Lumen/Radiosity/LumenVisualizeRadiosityProbes.usf" 2807
"../../../Engine/Shaders/Private/Lumen/Radiosity/LumenRadiosity.usf" 2808
"../../../Engine/Shaders/Private/Lumen/Radiosity/LumenRadiosityHardwareRayTracing.usf" 2809
"../../../Engine/Shaders/Private/Lumen/Radiosity/LumenRadiosityCulling.usf" 2810
"../../../Engine/Shaders/Private/Lumen/LumenRadianceCacheHardwareRayTracing.usf" 2811
"../../../Engine/Shaders/Private/Lumen/LumenRadianceCache.usf" 2812
"../../../Engine/Shaders/Private/Lumen/LumenRadianceCacheUpdate.ush" 2813
"../../../Engine/Shaders/Private/Lumen/LumenRadianceCacheDebug.usf" 2814
"../../../Engine/Shaders/Private/Lumen/LumenRadianceCacheUpdate.usf" 2815
"../../../Engine/Shaders/Private/Lumen/LumenMeshSDFCulling.usf" 2816
"../../../Engine/Shaders/Private/HybridIndirectLighting.ush" 2817
"../../../Engine/Shaders/Private/MeshDistanceFieldCommon.ush" 2818
"../../../Engine/Shaders/Private/Lumen/LumenIrradianceFieldGather.usf" 2819
"../../../Engine/Shaders/Private/Lumen/LumenHardwareRayTracingMaterials.usf" 2820
"../../../Engine/Shaders/Private/Lumen/LumenFrontLayerTranslucency.usf" 2821
"../../../Engine/Shaders/Private/LocalFogVolumes/LocalFogVolumeSplat.usf" 2822
"../../../Engine/Shaders/Private/LocalFogVolumes/LocalFogVolumeTiledCulling.usf" 2823
"../../../Engine/Shaders/Private/LightShaftShader.usf" 2824
"../../../Engine/Shaders/Private/StationaryLightOverlapShaders.usf" 2825
"../../../Engine/Shaders/Private/DeferredLightPixelShaders.usf" 2826
"../../../Engine/Shaders/Private/HairStrands/HairStrandsVisibilityUtils.ush" 2827
"../../../Engine/Shaders/Private/DeferredLightVertexShaders.usf" 2828
"../../../Engine/Shaders/Private/LightMapDensityShader.usf" 2829
"../../../Engine/Shaders/Private/LightGridInjection.usf" 2830
"../../../Engine/Shaders/Shared/LightGridDefinitions.h" 2831
"../../../Engine/Shaders/Private/LightFunctionPixelShader.usf" 2832
"../../../Engine/Shaders/Private/LightFunctionVertexShader.usf" 2833
"../../../Engine/Shaders/Private/LightFunctionAtlas/LightFunctionAtlasRender.usf" 2834
"../../../Engine/Shaders/Private/InstanceCulling/InstanceCullingOcclusionQuery.usf" 2835
"../../../Engine/Shaders/Private/InstanceCulling/InstanceCullingSetup.ush" 2836
"../../../Engine/Shaders/Private/InstanceCulling/BuildInstanceDrawCommands.usf" 2837
"../../../Engine/Shaders/Private/InstanceCulling/InstanceCompactionCommon.ush" 2838
"../../../Engine/Shaders/Private/SceneDataMobileWriter.ush" 2839
"../../../Engine/Shaders/Private/InstanceCulling/CompactVisibleInstances.usf" 2840
"../../../Engine/Shaders/Private/ReflectionEnvironmentPixelShader.usf" 2841
"../../../Engine/Shaders/Private/AmbientCubemapComposite.usf" 2842
"../../../Engine/Shaders/Private/DiffuseIndirectComposite.usf" 2843
"../../../Engine/Shaders/Private/IESAtlas.usf" 2844
"../../../Engine/Shaders/Private/HeterogeneousVolumes/HeterogeneousVolumesVoxelGridShadows.usf" 2845
"../../../Engine/Shaders/Private/HeterogeneousVolumes/HeterogeneousVolumesStochasticFiltering.ush" 2846
"../../../Engine/Shaders/Private/HeterogeneousVolumes/HeterogeneousVolumesVoxelGridRenderingUtils.ush" 2847
"../../../Engine/Shaders/Private/HeterogeneousVolumes/HeterogeneousVolumesLightingUtils.ush" 2848
"../../../Engine/Shaders/Private/HeterogeneousVolumes/HeterogeneousVolumesVoxelGridRendering.usf" 2849
"../../../Engine/Shaders/Private/HeterogeneousVolumes/HeterogeneousVolumesVoxelGridPipeline.usf" 2850
"../../../Engine/Shaders/Private/HeterogeneousVolumes/HeterogeneousVolumesMaterialBakingPipeline.usf" 2851
"../../../Engine/Shaders/Private/HeterogeneousVolumes/HeterogeneousVolumesLiveShadingUtils.ush" 2852
"../../../Engine/Shaders/Private/HeterogeneousVolumes/HeterogeneousVolumesFrustumVoxelGrid.usf" 2853
"../../../Engine/Shaders/Private/HeterogeneousVolumes/HeterogeneousVolumesSparseVoxelPipeline.usf" 2854
"../../../Engine/Shaders/Private/HeterogeneousVolumes/HeterogeneousVolumesSparseVoxelUtils.ush" 2855
"../../../Engine/Shaders/Private/HeterogeneousVolumes/HeterogeneousVolumesSparseVoxelUniformBufferUtils.ush" 2856
"../../../Engine/Shaders/Private/HeterogeneousVolumes/HeterogeneousVolumesPreshadingPipeline.usf" 2857
"../../../Engine/Shaders/Private/HeterogeneousVolumes/HeterogeneousVolumesLiveShadingShadows.usf" 2858
"../../../Engine/Shaders/Private/HeterogeneousVolumes/HeterogeneousVolumesLiveShadingGlobalPipeline.usf" 2859
"../../../Engine/Shaders/Private/HeterogeneousVolumes/HeterogeneousVolumesLiveShadingPipeline.usf" 2860
"../../../Engine/Shaders/Private/HeterogeneousVolumes/HeterogeneousVolumesHardwareRayTracing.usf" 2861
"../../../Engine/Shaders/Private/HeterogeneousVolumes/HeterogeneousVolumesAmbientOcclusionPipeline.usf" 2862
"../../../Engine/Shaders/Private/HeterogeneousVolumes/HeterogeneousVolumesComposite.usf" 2863
"../../../Engine/Shaders/Private/HdrCustomResolveShaders.usf" 2864
"../../../Engine/Shaders/Private/HairStrands/HairStrandsVoxelRasterCompute.usf" 2865
"../../../Engine/Shaders/Private/HairStrands/HairStrandsHitProxy.usf" 2866
"../../../Engine/Shaders/Private/HairStrands/HairStrandsVisibilityRasterComputeNaive.usf" 2867
"../../../Engine/Shaders/Private/HairStrands/HairStrandsVisibilityRasterHW.usf" 2868
"../../../Engine/Shaders/Private/HairStrands/HairStrandsVisibilityRasterCompute.usf" 2869
"../../../Engine/Shaders/Private/HairStrands/HairStrandsVisibilityRasterClassification.usf" 2870
"../../../Engine/Shaders/Private/HairStrands/HairStrandsCoverage.usf" 2871
"../../../Engine/Shaders/Private/HairStrands/HairStrandsVisibilityDepthPS.usf" 2872
"../../../Engine/Shaders/Private/HairStrands/HairStrandsVisibilityTransmittanceDepthPS.usf" 2873
"../../../Engine/Shaders/Private/HairStrands/HairStrandsVisibilityFillOpaqueDepthPS.usf" 2874
"../../../Engine/Shaders/Private/HairStrands/HairStrandsVisibilityCompactionComputeRaster.usf" 2875
"../../../Engine/Shaders/Private/HairStrands/HairStrandsVisibilityCompaction.usf" 2876
"../../../Engine/Shaders/Private/HairStrands/HairStrandsVisibilityCopyIndirectArg.usf" 2877
"../../../Engine/Shaders/Private/HairStrands/HairStrandsVisibilityClearPS.usf" 2878
"../../../Engine/Shaders/Private/HairStrands/HairStrandsVisibilityPS.usf" 2879
"../../../Engine/Shaders/Private/HairStrands/HairStrandsVisibilityVS.usf" 2880
"../../../Engine/Shaders/Private/HairStrands/HairStrandsVelocity.usf" 2881
"../../../Engine/Shaders/Private/HairStrands/HairStrandsVisibilityComputeSampleCoverage.usf" 2882
"../../../Engine/Shaders/Private/HairStrands/HairStrandsMaterialPS.usf" 2883
"../../../Engine/Shaders/Private/HairStrands/HairStrandsMaterialCommon.ush" 2884
"../../../Engine/Shaders/Private/HairStrands/HairStrandsMaterialVS.usf" 2885
"../../../Engine/Shaders/Private/HairStrands/HairStrandsLightSample.usf" 2886
"../../../Engine/Shaders/Private/HairStrands/HairStrandsDeepShadowMask.usf" 2887
"../../../Engine/Shaders/Private/HairStrands/HairStrandsDeepTransmittanceMask.usf" 2888
"../../../Engine/Shaders/Private/HairStrands/HairStrandsVisibilityTile.usf" 2889
"../../../Engine/Shaders/Private/HairStrands/HairStrandsDeepShadowPS.usf" 2890
"../../../Engine/Shaders/Private/HairStrands/HairStrandsDeepShadowVS.usf" 2891
"../../../Engine/Shaders/Private/HairStrands/HairStrandsAABB.usf" 2892
"../../../Engine/Shaders/Private/HairStrands/HairStrandsLUT.usf" 2893
"../../../Engine/Shaders/Private/HairStrands/HairStrandsForwardRaster.usf" 2894
"../../../Engine/Shaders/Private/HairStrands/HairStrandsForwardCulling.usf" 2895
"../../../Engine/Shaders/Private/HairStrands/HairStrandsEnvironmentLighting.usf" 2896
"../../../Engine/Shaders/Private/HairStrands/HairStrandsEnvironmentAO.usf" 2897
"../../../Engine/Shaders/Private/HairStrands/HairStrandsDeepShadowAllocation.usf" 2898
"../../../Engine/Shaders/Private/HairStrands/HairStrandsVoxelDebug.usf" 2899
"../../../Engine/Shaders/Private/HairStrands/HairStrandsComposition.usf" 2900
"../../../Engine/Shaders/Private/HairStrands/HairStrandsGBufferCommon.ush" 2901
"../../../Engine/Shaders/Private/GPUScene/GPUSceneDataManagement.usf" 2902
"../../../Engine/Shaders/Private/GPUSceneDebugRender.usf" 2903
"../../../Engine/Shaders/Private/GPUFastFourierTransform.usf" 2904
"../../../Engine/Shaders/Private/GPUFastFourierTransform2DCore.ush" 2905
"../../../Engine/Shaders/Private/GPUFastFourierTransformCore.ush" 2906
"../../../Engine/Shaders/Private/GPUBenchmark.usf" 2907
"../../../Engine/Shaders/Private/DistanceField/GlobalDistanceFieldDebug.usf" 2908
"../../../Engine/Shaders/Private/DistanceField/GlobalDistanceFieldUpdate.ush" 2909
"../../../Engine/Shaders/Private/DistanceField/GlobalDistanceFieldMip.usf" 2910
"../../../Engine/Shaders/Private/DistanceField/GlobalDistanceField.usf" 2911
"../../../Engine/Shaders/Private/DistanceField/GlobalDistanceFieldCompositeObjects.usf" 2912
"../../../Engine/Shaders/Private/DistanceField/GlobalDistanceFieldHeightfields.usf" 2913
"../../../Engine/Shaders/Private/HeightfieldLightingShared.ush" 2914
"../../../Engine/Shaders/Private/GenerateConservativeDepth.usf" 2915
"../../../Engine/Shaders/Private/HeightFogPixelShader.usf" 2916
"../../../Engine/Shaders/Private/HeightFogVertexShader.usf" 2917
"../../../Engine/Shaders/Private/DistortFiltering.usf" 2918
"../../../Engine/Shaders/Private/DistortAccumulatePS.usf" 2919
"../../../Engine/Shaders/Private/DistortAccumulateVS.usf" 2920
"../../../Engine/Shaders/Private/DistanceFieldVisualization.usf" 2921
"../../../Engine/Shaders/Private/DistanceFieldStreaming.usf" 2922
"../../../Engine/Shaders/Private/DistanceFieldShadowing.usf" 2923
"../../../Engine/Shaders/Private/DistanceFieldScreenGridLighting.usf" 2924
"../../../Engine/Shaders/Private/DistanceFieldObjectCulling.usf" 2925
"../../../Engine/Shaders/Private/DistanceFieldLightingPost.usf" 2926
"../../../Engine/Shaders/Private/DitheredTransitionStencil.usf" 2927
"../../../Engine/Shaders/Private/CopyDepthTextureCS.usf" 2928
"../../../Engine/Shaders/Private/DeferredDecal.usf" 2929
"../../../Engine/Shaders/Private/DecalCommon.ush" 2930
"../../../Engine/Shaders/Private/DebugViewModeVertexShader.usf" 2931
"../../../Engine/Shaders/Private/DebugViewModeCommon.ush" 2932
"../../../Engine/Shaders/Private/DebugViewModePixelShader.usf" 2933
"../../../Engine/Shaders/Private/DebugProbes.usf" 2934
"../../../Engine/Shaders/Private/MeshDecals.usf" 2935
"../../../Engine/Shaders/Private/PostProcessAmbientOcclusion.usf" 2936
"../../../Engine/Shaders/Private/ClusteredDeferredShadingPixelShader.usf" 2937
"../../../Engine/Shaders/Private/ClusteredDeferredShadingVertexShader.usf" 2938
"../../../Engine/Shaders/Private/CapsuleShadowShaders.usf" 2939
"../../../Engine/Shaders/Private/BasePassPixelShader.usf" 2940
"../../../Engine/Shaders/Private/ForwardLightingCommon.ush" 2941
"../../../Engine/Shaders/Private/Substrate/SubstrateForwardLighting.ush" 2942
"../../../Engine/Shaders/Private/ComputeShaderOutputCommon.ush" 2943
"../../../Engine/Shaders/Private/BasePassVertexShader.usf" 2944
"../../../Engine/Shaders/Private/BasePassVertexCommon.ush" 2945
"../../../Engine/Shaders/Private/SimpleElementVolumeTexturePreviewPixelShader.usf" 2946
"../../../Engine/Shaders/Private/SimpleElementTexture2DPreviewPixelShader.usf" 2947
"../../../Engine/Shaders/Private/meshpaintdilatepixelshader.usf" 2948
"../../../Engine/Shaders/Private/meshpaintdilatevertexshader.usf" 2949
"../../../Engine/Shaders/Private/MeshPaintPixelShader.usf" 2950
"../../../Engine/Shaders/Private/MeshPaintVertexShader.usf" 2951
"../../../Engine/Shaders/Private/SlateElementPixelShader.usf" 2952
"../../../Engine/Shaders/Private/SlateShaderCommon.ush" 2953
"../../../Engine/Shaders/Private/SlateMaskingShader.usf" 2954
"../../../Engine/Shaders/Private/SlateVertexShader.usf" 2955
"../../../Engine/Shaders/Private/CompositeUIPixelShader.usf" 2956
"../../../Engine/Shaders/Private/ColorDeficiency.ush" 2957
"../../../Engine/Shaders/Private/SlatePostProcessColorDeficiencyPixelShader.usf" 2958
"../../../Engine/Shaders/Private/SlatePostProcessPixelShader.usf" 2959
"../../../Engine/Shaders/Private/Tools/VisualizeTexture.usf" 2960
"../../../Engine/Shaders/Private/UpdateDescriptorHandle.usf" 2961
"../../../Engine/Shaders/Private/ByteBuffer.usf" 2962
"../../../Engine/Shaders/Private/ShaderBundleWorkGraphDispatch.usf" 2963
"../../../Engine/Shaders/Private/ShaderBundleDispatch.usf" 2964
"../../../Engine/Shaders/Private/ResolveVertexShader.usf" 2965
"../../../Engine/Shaders/Private/ResolvePixelShader.usf" 2966
"../../../Engine/Shaders/Private/Tools/SetupIndirectArgs.usf" 2967
"../../../Engine/Shaders/Private/ClearReplacementShaders.usf" 2968
"../../../Engine/Shaders/Private/Tools/DrawTexture.usf" 2969
"../../../Engine/Shaders/Private/RayTracing/RayTracingValidation.usf" 2970
"../../../Engine/Shaders/Private/RenderGraphUtilities.usf" 2971
"../../../Engine/Shaders/Private/OneColorShader.usf" 2972
"../../../Engine/Shaders/Private/OculusShaders.usf" 2973
"../../../Engine/Shaders/Private/MediaShaders.usf" 2974
"../../../Engine/Shaders/Private/GPUMessaging.usf" 2975
"../../../Engine/Shaders/Private/Tools/GPUDebugCrashUtils.usf" 2976
"../../../Engine/Shaders/Private/NullPixelShader.usf" 2977
"../../../Engine/Shaders/Private/ComputeGenerateMips.usf" 2978
"../../../Engine/Shaders/Private/Tools/DumpTexture.usf" 2979
"../../../Engine/Shaders/Private/CopyTextureShaders.usf" 2980
"../../../Engine/Shaders/Private/Tools/FullscreenVertexShader.usf" 2981
"../../../Engine/Shaders/Private/RayTracing/RayTracingDispatchDesc.usf" 2982
"../../../Engine/Shaders/Private/Bink.usf" 2983
"../../../Engine/Shaders/Private/VelocityShader.usf" 2984
"../../../Engine/Shaders/Private/DepthOnlyPixelShader.usf" 2985
"../../../Engine/Shaders/Private/PositionOnlyDepthVertexShader.usf" 2986
"../../../Engine/Shaders/Private/DepthOnlyVertexShader.usf" 2987
"../../../Engine/Shaders/Private/AnisotropyPassShader.usf" 2988
"/Engine/EditorResources/S_Actor" 2989
"../../../Engine/Content/EditorResources/S_Actor.uasset" 2990
"/Engine/EditorResources/S_BoxReflectionCapture" 2991
"../../../Engine/Content/EditorResources/S_BoxReflectionCapture.uasset" 2992
"/Engine/EngineResources/DefaultTexture" 2993
"../../../Engine/Content/EngineResources/DefaultTexture.uasset" 2994
"/Engine/EngineResources/DefaultTextureCube" 2995
"../../../Engine/Content/EngineResources/DefaultTextureCube.uasset" 2996
"/Engine/EngineResources/DefaultVolumeTexture" 2997
"../../../Engine/Content/EngineResources/DefaultVolumeTexture.uasset" 2998
"../../../Engine/Content/EngineResources/DefaultVolumeTexture2D.uasset" 2999
"/Engine/EngineFonts/RobotoDistanceField" 3000
"../../../Engine/Content/EngineFonts/RobotoDistanceField.uasset" 3001
"/Engine/EngineMaterials/DefaultTextMaterialOpaque" 3002
"../../../Engine/Content/EngineMaterials/DefaultTextMaterialOpaque.uasset" 3003
"/Engine/Functions/Engine_MaterialFunctions01/Shading/PowerToRoughness" 3004
"../../../Engine/Content/Functions/Engine_MaterialFunctions01/Shading/PowerToRoughness.uasset" 3005
"/Engine/Functions/Engine_MaterialFunctions01/Shading/ConvertFromDiffSpec" 3006
"../../../Engine/Content/Functions/Engine_MaterialFunctions01/Shading/ConvertFromDiffSpec.uasset" 3007
"/Engine/EngineMaterials/WorldGridMaterial" 3008
"../../../Engine/Content/EngineMaterials/WorldGridMaterial.uasset" 3009
"../../../Engine/Content/Functions/Engine_MaterialFunctions01/Opacity/CameraDepthFade.uasset" 3010
"../../../Engine/Content/EngineMaterials/T_Default_Material_Grid_M.uasset" 3011
"../../../Engine/Content/EngineMaterials/T_Default_Material_Grid_N.uasset" 3012
"/Engine/EngineMaterials/DefaultDeferredDecalMaterial" 3013
"../../../Engine/Content/EngineMaterials/DefaultDeferredDecalMaterial.uasset" 3014
"../../../Engine/Content/EngineMaterials/DefaultDiffuse.uasset" 3015
"/Engine/EngineMaterials/DefaultLightFunctionMaterial" 3016
"../../../Engine/Content/EngineMaterials/DefaultLightFunctionMaterial.uasset" 3017
"/Engine/EngineMaterials/DefaultPostProcessMaterial" 3018
"../../../Engine/Content/EngineMaterials/DefaultPostProcessMaterial.uasset" 3019
"../../../Engine/Content/Functions/Engine_MaterialFunctions02/Utility/BreakOutFloat2Components.uasset" 3020
"/Engine/EditorResources/S_Trigger" 3021
"../../../Engine/Content/EditorResources/S_Trigger.uasset" 3022
"/Engine/EditorResources/S_TriggerBox" 3023
"../../../Engine/Content/EditorResources/S_TriggerBox.uasset" 3024
"/Engine/EditorResources/S_TriggerCapsule" 3025
"../../../Engine/Content/EditorResources/S_TriggerCapsule.uasset" 3026
"/Engine/EditorResources/S_TriggerSphere" 3027
"../../../Engine/Content/EditorResources/S_TriggerSphere.uasset" 3028
"/Engine/EngineDamageTypes/DmgTypeBP_Environmental" 3029
"../../../Engine/Content/EngineDamageTypes/DmgTypeBP_Environmental.uasset" 3030
"/Engine/EngineSky/VolumetricClouds/m_SimpleVolumetricCloud_Inst" 3031
"../../../Engine/Content/EngineSky/VolumetricClouds/m_SimpleVolumetricCloud_Inst.uasset" 3032
"../../../Engine/Content/EngineSky/VolumetricClouds/m_SimpleVolumetricCloud.uasset" 3033
"../../../Engine/Content/Functions/Engine_MaterialFunctions01/Units/Km-to-Cm.uasset" 3034
"../../../Engine/Content/Functions/Engine_MaterialFunctions02/Utility/BreakOutFloat3Components.uasset" 3035
"../../../Engine/Content/Functions/Engine_MaterialFunctions02/Utility/BreakOutFloat4Components.uasset" 3036
"../../../Engine/Content/Functions/Engine_MaterialFunctions02/Utility/MakeFloat3.uasset" 3037
"../../../Engine/Content/Functions/Engine_MaterialFunctions02/Utility/MakeFloat4.uasset" 3038
"../../../Engine/Content/EngineSky/VolumetricClouds/T_CloudMask.uasset" 3039
"../../../Engine/Content/EngineSky/VolumetricClouds/T_CloudPattern.uasset" 3040
"../../../Engine/Content/EngineSky/VolumetricClouds/T_Profile_08.uasset" 3041
"../../../Engine/Content/EngineSky/VolumetricClouds/VT_Lightning.uasset" 3042
"../../../Engine/Content/EngineSky/VolumetricClouds/VT_PerlinWorley_Balanced.uasset" 3043
"/Engine/EngineMeshes/Sphere" 3044
"../../../Engine/Content/EngineMeshes/Sphere.uasset" 3045
"/Engine/EngineResources/WhiteSquareTexture" 3046
"../../../Engine/Content/EngineResources/WhiteSquareTexture.uasset" 3047
"/Engine/EngineResources/GradientTexture0" 3048
"../../../Engine/Content/EngineResources/GradientTexture0.uasset" 3049
"/Engine/EngineResources/Black" 3050
"../../../Engine/Content/EngineResources/Black.uasset" 3051
"/Engine/EngineMaterials/Widget3DPassThrough_Translucent" 3052
"../../../Engine/Content/EngineMaterials/Widget3DPassThrough_Translucent.uasset" 3053
"../../../Engine/Content/EngineMaterials/Widget3DPassThrough.uasset" 3054
"/Engine/EngineMaterials/Widget3DPassThrough_Translucent_OneSided" 3055
"../../../Engine/Content/EngineMaterials/Widget3DPassThrough_Translucent_OneSided.uasset" 3056
"/Engine/EngineMaterials/Widget3DPassThrough_Opaque" 3057
"../../../Engine/Content/EngineMaterials/Widget3DPassThrough_Opaque.uasset" 3058
"/Engine/EngineMaterials/Widget3DPassThrough_Opaque_OneSided" 3059
"../../../Engine/Content/EngineMaterials/Widget3DPassThrough_Opaque_OneSided.uasset" 3060
"/Engine/EngineMaterials/Widget3DPassThrough_Masked" 3061
"../../../Engine/Content/EngineMaterials/Widget3DPassThrough_Masked.uasset" 3062
"/Engine/EngineMaterials/Widget3DPassThrough_Masked_OneSided" 3063
"../../../Engine/Content/EngineMaterials/Widget3DPassThrough_Masked_OneSided.uasset" 3064
"/Engine/VREditor/TransformGizmo/SM_Sequencer_Node" 3065
"../../../Engine/Content/VREditor/TransformGizmo/SM_Sequencer_Node.uasset" 3066
"../../../Engine/Content/VREditor/TransformGizmo/Main.uasset" 3067
"../../../Engine/Content/VREditor/TransformGizmo/Xray.uasset" 3068
"/Engine/EditorResources/S_Solver" 3069
"../../../Engine/Content/EditorResources/S_Solver.uasset" 3070
"/Engine/EngineDebugMaterials/VolumeToRender" 3071
"../../../Engine/Content/EngineDebugMaterials/VolumeToRender.uasset" 3072
"/Engine/EngineDebugMaterials/M_VolumeRenderSphereTracePP" 3073
"../../../Engine/Content/EngineDebugMaterials/M_VolumeRenderSphereTracePP.uasset" 3074
"../../../Engine/Content/Functions/Engine_MaterialFunctions02/Utility/CameraDirectionVector.uasset" 3075
"/Engine/VREditor/ViewportInteractionAssetContainerData" 3076
"../../../Engine/Content/VREditor/ViewportInteractionAssetContainerData.uasset" 3077
"../../../Engine/Content/VREditor/SnapGrid/SnapGridMaterial.uasset" 3078
"../../../Engine/Content/VREditor/TransformGizmo/TransformGizmoMaterial_Inst.uasset" 3079
"../../../Engine/Content/VREditor/TransformGizmo/TranslucentTransformGizmoMaterial_Inst.uasset" 3080
"../../../Engine/Content/VREditor/SnapGrid/SnapGridPlaneMesh.uasset" 3081
"../../../Engine/Content/VREditor/Sounds/UI/Drop_Item_From_ContentBrowser.uasset" 3082
"../../../Engine/Content/VREditor/Sounds/UI/Gizmo_Handle_Clicked.uasset" 3083
"../../../Engine/Content/VREditor/Sounds/UI/Object_PickUp.uasset" 3084
"../../../Engine/Content/VREditor/Sounds/UI/Object_Snaps_To_Another_Actor.uasset" 3085
"../../../Engine/Content/VREditor/Sounds/UI/Object_Snaps_To_Grid.uasset" 3086
"../../../Engine/Content/VREditor/Sounds/UI/Scaling_Down.uasset" 3087
"../../../Engine/Content/VREditor/Sounds/UI/Scaling_Up.uasset" 3088
"../../../Engine/Content/VREditor/Sounds/UI/Selection_Changes.uasset" 3089
"../../../Engine/Content/VREditor/TransformGizmo/PlaneTranslationHandle.uasset" 3090
"../../../Engine/Content/VREditor/TransformGizmo/RotationHandleFull.uasset" 3091
"../../../Engine/Content/VREditor/TransformGizmo/RotationHandleIndicator.uasset" 3092
"../../../Engine/Content/VREditor/TransformGizmo/RotationHandleQuarter.uasset" 3093
"../../../Engine/Content/VREditor/TransformGizmo/StartRotationHandleIndicator.uasset" 3094
"../../../Engine/Content/VREditor/TransformGizmo/TransformGizmoFreeRotation.uasset" 3095
"../../../Engine/Content/VREditor/TransformGizmo/TranslateArrowHandle.uasset" 3096
"../../../Engine/Content/VREditor/TransformGizmo/UniformScaleHandle.uasset" 3097
"../../../Engine/Content/Functions/Engine_MaterialFunctions02/Math/Transform3x3Matrix.uasset" 3098
"../../../Engine/Content/Functions/Engine_MaterialFunctions02/SplitComponents.uasset" 3099
"../../../Engine/Content/VREditor/TransformGizmo/TransformGizmoMaterial.uasset" 3100
"../../../Engine/Content/VREditor/TransformGizmo/TranslucentTransformGizmoMaterial.uasset" 3101
"../../../Engine/Content/VREditor/LaserPointer/VR_LaserPower_01.uasset" 3102
"/Engine/VREditor/TransformGizmo/BoundingBoxCorner" 3103
"../../../Engine/Content/VREditor/TransformGizmo/BoundingBoxCorner.uasset" 3104
"/Engine/VREditor/TransformGizmo/BoundingBoxEdge" 3105
"../../../Engine/Content/VREditor/TransformGizmo/BoundingBoxEdge.uasset" 3106
"/Engine/EditorMeshes/Camera/SM_CraneRig_Base" 3107
"../../../Engine/Content/EditorMeshes/Camera/SM_CraneRig_Base.uasset" 3108
"../../../Engine/Content/EditorMaterials/Camera/MI_CineMat_Rig.uasset" 3109
"../../../Engine/Content/EditorMaterials/Camera/CineMat.uasset" 3110
"/Engine/EditorMeshes/Camera/SM_CraneRig_Arm" 3111
"../../../Engine/Content/EditorMeshes/Camera/SM_CraneRig_Arm.uasset" 3112
"/Engine/EditorMeshes/Camera/SM_CraneRig_Mount" 3113
"../../../Engine/Content/EditorMeshes/Camera/SM_CraneRig_Mount.uasset" 3114
"/Engine/EditorMeshes/Camera/SM_CraneRig_Body" 3115
"../../../Engine/Content/EditorMeshes/Camera/SM_CraneRig_Body.uasset" 3116
"/Engine/EditorMeshes/Camera/SM_RailRig_Track" 3117
"../../../Engine/Content/EditorMeshes/Camera/SM_RailRig_Track.uasset" 3118
"/Engine/EditorMeshes/Camera/SM_RailRig_Mount" 3119
"../../../Engine/Content/EditorMeshes/Camera/SM_RailRig_Mount.uasset" 3120
"/Engine/ArtTools/RenderToTexture/Meshes/S_1_Unit_Plane" 3121
"../../../Engine/Content/ArtTools/RenderToTexture/Meshes/S_1_Unit_Plane.uasset" 3122
"/Engine/EngineDebugMaterials/M_SimpleUnlitTranslucent" 3123
"../../../Engine/Content/EngineDebugMaterials/M_SimpleUnlitTranslucent.uasset" 3124
"/Engine/EngineFonts/Roboto" 3125
"../../../Engine/Content/EngineFonts/Roboto.uasset" 3126
"../../../Engine/Content/EngineFonts/Faces/DroidSansFallback.uasset" 3127
"../../../Engine/Content/EngineFonts/Faces/RobotoBold.uasset" 3128
"../../../Engine/Content/EngineFonts/Faces/RobotoBoldItalic.uasset" 3129
"../../../Engine/Content/EngineFonts/Faces/RobotoItalic.uasset" 3130
"../../../Engine/Content/EngineFonts/Faces/RobotoLight.uasset" 3131
"../../../Engine/Content/EngineFonts/Faces/RobotoRegular.uasset" 3132
"/Engine/EditorMaterials/ParticleSystems/PSysThumbnail_NoImage" 3133
"../../../Engine/Content/EditorMaterials/ParticleSystems/PSysThumbnail_NoImage.uasset" 3134
"/Engine/EditorMaterials/ParticleSystems/PSysThumbnail_OOD" 3135
"../../../Engine/Content/EditorMaterials/ParticleSystems/PSysThumbnail_OOD.uasset" 3136
"/Engine/EditorLandscapeResources/SplineEditorMesh" 3137
"../../../Engine/Content/EditorLandscapeResources/SplineEditorMesh.uasset" 3138
"../../../Engine/Content/EditorLandscapeResources/SplineEditorMeshMat.uasset" 3139
"/Engine/EngineResources/LandscapeVisibilityLayerInfo" 3140
"../../../Engine/Content/EngineResources/LandscapeVisibilityLayerInfo.uasset" 3141
"/HairStrands/Materials/HairDebugMaterial" 3142
"../../Plugins/Runtime/HairStrands/Content/Materials/HairDebugMaterial.uasset" 3143
"../../../Engine/Content/Functions/Engine_MaterialFunctions02/Utility/MakeFloat2.uasset" 3144
"../../../Engine/Content/EngineMaterials/HairColorMap.uasset" 3145
"../../../Engine/Content/EngineMaterials/HairDebugColor.uasset" 3146
"../../Plugins/Runtime/HairStrands/Content/Materials/HairGroupColors.uasset" 3147
"/HairStrands/Materials/HairDefaultMaterial" 3148
"../../Plugins/Runtime/HairStrands/Content/Materials/HairDefaultMaterial.uasset" 3149
"/HairStrands/Materials/HairCardsDefaultMaterial" 3150
"../../Plugins/Runtime/HairStrands/Content/Materials/HairCardsDefaultMaterial.uasset" 3151
"/HairStrands/Materials/HairMeshesDefaultMaterial" 3152
"../../Plugins/Runtime/HairStrands/Content/Materials/HairMeshesDefaultMaterial.uasset" 3153
"../../../Engine/Content/Internationalization/icudt64l/coll/en.res" 3154
"/ACLPlugin/ACLAnimBoneCompressionSettings" 3155
"../../Plugins/Animation/ACLPlugin/Content/ACLAnimBoneCompressionSettings.uasset" 3156
"/Engine/Animation/DefaultRecorderBoneCompression" 3157
"../../../Engine/Content/Animation/DefaultRecorderBoneCompression.uasset" 3158
"/ACLPlugin/ACLAnimCurveCompressionSettings" 3159
"../../Plugins/Animation/ACLPlugin/Content/ACLAnimCurveCompressionSettings.uasset" 3160
"/Engine/Animation/DefaultVariableFrameStrippingSettings" 3161
"../../../Engine/Content/Animation/DefaultVariableFrameStrippingSettings.uasset" 3162
"/ControlRig/Controls/ControlRigXRayMaterial" 3163
"../../Plugins/Animation/ControlRig/Content/Controls/ControlRigXRayMaterial.uasset" 3164
"/ControlRig/Controls/DefaultGizmoLibraryNormalized" 3165
"../../Plugins/Animation/ControlRig/Content/Controls/DefaultGizmoLibraryNormalized.uasset" 3166
"/InterchangeAssets/gltf/MaterialBodies/MF_Default_Body" 3167
"../../Plugins/Interchange/Assets/Content/gltf/MaterialBodies/MF_Default_Body.uasset" 3168
"../../Plugins/Interchange/Assets/Content/gltf/MaterialFunctions/MF_BaseColor.uasset" 3169
"../../Plugins/Interchange/Assets/Content/gltf/MaterialFunctions/MF_Emissive.uasset" 3170
"../../Plugins/Interchange/Assets/Content/gltf/MaterialFunctions/MF_IOR.uasset" 3171
"../../Plugins/Interchange/Assets/Content/gltf/MaterialFunctions/MF_Iridescence.uasset" 3172
"../../Plugins/Interchange/Assets/Content/gltf/MaterialFunctions/MF_MetallicRoughness.uasset" 3173
"../../Plugins/Interchange/Assets/Content/gltf/MaterialFunctions/MF_Normals.uasset" 3174
"../../Plugins/Interchange/Assets/Content/gltf/MaterialFunctions/MF_Occlusion.uasset" 3175
"../../Plugins/Interchange/Assets/Content/gltf/MaterialFunctions/MF_ScaleNormal.uasset" 3176
"../../Plugins/Interchange/Assets/Content/gltf/MaterialFunctions/MF_Specular.uasset" 3177
"../../Plugins/Interchange/Assets/Content/gltf/MaterialFunctions/MF_SpecularAnisotropy.uasset" 3178
"../../Plugins/Interchange/Assets/Content/gltf/MaterialFunctions/MF_TransformUVs.uasset" 3179
"../../Plugins/Interchange/Assets/Content/gltf/Textures/T_Anisotropy_Direction_Linear.uasset" 3180
"../../Plugins/Interchange/Assets/Content/gltf/Textures/T_Generic_N.uasset" 3181
"../../Plugins/Interchange/Assets/Content/gltf/Textures/T_White_Linear.uasset" 3182
"../../Plugins/Interchange/Assets/Content/gltf/Textures/T_White_srgb.uasset" 3183
"../../Plugins/Interchange/Assets/Content/Functions/MF_Iridescence.uasset" 3184
"../../Plugins/Interchange/Assets/Content/gltf/MaterialFunctions/MF_RotateNormals_TS.uasset" 3185
"../../Plugins/Interchange/Assets/Content/gltf/MaterialFunctions/MF_RotateV2.uasset" 3186
"../../../Engine/Content/Functions/Engine_MaterialFunctions03/Math/RemapValueRange.uasset" 3187
"../../Plugins/Interchange/Assets/Content/Utilities/New_LUT.uasset" 3188
"/InterchangeAssets/gltf/MaterialBodies/MF_Unlit_Body" 3189
"../../Plugins/Interchange/Assets/Content/gltf/MaterialBodies/MF_Unlit_Body.uasset" 3190
"/InterchangeAssets/gltf/MaterialBodies/MF_ClearCoat_Body" 3191
"../../Plugins/Interchange/Assets/Content/gltf/MaterialBodies/MF_ClearCoat_Body.uasset" 3192
"../../Plugins/Interchange/Assets/Content/gltf/MaterialFunctions/MF_Clearcoat.uasset" 3193
"../../../Engine/Content/Functions/Engine_MaterialFunctions01/Texturing/FlattenNormal.uasset" 3194
"/InterchangeAssets/gltf/MaterialBodies/MF_Sheen_Body" 3195
"../../Plugins/Interchange/Assets/Content/gltf/MaterialBodies/MF_Sheen_Body.uasset" 3196
"../../Plugins/Interchange/Assets/Content/gltf/MaterialFunctions/MF_Sheen.uasset" 3197
"/InterchangeAssets/gltf/MaterialBodies/MF_Transmission_Body" 3198
"../../Plugins/Interchange/Assets/Content/gltf/MaterialBodies/MF_Transmission_Body.uasset" 3199
"../../Plugins/Interchange/Assets/Content/gltf/MaterialFunctions/MF_Fresnel_DS.uasset" 3200
"../../Plugins/Interchange/Assets/Content/gltf/MaterialFunctions/MF_Temporal_Blur.uasset" 3201
"../../Plugins/Interchange/Assets/Content/gltf/MaterialFunctions/MF_Transmission.uasset" 3202
"../../../Engine/Content/Functions/Engine_MaterialFunctions02/Texturing/ScreenAlignedPixelToPixelUVs.uasset" 3203
"../../../Engine/Content/EngineMaterials/Good64x64TilingNoiseHighFreq.uasset" 3204
"/InterchangeAssets/gltf/MaterialBodies/MF_SpecularGlossiness_Body" 3205
"../../Plugins/Interchange/Assets/Content/gltf/MaterialBodies/MF_SpecularGlossiness_Body.uasset" 3206
"../../Plugins/Interchange/Assets/Content/gltf/MaterialFunctions/MF_DiffuseSpecGloss.uasset" 3207
"../../Plugins/Interchange/Assets/Content/gltf/MaterialFunctions/MF_MaxComponentValue.uasset" 3208
"../../Plugins/Interchange/Assets/Content/gltf/MaterialFunctions/MF_SpecGlossToMetalRoughness.uasset" 3209
"../../Plugins/Interchange/Assets/Content/gltf/MaterialFunctions/MF_PerceivedBrightness.uasset" 3210
"../../../Engine/Content/Functions/Engine_MaterialFunctions02/Math/AddComponents.uasset" 3211
"/AudioWidgets/AudioMaterialSlate/MI_AudioMaterialToggleButton" 3212
"../../Plugins/Runtime/AudioWidgets/Content/AudioMaterialSlate/MI_AudioMaterialToggleButton.uasset" 3213
"../../Plugins/Runtime/AudioWidgets/Content/AudioMaterialSlate/M_AudioMaterialToggleButton.uasset" 3214
"../../Plugins/Runtime/AudioWidgets/Content/AudioMaterialSlate/Functions/MF_AngleGradient.uasset" 3215
"../../Plugins/Runtime/AudioWidgets/Content/AudioMaterialSlate/Functions/MF_SingleLine.uasset" 3216
"../../Plugins/Runtime/AudioWidgets/Content/AudioMaterialSlate/Functions/MF_SingleLine_Smooth.uasset" 3217
"../../../Engine/Content/Functions/Engine_MaterialFunctions01/Gradient/SphereGradient-2D.uasset" 3218
"../../../Engine/Content/Functions/Engine_MaterialFunctions01/Texturing/ScaleUVsByCenter.uasset" 3219
"../../../Engine/Content/Functions/Engine_MaterialFunctions02/Texturing/CustomRotator.uasset" 3220
"/AudioWidgets/Resources/ScrubHandleDown_Clamped" 3221
"../../Plugins/Runtime/AudioWidgets/Content/Resources/ScrubHandleDown_Clamped.uasset" 3222
"/AudioWidgets/AudioMaterialSlate/MI_AudioMaterialKnob" 3223
"../../Plugins/Runtime/AudioWidgets/Content/AudioMaterialSlate/MI_AudioMaterialKnob.uasset" 3224
"../../Plugins/Runtime/AudioWidgets/Content/AudioMaterialSlate/M_AudioMaterialKnob.uasset" 3225
"../../../Engine/Content/Functions/Engine_MaterialFunctions02/Lerp_3Color.uasset" 3226
"/AudioWidgets/AudioMaterialSlate/MI_AudioMaterialMeter" 3227
"../../Plugins/Runtime/AudioWidgets/Content/AudioMaterialSlate/MI_AudioMaterialMeter.uasset" 3228
"../../Plugins/Runtime/AudioWidgets/Content/AudioMaterialSlate/M_AudioMaterialMeter.uasset" 3229
"../../Plugins/Runtime/AudioWidgets/Content/AudioMaterialSlate/Functions/MF_Lines.uasset" 3230
"/AudioWidgets/AudioMaterialSlate/MI_AudioMaterialEnvelope_ADSR" 3231
"../../Plugins/Runtime/AudioWidgets/Content/AudioMaterialSlate/MI_AudioMaterialEnvelope_ADSR.uasset" 3232
"../../Plugins/Runtime/AudioWidgets/Content/AudioMaterialSlate/M_AudioMaterialEnvelope_ADSR.uasset" 3233
"../../Plugins/Runtime/AudioWidgets/Content/AudioMaterialSlate/Functions/MF_DotOutlined.uasset" 3234
"../../../Engine/Content/Functions/Engine_MaterialFunctions01/Gradient/GeneratedRoundRect.uasset" 3235
"../../../Engine/Content/Functions/Engine_MaterialFunctions02/Utility/VectorLength.uasset" 3236
"/AudioWidgets/AudioMaterialSlate/MI_AudioMaterialRoundedSlider" 3237
"../../Plugins/Runtime/AudioWidgets/Content/AudioMaterialSlate/MI_AudioMaterialRoundedSlider.uasset" 3238
"../../Plugins/Runtime/AudioWidgets/Content/AudioMaterialSlate/M_AudioMaterialRoundedSlider.uasset" 3239
"/Paper2D/MaskedUnlitSpriteMaterial" 3240
"../../Plugins/2D/Paper2D/Content/MaskedUnlitSpriteMaterial.uasset" 3241
"../../Plugins/2D/Paper2D/Content/DefaultSpriteMaterial.uasset" 3242
"../../Plugins/2D/Paper2D/Content/PlaceholderTextures/DummySpriteTexture.uasset" 3243
"/Paper2D/OpaqueUnlitSpriteMaterial" 3244
"../../Plugins/2D/Paper2D/Content/OpaqueUnlitSpriteMaterial.uasset" 3245
"/Paper2D/DefaultPaperTerrainMaterial" 3246
"../../Plugins/2D/Paper2D/Content/DefaultPaperTerrainMaterial.uasset" 3247
"../../Plugins/2D/Paper2D/Content/DummySprite.uasset" 3248
"/ControlRig/M_Manip" 3249
"../../Plugins/Animation/ControlRig/Content/M_Manip.uasset" 3250
"../../../Engine/Content/Functions/Engine_MaterialFunctions02/WorldPositionOffset/CameraOffset.uasset" 3251
"/SpeedTreeImporter/SpeedTree9/SpeedTreeMaster" 3252
"../../Plugins/Editor/SpeedTreeImporter/Content/SpeedTree9/SpeedTreeMaster.uasset" 3253
"../../../Engine/Content/Functions/Engine_MaterialFunctions02/ObjectLocalBounds.uasset" 3254
"../../../Engine/Content/Functions/Engine_MaterialFunctions02/SafeNormalize.uasset" 3255
"../../../Engine/Content/Functions/Engine_MaterialFunctions02/UVs/BoundingBoxBased_0-1_UVW.uasset" 3256
"../../../Engine/Content/Functions/Engine_MaterialFunctions02/WorldPositionOffset/ObjectScale.uasset" 3257
"../../Plugins/Editor/SpeedTreeImporter/Content/SpeedTree9/SpeedTreeBranchMotion.uasset" 3258
"../../Plugins/Editor/SpeedTreeImporter/Content/SpeedTree9/SpeedTreeCameraFacing.uasset" 3259
"../../Plugins/Editor/SpeedTreeImporter/Content/SpeedTree9/SpeedTreeWind.uasset" 3260
"../../Plugins/Editor/SpeedTreeImporter/Content/SpeedTree9/SpeedTreeWindMotion.uasset" 3261
"../../Plugins/Editor/SpeedTreeImporter/Content/SpeedTree9/UnpackDirection.uasset" 3262
"../../Plugins/Editor/SpeedTreeImporter/Content/SpeedTree9/UnpackInteger3.uasset" 3263
"../../Plugins/Editor/SpeedTreeImporter/Content/SpeedTree9/Empty.uasset" 3264
"../../Plugins/Editor/SpeedTreeImporter/Content/SpeedTree9/EmptyNormal.uasset" 3265
"../../Plugins/Editor/SpeedTreeImporter/Content/SpeedTree9/game_wind_noise.uasset" 3266
"/SpeedTreeImporter/SpeedTree9/SpeedTreeBillboardMaster" 3267
"../../Plugins/Editor/SpeedTreeImporter/Content/SpeedTree9/SpeedTreeBillboardMaster.uasset" 3268
"../../Plugins/Editor/SpeedTreeImporter/Content/SpeedTree9/SpeedTreeBillboard.uasset" 3269
"C:/Gry/EpicGames/UE_5.5/Engine/Binaries/ThirdParty/USD/UsdResources/Win64/plugins/plugInfo.json" 3270
"C:/Gry/EpicGames/UE_5.5/Engine/Binaries/ThirdParty/USD/UsdResources/Win64/plugins/glf/resources/plugInfo.json" 3271
"C:/Gry/EpicGames/UE_5.5/Engine/Binaries/ThirdParty/USD/UsdResources/Win64/plugins/ndr/resources/plugInfo.json" 3272
"C:/Gry/EpicGames/UE_5.5/Engine/Binaries/ThirdParty/USD/UsdResources/Win64/plugins/usdImaging/resources/plugInfo.json" 3273
"C:/Gry/EpicGames/UE_5.5/Engine/Binaries/ThirdParty/USD/UsdResources/Win64/plugins/usdSkelImaging/resources/plugInfo.json" 3274
"C:/Gry/EpicGames/UE_5.5/Engine/Binaries/ThirdParty/USD/UsdResources/Win64/plugins/hd/resources/plugInfo.json" 3275
"C:/Gry/EpicGames/UE_5.5/Engine/Binaries/ThirdParty/USD/UsdResources/Win64/plugins/usdAbc/resources/plugInfo.json" 3276
"C:/Gry/EpicGames/UE_5.5/Engine/Binaries/ThirdParty/USD/UsdResources/Win64/plugins/usdShade/resources/plugInfo.json" 3277
"C:/Gry/EpicGames/UE_5.5/Engine/Binaries/ThirdParty/USD/UsdResources/Win64/plugins/hdGp/resources/plugInfo.json" 3278
"C:/Gry/EpicGames/UE_5.5/Engine/Binaries/ThirdParty/USD/UsdResources/Win64/plugins/sdrGlslfx/resources/plugInfo.json" 3279
"C:/Gry/EpicGames/UE_5.5/Engine/Binaries/ThirdParty/USD/UsdResources/Win64/plugins/usdPhysics/resources/plugInfo.json" 3280
"C:/Gry/EpicGames/UE_5.5/Engine/Binaries/ThirdParty/USD/UsdResources/Win64/plugins/hdSt/resources/plugInfo.json" 3281
"C:/Gry/EpicGames/UE_5.5/Engine/Binaries/ThirdParty/USD/UsdResources/Win64/plugins/usd/resources/plugInfo.json" 3282
"C:/Gry/EpicGames/UE_5.5/Engine/Binaries/ThirdParty/USD/UsdResources/Win64/plugins/usdShaders/resources/plugInfo.json" 3283
"C:/Gry/EpicGames/UE_5.5/Engine/Binaries/ThirdParty/USD/UsdResources/Win64/plugins/usdMedia/resources/plugInfo.json" 3284
"C:/Gry/EpicGames/UE_5.5/Engine/Binaries/ThirdParty/USD/UsdResources/Win64/plugins/usdMtlx/resources/plugInfo.json" 3285
"C:/Gry/EpicGames/UE_5.5/Engine/Binaries/ThirdParty/USD/UsdResources/Win64/plugins/usdSkel/resources/plugInfo.json" 3286
"C:/Gry/EpicGames/UE_5.5/Engine/Binaries/ThirdParty/USD/UsdResources/Win64/plugins/usdHydra/resources/plugInfo.json" 3287
"C:/Gry/EpicGames/UE_5.5/Engine/Binaries/ThirdParty/USD/UsdResources/Win64/plugins/hdStorm/resources/plugInfo.json" 3288
"C:/Gry/EpicGames/UE_5.5/Engine/Binaries/ThirdParty/USD/UsdResources/Win64/plugins/usdProcImaging/resources/plugInfo.json" 3289
"C:/Gry/EpicGames/UE_5.5/Engine/Binaries/ThirdParty/USD/UsdResources/Win64/plugins/hgiGL/resources/plugInfo.json" 3290
"C:/Gry/EpicGames/UE_5.5/Engine/Binaries/ThirdParty/USD/UsdResources/Win64/plugins/usdRiPxrImaging/resources/plugInfo.json" 3291
"C:/Gry/EpicGames/UE_5.5/Engine/Binaries/ThirdParty/USD/UsdResources/Win64/plugins/unreal/resources/plugInfo.json" 3292
"C:/Gry/EpicGames/UE_5.5/Engine/Binaries/ThirdParty/USD/UsdResources/Win64/plugins/usdLux/resources/plugInfo.json" 3293
"C:/Gry/EpicGames/UE_5.5/Engine/Binaries/ThirdParty/USD/UsdResources/Win64/plugins/usdVolImaging/resources/plugInfo.json" 3294
"C:/Gry/EpicGames/UE_5.5/Engine/Binaries/ThirdParty/USD/UsdResources/Win64/plugins/hio/resources/plugInfo.json" 3295
"C:/Gry/EpicGames/UE_5.5/Engine/Binaries/ThirdParty/USD/UsdResources/Win64/plugins/usdRender/resources/plugInfo.json" 3296
"C:/Gry/EpicGames/UE_5.5/Engine/Binaries/ThirdParty/USD/UsdResources/Win64/plugins/usdVol/resources/plugInfo.json" 3297
"C:/Gry/EpicGames/UE_5.5/Engine/Binaries/ThirdParty/USD/UsdResources/Win64/plugins/sdf/resources/plugInfo.json" 3298
"C:/Gry/EpicGames/UE_5.5/Engine/Binaries/ThirdParty/USD/UsdResources/Win64/plugins/usdProc/resources/plugInfo.json" 3299
"C:/Gry/EpicGames/UE_5.5/Engine/Binaries/ThirdParty/USD/UsdResources/Win64/plugins/usdImagingGL/resources/plugInfo.json" 3300
"C:/Gry/EpicGames/UE_5.5/Engine/Binaries/ThirdParty/USD/UsdResources/Win64/plugins/usdUI/resources/plugInfo.json" 3301
"C:/Gry/EpicGames/UE_5.5/Engine/Binaries/ThirdParty/USD/UsdResources/Win64/plugins/ar/resources/plugInfo.json" 3302
"C:/Gry/EpicGames/UE_5.5/Engine/Binaries/ThirdParty/USD/UsdResources/Win64/plugins/hdx/resources/plugInfo.json" 3303
"C:/Gry/EpicGames/UE_5.5/Engine/Binaries/ThirdParty/USD/UsdResources/Win64/plugins/usdGeom/resources/plugInfo.json" 3304
"C:/Gry/EpicGames/UE_5.5/Engine/Binaries/ThirdParty/USD/UsdResources/Win64/plugins/usdRi/resources/plugInfo.json" 3305
"C:/Gry/EpicGames/UE_5.5/Engine/Binaries/ThirdParty/USD/UsdResources/Win64/plugins/usd/resources/codegenTemplates/plugInfo.json" 3306
"../../../Engine/Intermediate/ProjectFiles/PrimaryProjectPath.txt" 3307
"/MediaPlate/SM_MediaPlateScreen" 3308
"../../Plugins/Media/MediaPlate/Content/SM_MediaPlateScreen.uasset" 3309
"/Engine/BasicShapes/BasicShapeMaterial" 3310
"../../../Engine/Content/BasicShapes/BasicShapeMaterial.uasset" 3311
"/Engine/EditorMaterials/Dataflow/DataflowVertexMaterial" 3312
"../../../Engine/Content/EditorMaterials/Dataflow/DataflowVertexMaterial.uasset" 3313
"/Engine/EditorMaterials/Dataflow/DataflowTwoSidedVertexMaterial" 3314
"../../../Engine/Content/EditorMaterials/Dataflow/DataflowTwoSidedVertexMaterial.uasset" 3315
"C:/Users/Domin/AppData/Local/UnrealEngine/Editor/UInteractiveToolsPresetCollectionAsset_DefaultCollection.json" 3316
"/Engine/EngineMaterials/NaniteHiddenSectionMaterial" 3317
"../../../Engine/Content/EngineMaterials/NaniteHiddenSectionMaterial.uasset" 3318
"/Engine/EngineMaterials/RemoveSurfaceMaterial" 3319
"../../../Engine/Content/EngineMaterials/RemoveSurfaceMaterial.uasset" 3320
"/Engine/EngineDebugMaterials/DebugMeshMaterial" 3321
"../../../Engine/Content/EngineDebugMaterials/DebugMeshMaterial.uasset" 3322
"/Engine/EngineMaterials/EmissiveMeshMaterial" 3323
"../../../Engine/Content/EngineMaterials/EmissiveMeshMaterial.uasset" 3324
"../../../Engine/Content/EngineMaterials/DefaultWhiteGrid_Low.uasset" 3325
"/Engine/EngineMaterials/M_InvalidLightmapSettings" 3326
"../../../Engine/Content/EngineMaterials/M_InvalidLightmapSettings.uasset" 3327
"../../../Engine/Content/EngineMaterials/InvalidLightmapSettings.uasset" 3328
"/Engine/EngineMaterials/GizmoMaterial" 3329
"../../../Engine/Content/EngineMaterials/GizmoMaterial.uasset" 3330
"/Engine/EngineMaterials/PhAT_JointLimitMaterial" 3331
"../../../Engine/Content/EngineMaterials/PhAT_JointLimitMaterial.uasset" 3332
"/Engine/EngineMaterials/FlattenMaterial" 3333
"../../../Engine/Content/EngineMaterials/FlattenMaterial.uasset" 3334
"../../../Engine/Content/EngineMaterials/BaseFlattenDiffuseMap.uasset" 3335
"../../../Engine/Content/EngineMaterials/BaseFlattenEmissiveMap.uasset" 3336
"../../../Engine/Content/EngineMaterials/BaseFlattenGrayscaleMap.uasset" 3337
"../../../Engine/Content/EngineMaterials/BaseFlattenLinearColor.uasset" 3338
"../../../Engine/Content/EngineMaterials/BaseFlattenNormalMap.uasset" 3339
"../../../Engine/Content/Functions/Engine_MaterialFunctions02/PivotPainter2/Black_1x1_EXR_Texture.uasset" 3340
"/Engine/EngineMaterials/FlattenMaterial_VT" 3341
"../../../Engine/Content/EngineMaterials/FlattenMaterial_VT.uasset" 3342
"../../../Engine/Content/EngineMaterials/BaseFlattenDiffuseMap_VT.uasset" 3343
"../../../Engine/Content/EngineMaterials/BaseFlattenEmissiveMap_VT.uasset" 3344
"../../../Engine/Content/EngineMaterials/BaseFlattenGrayscaleMap_VT.uasset" 3345
"../../../Engine/Content/EngineMaterials/BaseFlattenLinearColor_VT.uasset" 3346
"../../../Engine/Content/EngineMaterials/BaseFlattenNormalMap_VT.uasset" 3347
"../../../Engine/Content/EngineMaterials/Black_1x1_EXR_Texture_VT.uasset" 3348
"/Engine/EngineMaterials/FlattenMaterial_WS_Normal_VT" 3349
"../../../Engine/Content/EngineMaterials/FlattenMaterial_WS_Normal_VT.uasset" 3350
"/Engine/EngineMaterials/DefaultBokeh" 3351
"../../../Engine/Content/EngineMaterials/DefaultBokeh.uasset" 3352
"/Engine/EngineMaterials/MiniFont" 3353
"../../../Engine/Content/EngineMaterials/MiniFont.uasset" 3354
"/Engine/EngineMaterials/WeightMapPlaceholderTexture" 3355
"../../../Engine/Content/EngineMaterials/WeightMapPlaceholderTexture.uasset" 3356
"/Engine/EngineMaterials/WeightMapArrayPlaceholderTexture" 3357
"../../../Engine/Content/EngineMaterials/WeightMapArrayPlaceholderTexture.uasset" 3358
"/Engine/EngineMaterials/DefaultWhiteGrid" 3359
"../../../Engine/Content/EngineMaterials/DefaultWhiteGrid.uasset" 3360
"/Engine/EngineMaterials/PreintegratedSkinBRDF" 3361
"../../../Engine/Content/EngineMaterials/PreintegratedSkinBRDF.uasset" 3362
"/Engine/EngineMaterials/LTC/GGX_LTCAmp" 3363
"../../../Engine/Content/EngineMaterials/LTC/GGX_LTCAmp.uasset" 3364
"/Engine/EngineMaterials/LTC/GGX_LTCMat" 3365
"../../../Engine/Content/EngineMaterials/LTC/GGX_LTCMat.uasset" 3366
"/Engine/EngineMaterials/EnergyConservation/GGX_ReflectionEnergy" 3367
"../../../Engine/Content/EngineMaterials/EnergyConservation/GGX_ReflectionEnergy.uasset" 3368
"/Engine/EngineMaterials/EnergyConservation/GGX_TransmissionEnergyArray" 3369
"../../../Engine/Content/EngineMaterials/EnergyConservation/GGX_TransmissionEnergyArray.uasset" 3370
"/Engine/EngineMaterials/EnergyConservation/SheenLegacy_Energy" 3371
"../../../Engine/Content/EngineMaterials/EnergyConservation/SheenLegacy_Energy.uasset" 3372
"/Engine/EngineMaterials/DefaultPhysicalMaterial" 3373
"../../../Engine/Content/EngineMaterials/DefaultPhysicalMaterial.uasset" 3374
"/Engine/EngineMaterials/DefaultDestructiblePhysicalMaterial" 3375
"../../../Engine/Content/EngineMaterials/DefaultDestructiblePhysicalMaterial.uasset" 3376
"/MeshModelingToolset/Materials/M_DynamicMeshComponentVtxColor" 3377
"../../Plugins/Runtime/MeshModelingToolset/Content/Materials/M_DynamicMeshComponentVtxColor.uasset" 3378
"/Niagara/ParameterDefinitions/SpriteRenderer" 3379
"../../Plugins/FX/Niagara/Content/ParameterDefinitions/SpriteRenderer.uasset" 3380
"/Niagara/ParameterDefinitions/RibbonRenderer" 3381
"../../Plugins/FX/Niagara/Content/ParameterDefinitions/RibbonRenderer.uasset" 3382
"/Niagara/ParameterDefinitions/MeshRenderer" 3383
"../../Plugins/FX/Niagara/Content/ParameterDefinitions/MeshRenderer.uasset" 3384
"/Niagara/ParameterDefinitions/LightRenderer" 3385
"../../Plugins/FX/Niagara/Content/ParameterDefinitions/LightRenderer.uasset" 3386
"/Niagara/ParameterDefinitions/DecalRenderer" 3387
"../../Plugins/FX/Niagara/Content/ParameterDefinitions/DecalRenderer.uasset" 3388
"/Niagara/ParameterDefinitions/CoreParameters" 3389
"../../Plugins/FX/Niagara/Content/ParameterDefinitions/CoreParameters.uasset" 3390
"/DeformerGraph/Deformers/DG_LinearBlendSkin_Morph_Cloth" 3391
"../../Plugins/Animation/DeformerGraph/Content/Deformers/DG_LinearBlendSkin_Morph_Cloth.uasset" 3392
"/DeformerGraph/DeformerFunctions/DG_Function_LinearBlendSkin_Morph_Cloth" 3393
"../../Plugins/Animation/DeformerGraph/Content/DeformerFunctions/DG_Function_LinearBlendSkin_Morph_Cloth.uasset" 3394
"/DeformerGraph/Deformers/DG_LinearBlendSkin_Morph_Cloth_RecomputeNormals" 3395
"../../Plugins/Animation/DeformerGraph/Content/Deformers/DG_LinearBlendSkin_Morph_Cloth_RecomputeNormals.uasset" 3396
"/DeformerGraph/DeformerFunctions/DG_Function_LinearBlendSkin_Morph_Cloth_PositionOnly" 3397
"../../Plugins/Animation/DeformerGraph/Content/DeformerFunctions/DG_Function_LinearBlendSkin_Morph_Cloth_PositionOnly.uasset" 3398
"/DeformerGraph/DeformerFunctions/DG_Function_ComputeNormalsTangents" 3399
"../../Plugins/Animation/DeformerGraph/Content/DeformerFunctions/DG_Function_ComputeNormalsTangents.uasset" 3400
"/Engine/BasicShapes/Cube" 3401
"../../../Engine/Content/BasicShapes/Cube.uasset" 3402
"/Engine/BasicShapes/Sphere" 3403
"../../../Engine/Content/BasicShapes/Sphere.uasset" 3404
"../../../Engine/Content/EngineMaterials/DefaultMaterial.uasset" 3405
"/Engine/BasicShapes/Cylinder" 3406
"../../../Engine/Content/BasicShapes/Cylinder.uasset" 3407
"/Engine/BasicShapes/Cone" 3408
"../../../Engine/Content/BasicShapes/Cone.uasset" 3409
"/Engine/BasicShapes/Plane" 3410
"../../../Engine/Content/BasicShapes/Plane.uasset" 3411
"../../../Engine/Documentation/Source/Shared/Types/ABrush/ABrush.INT.udn" 3412
"../../../Engine/Content/Internationalization/icudt64l/brkitr/root.res" 3413
"../../../Engine/Content/Internationalization/icudt64l/brkitr/char.brk" 3414
"../../../Engine/Content/Internationalization/icudt64l/brkitr/word.brk" 3415
"/Engine/EditorResources/SequenceRecorder/Countdown" 3416
"../../../Engine/Content/EditorResources/SequenceRecorder/Countdown.uasset" 3417
"/Engine/EditorResources/SequenceRecorder/RecordingIndicator" 3418
"../../../Engine/Content/EditorResources/SequenceRecorder/RecordingIndicator.uasset" 3419
"/Engine/EditorMaterials/PhAT_UnselectedMaterial" 3420
"../../../Engine/Content/EditorMaterials/PhAT_UnselectedMaterial.uasset" 3421
"/Engine/EditorMaterials/PhAT_NoCollisionMaterial" 3422
"../../../Engine/Content/EditorMaterials/PhAT_NoCollisionMaterial.uasset" 3423
"/Engine/EditorLandscapeResources/DefaultAlphaTexture" 3424
"../../../Engine/Content/EditorLandscapeResources/DefaultAlphaTexture.uasset" 3425
"/Engine/EditorResources/S_Terrain" 3426
"../../../Engine/Content/EditorResources/S_Terrain.uasset" 3427
"../../../Engine/Plugins/FX/Niagara/Shaders/Private/NiagaraDataInterfaceTexture2DArrayTemplate.ush" 3428
"../../../Engine/Plugins/FX/Niagara/Shaders/Private/NiagaraDataInterfaceActorComponentTemplate.ush" 3429
"../../../Engine/Plugins/FX/Niagara/Shaders/Private/NiagaraDataInterfaceArrayTemplate.ush" 3430
"../../../Engine/Plugins/FX/Niagara/Shaders/Private/NiagaraDataInterfaceArrayRWTemplate.ush" 3431
"../../../Engine/Plugins/FX/Niagara/Shaders/Private/NiagaraDataInterfaceAsyncGpuTrace.ush" 3432
"../../../Engine/Plugins/FX/Niagara/Shaders/Private/NiagaraDataInterfaceAsyncGpuTraceTemplate.ush" 3433
"../../../Engine/Plugins/FX/Niagara/Shaders/Private/NiagaraDataInterfaceCamera.ush" 3434
"../../../Engine/Plugins/Experimental/ChaosNiagara/Shaders/NiagaraDataInterfaceChaosDestruction.ush" 3435
"../../../Engine/Plugins/FX/Niagara/Shaders/Private/NiagaraDataInterfaceCollisionQuery.ush" 3436
"C:/Repos/Unreal_stealth/Unreal_stealth_proj/Stealth_game/Intermediate/ShaderAutogen/PCD3D_SM5/AutogenShaderHeaders.ush" 3437
"../../../Engine/Plugins/FX/Niagara/Shaders/Private/NiagaraDataInterfaceCollisionQueryTemplate.ush" 3438
"../../../Engine/Plugins/FX/Niagara/Shaders/Private/NiagaraDataInterfaceCurveTemplate.ush" 3439
"../../../Engine/Plugins/FX/Niagara/Shaders/Private/NiagaraDataInterfaceCubeTextureTemplate.ush" 3440
"../../../Engine/Plugins/FX/Niagara/Shaders/Private/DataChannel/NiagaraDataInterfaceDataChannelCommon.ush" 3441
"../../../Engine/Plugins/FX/Niagara/Shaders/Private/DataChannel/NiagaraDataInterfaceDataChannelTemplateCommon.ush" 3442
"../../../Engine/Plugins/FX/Niagara/Shaders/Private/DataChannel/NiagaraDataInterfaceDataChannelTemplateReadCommon.ush" 3443
"../../../Engine/Plugins/FX/Niagara/Shaders/Private/DataChannel/NiagaraDataInterfaceDataChannelTemplate_Read.ush" 3444
"../../../Engine/Plugins/FX/Niagara/Shaders/Private/DataChannel/NiagaraDataInterfaceDataChannelTemplate_Consume.ush" 3445
"../../../Engine/Plugins/FX/Niagara/Shaders/Private/DataChannel/NiagaraDataInterfaceDataChannelTemplateWriteCommon.ush" 3446
"../../../Engine/Plugins/FX/Niagara/Shaders/Private/DataChannel/NiagaraDataInterfaceDataChannelTemplate_Append.ush" 3447
"../../../Engine/Plugins/FX/Niagara/Shaders/Private/NiagaraDataInterfaceDebugDraw.ush" 3448
"../../../Engine/Plugins/FX/Niagara/Shaders/Private/NiagaraDataInterfaceDebugDrawTemplate.ush" 3449
"../../../Engine/Plugins/FX/Niagara/Shaders/Private/NiagaraDataInterfaceDynamicMeshTemplate.ush" 3450
"../../../Engine/Plugins/FX/Niagara/Shaders/Private/NiagaraDataInterfaceEmitterPropertiesTemplate.ush" 3451
"../../../Engine/Plugins/FX/Niagara/Shaders/Private/NiagaraDataInterfaceExportTemplate.ush" 3452
"../../../Engine/Plugins/FX/Niagara/Shaders/Private/NiagaraDataInterfaceGBufferTemplate.ush" 3453
"../../../Engine/Plugins/Experimental/ChaosNiagara/Shaders/NiagaraDataInterfaceGeometryCollection.ush" 3454
"../../../Engine/Plugins/FX/Niagara/Shaders/Private/NiagaraTransformUtils.ush" 3455
"../../../Engine/Plugins/Runtime/HairStrands/Shaders/Private/NiagaraStrandsExternalForce.ush" 3456
"../../../Engine/Plugins/Runtime/HairStrands/Shaders/Private/NiagaraHookeSpringMaterial.ush" 3457
"../../../Engine/Plugins/Runtime/HairStrands/Shaders/Private/NiagaraAngularSpringMaterial.ush" 3458
"../../../Engine/Plugins/Runtime/HairStrands/Shaders/Private/NiagaraConstantVolumeMaterial.ush" 3459
"../../../Engine/Plugins/Runtime/HairStrands/Shaders/Private/NiagaraCosseratRodMaterial.ush" 3460
"../../../Engine/Plugins/Runtime/HairStrands/Shaders/Private/NiagaraStaticCollisionConstraint.ush" 3461
"../../../Engine/Plugins/Runtime/HairStrands/Shaders/Private/NiagaraDataInterfaceHairStrands.ush" 3462
"../../../Engine/Plugins/Runtime/HairStrands/Shaders/Private/NiagaraDataInterfaceHairStrandsTemplate.ush" 3463
"../../../Engine/Plugins/FX/Niagara/Shaders/Private/NiagaraDataInterfaceIntRenderTarget2D.ush" 3464
"../../../Engine/Plugins/FX/Niagara/Shaders/Private/NiagaraDataInterfaceLandscape.ush" 3465
"../../../Engine/Plugins/FX/Niagara/Shaders/Private/NiagaraDataInterfaceMemoryBufferTemplate.ush" 3466
"../../../Engine/Plugins/FX/Niagara/Shaders/Private/NiagaraDataInterfaceMeshRendererInfoTemplate.ush" 3467
"../../../Engine/Plugins/FX/Niagara/Shaders/Private/NiagaraDataInterfaceOcclusion.ush" 3468
"../../../Engine/Plugins/FX/Niagara/Shaders/Private/NiagaraDataInterfacePhysicsAsset.ush" 3469
"../../../Engine/Plugins/Experimental/ChaosNiagara/Shaders/NiagaraDataInterfacePhysicsField.ush" 3470
"../../../Engine/Plugins/FX/Niagara/Shaders/Private/NiagaraDataInterfacePlatformSetTemplate.ush" 3471
"../../../Engine/Plugins/Runtime/HairStrands/Shaders/Private/NiagaraDataInterfaceVelocityGrid.ush" 3472
"../../../Engine/Plugins/Runtime/HairStrands/Shaders/Private/NiagaraDataInterfaceVelocityGridTemplate.ush" 3473
"../../../Engine/Plugins/Runtime/HairStrands/Shaders/Private/NiagaraDataInterfacePressureGrid.ush" 3474
"../../../Engine/Plugins/Runtime/HairStrands/Shaders/Private/NiagaraDataInterfacePressureGridTemplate.ush" 3475
"../../../Engine/Plugins/FX/Niagara/Shaders/Private/NiagaraDataInterfaceRenderTarget2DTemplate.ush" 3476
"../../../Engine/Plugins/FX/Niagara/Shaders/Private/NiagaraDataInterfaceRenderTarget2DArrayTemplate.ush" 3477
"../../../Engine/Plugins/FX/Niagara/Shaders/Private/NiagaraDataInterfaceRenderTargetCubeTemplate.ush" 3478
"../../../Engine/Plugins/FX/Niagara/Shaders/Private/NiagaraDataInterfaceRenderTargetVolumeTemplate.ush" 3479
"../../../Engine/Plugins/FX/Niagara/Shaders/Private/NiagaraDataInterfaceRigidMeshCollisionQuery.ush" 3480
"../../../Engine/Plugins/FX/Niagara/Shaders/Private/NiagaraDistanceFieldQueries.ush" 3481
"../../../Engine/Plugins/FX/Niagara/Shaders/Private/NiagaraDataInterfaceSceneCapture2DTemplate.ush" 3482
"../../../Engine/Plugins/FX/Niagara/Shaders/Private/NiagaraDataInterfaceSimCacheReaderTemplate.ush" 3483
"../../../Engine/Plugins/FX/Niagara/Shaders/Private/NiagaraDataInterfaceSimpleCounterTemplate.ush" 3484
"../../../Engine/Plugins/FX/Niagara/Shaders/Private/NiagaraDataInterfaceSkeletalMesh.ush" 3485
"../../../Engine/Plugins/FX/Niagara/Shaders/Private/NiagaraBaryCentricUtils.ush" 3486
"../../../Engine/Plugins/FX/Niagara/Shaders/Private/NiagaraDataInterfaceSkeletalMeshTemplate.ush" 3487
"../../../Engine/Plugins/FX/Niagara/Shaders/Private/NiagaraDataInterfaceSocketReaderTemplate.ush" 3488
"../../../Engine/Plugins/FX/Niagara/Shaders/Private/NiagaraDataInterfaceSparseVolumeTextureTemplate.ush" 3489
"../../../Engine/Plugins/FX/Niagara/Shaders/Private/NiagaraDataInterfaceSplineTemplate.ush" 3490
"../../../Engine/Plugins/FX/Niagara/Shaders/Private/NiagaraDataInterfaceSpriteRendererInfoTemplate.ush" 3491
"../../../Engine/Plugins/FX/Niagara/Shaders/Private/NiagaraDataInterfaceStaticMeshTemplate.ush" 3492
"../../../Engine/Plugins/FX/Niagara/Shaders/Private/NiagaraDataInterfaceTextureTemplate.ush" 3493
"../../../Engine/Plugins/FX/Niagara/Shaders/Private/NiagaraDataInterfaceVirtualTexture.ush" 3494
"../../../Engine/Plugins/FX/Niagara/Shaders/Private/NiagaraDataInterfaceVirtualTextureTemplate.ush" 3495
"../../../Engine/Plugins/FX/Niagara/Shaders/Private/NiagaraDataInterfaceVolumeCache.ush" 3496
"../../../Engine/Plugins/FX/Niagara/Shaders/Private/NiagaraDataInterfaceVolumeTextureTemplate.ush" 3497
"../../../../../../Repos/Unreal_stealth/Unreal_stealth_proj/Stealth_game/Intermediate/ShaderAutogen/PCD3D_SM5/AutogenShaderHeaders.ush" 3498
"../../../Engine/Plugins/Interchange/Assets/Content/Functions/MX_SheenBSDF.uasset" 3499
"../../../Engine/Plugins/Interchange/Assets/Content/Functions/MX_AnisotropicVDF.uasset" 3500
"../../../Engine/Plugins/Interchange/Assets/Content/Functions/MX_ThinFilmBSDF.uasset" 3501
"../../../Engine/Plugins/Interchange/Assets/Content/Functions/MX_MeasuredEDF.uasset" 3502
"../../../Engine/Plugins/Animation/ControlRig/Content/Controls/ControlRigGizmoMaterial.uasset" 3503
"../../../Engine/Plugins/Interchange/Assets/Content/Functions/MX_AbsorptionVDF.uasset" 3504
"../../../Engine/Plugins/Interchange/Assets/Content/Functions/MX_GeneralizedSchlickBSDF.uasset" 3505
"../../../Engine/Plugins/Interchange/Assets/Content/Functions/MX_ConicalEDF.uasset" 3506
"../../../Engine/Plugins/Interchange/Assets/Content/Functions/MX_UniformEDF.uasset" 3507
"../../../Engine/Plugins/Interchange/Assets/Content/Functions/MX_SubsurfaceBSDF.uasset" 3508
"../../../Engine/Plugins/Interchange/Assets/Content/Functions/MX_ConductorBSDF.uasset" 3509
"../../../Engine/Plugins/Interchange/Assets/Content/Functions/MX_DielectricBSDF.uasset" 3510
"../../../Engine/Plugins/Interchange/Assets/Content/Functions/MX_BurleyDiffuseBSDF.uasset" 3511
"../../../Engine/Plugins/Interchange/Assets/Content/Functions/MX_OrenNayarBSDF.uasset" 3512
"../../../Engine/Plugins/Interchange/Assets/Content/Functions/MX_TranslucentBSDF.uasset" 3513
"../../../Engine/Plugins/Interchange/Runtime/Content/Pipelines/DefaultGLTFSceneAssetsPipeline.uasset" 3514
"../../../Engine/Plugins/Interchange/Runtime/Content/Pipelines/DefaultSceneLevelPipeline.uasset" 3515
"../../../Engine/Plugins/Interchange/Assets/Content/Functions/MX_UsdPreviewSurface.uasset" 3516
"../../../Engine/Plugins/Interchange/Runtime/Content/Pipelines/DefaultSceneAssetsPipeline.uasset" 3517
"../../../Engine/Plugins/Interchange/Runtime/Content/Pipelines/DefaultGLTFPipeline.uasset" 3518
"../../../Engine/Plugins/Interchange/Runtime/Content/Pipelines/DefaultTexturePipeline.uasset" 3519
"../../../Engine/Plugins/Interchange/Runtime/Content/Pipelines/DefaultGLTFAssetsPipeline.uasset" 3520
"../../../Engine/Plugins/Interchange/Runtime/Content/Pipelines/DefaultMaterialPipeline.uasset" 3521
"../../../Engine/Plugins/Interchange/Runtime/Content/Pipelines/DefaultMaterialXPipeline.uasset" 3522
"../../../Engine/Content/EngineSounds/Master.uasset" 3523
"../../../Engine/Content/EngineMaterials/EnergyConservation/Diffuse_Energy.uasset" 3524
"../../../Engine/Content/EngineMaterials/LTC/Sheen_LTC.uasset" 3525
"../../../Engine/Content/EngineMaterials/EnergyConservation/Sheen_Energy.uasset" 3526
"../../../Engine/Content/EngineMaterials/FastBlueNoise_vec2_128x128x64.uasset" 3527
"../../../Engine/Content/EngineMaterials/FastBlueNoise_scalar_128x128x64.uasset" 3528
"../../../Engine/Plugins/Interchange/Assets/Content/Functions/MX_SurfaceUnlit.uasset" 3529
"../../../Engine/Plugins/Interchange/Runtime/Content/Pipelines/DefaultAssetsPipeline.uasset" 3530
"/ControlRig/Controls/ControlRigGizmoMaterial" 3531
"/InterchangeAssets/Functions/MX_AbsorptionVDF" 3532
"/InterchangeAssets/Functions/MX_ConicalEDF" 3533
"/InterchangeAssets/Functions/MX_UniformEDF" 3534
"/InterchangeAssets/Functions/MX_ThinFilmBSDF" 3535
"/InterchangeAssets/Functions/MX_SheenBSDF" 3536
"/InterchangeAssets/Functions/MX_SubsurfaceBSDF" 3537
"/InterchangeAssets/Functions/MX_GeneralizedSchlickBSDF" 3538
"/InterchangeAssets/Functions/MX_ConductorBSDF" 3539
"/InterchangeAssets/Functions/MX_DielectricBSDF" 3540
"/InterchangeAssets/Functions/MX_TranslucentBSDF" 3541
"/InterchangeAssets/Functions/MX_BurleyDiffuseBSDF" 3542
"/InterchangeAssets/Functions/MX_OrenNayarBSDF" 3543
"/InterchangeAssets/Functions/MX_UsdPreviewSurface" 3544
"/InterchangeAssets/Functions/MX_SurfaceUnlit" 3545
"/Interchange/Pipelines/DefaultGLTFSceneAssetsPipeline" 3546
"/Interchange/Pipelines/DefaultSceneLevelPipeline" 3547
"/Interchange/Pipelines/DefaultSceneAssetsPipeline" 3548
"/Interchange/Pipelines/DefaultTexturePipeline" 3549
"/Interchange/Pipelines/DefaultMaterialPipeline" 3550
"/Interchange/Pipelines/DefaultGLTFPipeline" 3551
"/Interchange/Pipelines/DefaultGLTFAssetsPipeline" 3552
"/Interchange/Pipelines/DefaultMaterialXPipeline" 3553
"/Interchange/Pipelines/DefaultAssetsPipeline" 3554
"/Engine/EngineSounds/Master" 3555
"/Engine/EngineMaterials/EnergyConservation/Diffuse_Energy" 3556
"/Engine/EngineMaterials/EnergyConservation/Sheen_Energy" 3557
"/Engine/EngineMaterials/LTC/Sheen_LTC" 3558
"/Engine/EngineMaterials/FastBlueNoise_vec2_128x128x64" 3559
"/Engine/EngineMaterials/FastBlueNoise_scalar_128x128x64" 3560
"../../../Engine/Plugins/Animation/DeformerGraph/Shaders/Private/DataInterfaceSkinnedMeshExec.ush" 3561
"../../../Engine/Plugins/Animation/DeformerGraph/Shaders/Private/DataInterfaceCloth.ush" 3562
"../../../Engine/Plugins/Animation/DeformerGraph/Shaders/Private/DataInterfaceSkinnedMesh.ush" 3563
"../../../Engine/Plugins/Animation/DeformerGraph/Shaders/Private/DataInterfaceSkeleton.ush" 3564
"../../../Engine/Plugins/Animation/DeformerGraph/Shaders/Private/DataInterfaceSkeletonCommon.ush" 3565
"../../../Engine/Plugins/Animation/DeformerGraph/Shaders/Private/DataInterfaceMorphTarget.ush" 3566
"../../../Engine/Plugins/Animation/DeformerGraph/Shaders/Private/DataInterfaceSkinnedMeshWrite.ush" 3567
"/InterchangeAssets/Functions/MX_AnisotropicVDF" 3568
"/InterchangeAssets/Functions/MX_MeasuredEDF" 3569
"../../../Engine/Content/EngineDebugMaterials/DebugEditorMaterial.uasset" 3570
"../../../Engine/Content/EngineResources/FilmGrains/Marcie_Grain_v3_128_M2_000.uasset" 3571
"../../../Engine/Content/EngineMaterials/DefaultBloomKernel.uasset" 3572
"../../../Engine/Content/EditorResources/BSPVertex.uasset" 3573
"../../../Engine/Plugins/Animation/DeformerGraph/Shaders/Private/DataInterfaceRawBuffer.ush" 3574
"../../../Engine/Plugins/Runtime/ComputeFramework/Shaders/Private/BufferAlias.ush" 3575
"../../../Engine/Plugins/Animation/DeformerGraph/Shaders/Private/DataInterfaceHalfEdge.ush" 3576
"/Engine/EditorResources/BSPVertex" 3577
"/Engine/EngineMaterials/DefaultBloomKernel" 3578
"/Engine/EngineResources/FilmGrains/Marcie_Grain_v3_128_M2_000" 3579
"/Engine/EngineDebugMaterials/DebugEditorMaterial" 3580
"../../../Engine/Plugins/NNE/NNEDenoiser/Content/NNE_oidn2-3-0_rt_hdr_calb_cnrm_large__dyn__fp16_opset11_ForwardAlpha.uasset" 3581
"../../../Engine/Plugins/NNE/NNEDenoiser/Content/NNE_oidn2-3-0_rt_hdr_calb_cnrm_large__dyn__fp16_opset11_DenoiseAlpha.uasset" 3582
"../../../Engine/Plugins/NNE/NNEDenoiser/Content/NNE_oidn2-3-0_rt_hdr_alb_nrm__dyn__fp16_opset11_ForwardAlpha.uasset" 3583
"../../../Engine/Plugins/NNE/NNEDenoiser/Content/NNE_oidn2-3-0_rt_hdr_alb_nrm__dyn__fp16_opset11_DenoiseAlpha.uasset" 3584
"../../../Engine/Plugins/NNE/NNEDenoiser/Content/NNE_oidn2-3-0_rt_hdr_alb_nrm_small__dyn__fp16_opset11_ForwardAlpha.uasset" 3585
"../../../Engine/Plugins/NNE/NNEDenoiser/Content/NNE_oidn2-3-0_rt_hdr_alb_nrm_small__dyn__fp16_opset11_DenoiseAlpha.uasset" 3586
"../../../Engine/Plugins/NNE/NNEDenoiser/Content/NNED_Oidn2-3_HighQuality_Alpha.uasset" 3587
"/NNEDenoiser/NNE_oidn2-3-0_rt_hdr_alb_nrm__dyn__fp16_opset11_ForwardAlpha" 3588
"../../../Engine/Plugins/NNE/NNEDenoiser/Content/NNED_Oidn2-3_HighQuality.uasset" 3589
"../../../Engine/Plugins/NNE/NNEDenoiser/Content/NNED_Oidn2-3_Fast_Alpha.uasset" 3590
"../../../Engine/Plugins/NNE/NNEDenoiser/Content/NNED_Oidn2-3_Fast.uasset" 3591
"../../../Engine/Plugins/NNE/NNEDenoiser/Content/NNED_Oidn2-3_Balanced_Alpha.uasset" 3592
"../../../Engine/Plugins/NNE/NNEDenoiser/Content/NNED_Oidn2-3_Balanced.uasset" 3593
"../../../Engine/Plugins/NNE/NNEDenoiser/Content/NNEDT_Oidn2-3_Balanced_Alpha.uasset" 3594
"../../../Engine/Plugins/NNE/NNEDenoiser/Content/NNEDT_Oidn2-3_Balanced.uasset" 3595
"../../../Engine/Plugins/NNE/NNEDenoiser/Content/NNEDTOM_Output_Default.uasset" 3596
"../../../Engine/Plugins/NNE/NNEDenoiser/Content/NNEDTOM_Output_Alpha.uasset" 3597
"../../../Engine/Plugins/NNE/NNEDenoiser/Content/NNEDTIM_ColorAlbedoNormal_Default.uasset" 3598
"../../../Engine/Plugins/NNE/NNEDenoiser/Content/NNEDTIM_ColorAlbedoNormal_Alpha.uasset" 3599
"../../../Engine/Plugins/NNE/NNEDenoiser/Content/NNEDOM_Output_Default.uasset" 3600
"../../../Engine/Plugins/NNE/NNEDenoiser/Content/NNEDOM_Output_Alpha.uasset" 3601
"../../../Engine/Plugins/NNE/NNEDenoiser/Content/NNEDIM_HighQuality_Default.uasset" 3602
"../../../Engine/Plugins/NNE/NNEDenoiser/Content/NNEDIM_HighQuality_Alpha.uasset" 3603
"../../../Engine/Plugins/NNE/NNEDenoiser/Content/NNEDIM_ColorAlbedoNormal_Default.uasset" 3604
"../../../Engine/Plugins/NNE/NNEDenoiser/Content/NNEDIM_ColorAlbedoNormal_Alpha.uasset" 3605
"../../../Engine/Content/EngineMaterials/DefaultCalibrationGrayscale.uasset" 3606
"../../../Engine/Content/EngineMaterials/DefaultCalibrationColor.uasset" 3607
"../../../Engine/Content/EngineSounds/Submixes/MasterEQEffectPreset.uasset" 3608
"../../../Engine/Content/EngineSounds/Submixes/MasterReverbEffectPreset.uasset" 3609
"/NNEDenoiser/NNE_oidn2-3-0_rt_hdr_calb_cnrm_large__dyn__fp16_opset11_DenoiseAlpha" 3610
"../../../Engine/Content/EditorMaterials/PreviewShadowIndicator.uasset" 3611
"../../../Engine/Content/Maps/Entry_BuiltData.uasset" 3612
"C:/Repos/Unreal_stealth/Unreal_stealth_proj/Stealth_game/Content/Assets/UI/Main_Menu/menu.uasset" 3613
"C:/Repos/Unreal_stealth/Unreal_stealth_proj/Stealth_game/Content/Assets/UI/Options_Menu/Options_Menu_WB.uasset" 3614
"/NNEDenoiser/NNE_oidn2-3-0_rt_hdr_calb_cnrm_large__dyn__fp16_opset11_ForwardAlpha" 3615
"C:/Repos/Unreal_stealth/Unreal_stealth_proj/Stealth_game/Content/Player/CameraShakes/Run.uasset" 3616
"C:/Repos/Unreal_stealth/Unreal_stealth_proj/Stealth_game/Content/Orgin_stuff/FirstPerson/Input/Actions/IA_Move.uasset" 3617
"C:/Repos/Unreal_stealth/Unreal_stealth_proj/Stealth_game/Content/Assets/SFX/running.uasset" 3618
"/Game/Assets/UI/Options_Menu/Options_Menu_WB" 3619
"/Game/Assets/UI/Main_Menu/menu" 3620
"/Engine/Maps/Entry_BuiltData" 3621
"/Engine/EditorMaterials/PreviewShadowIndicator" 3622
"/Engine/EngineSounds/Submixes/MasterReverbEffectPreset" 3623
"/Engine/EngineSounds/Submixes/MasterEQEffectPreset" 3624
"/Engine/EngineMaterials/DefaultCalibrationColor" 3625
"/Engine/EngineMaterials/DefaultCalibrationGrayscale" 3626
"C:/Repos/Unreal_stealth/Unreal_stealth_proj/Stealth_game/Intermediate/ORTOptimizerPass_Optimized28F2CBD44A1E6E1C5514C6AD11620129.onnx" 3627
"C:/Repos/Unreal_stealth/Unreal_stealth_proj/Stealth_game/Intermediate/ORTOptimizerPass_Optimized6798BD4D4D864505C5604CB77088CE81.onnx" 3628
"C:/Repos/Unreal_stealth/Unreal_stealth_proj/Stealth_game/Intermediate/ORTOptimizerPass_Optimized0D30CEED4A25DA53D7D502B5E1CF3DA6.onnx" 3629
"C:/Repos/Unreal_stealth/Unreal_stealth_proj/Stealth_game/Intermediate/ORTOptimizerPass_Optimized3F66CA6049F983CE25DA6BAF198B0AE9.onnx" 3630
"C:/Repos/Unreal_stealth/Unreal_stealth_proj/Stealth_game/Intermediate/ORTOptimizerPass_OptimizedE309CFF14776AC2EE754BC89813C73E2.onnx" 3631
"C:/Repos/Unreal_stealth/Unreal_stealth_proj/Stealth_game/Intermediate/ORTOptimizerPass_OptimizedED1645D14502D3E4174B2E83A86553E4.onnx" 3632
"/NNEDenoiser/NNEDIM_ColorAlbedoNormal_Alpha" 3633
"/NNEDenoiser/NNEDIM_ColorAlbedoNormal_Default" 3634
"/NNEDenoiser/NNEDIM_HighQuality_Alpha" 3635
"/NNEDenoiser/NNEDIM_HighQuality_Default" 3636
"/NNEDenoiser/NNEDOM_Output_Alpha" 3637
"/NNEDenoiser/NNEDOM_Output_Default" 3638
"/NNEDenoiser/NNEDTIM_ColorAlbedoNormal_Alpha" 3639
"/NNEDenoiser/NNEDTIM_ColorAlbedoNormal_Default" 3640
"/NNEDenoiser/NNEDTOM_Output_Alpha" 3641
"/NNEDenoiser/NNEDTOM_Output_Default" 3642
"/NNEDenoiser/NNEDT_Oidn2-3_Balanced" 3643
"/NNEDenoiser/NNEDT_Oidn2-3_Balanced_Alpha" 3644
"/NNEDenoiser/NNED_Oidn2-3_Balanced" 3645
"/NNEDenoiser/NNED_Oidn2-3_Balanced_Alpha" 3646
"/NNEDenoiser/NNED_Oidn2-3_Fast" 3647
"/NNEDenoiser/NNED_Oidn2-3_Fast_Alpha" 3648
"/NNEDenoiser/NNED_Oidn2-3_HighQuality" 3649
"/NNEDenoiser/NNED_Oidn2-3_HighQuality_Alpha" 3650
"/NNEDenoiser/NNE_oidn2-3-0_rt_hdr_alb_nrm_small__dyn__fp16_opset11_DenoiseAlpha" 3651
"/NNEDenoiser/NNE_oidn2-3-0_rt_hdr_alb_nrm_small__dyn__fp16_opset11_ForwardAlpha" 3652
"/NNEDenoiser/NNE_oidn2-3-0_rt_hdr_alb_nrm__dyn__fp16_opset11_DenoiseAlpha" 3653
"C:/Repos/Unreal_stealth/Unreal_stealth_proj/Stealth_game/Content/Player/CameraShakes/Jump.uasset" 3654
"C:/Repos/Unreal_stealth/Unreal_stealth_proj/Stealth_game/Content/Player/CameraShakes/Walk.uasset" 3655
"/Game/Player/CameraShakes/Run" 3656
"C:/Repos/Unreal_stealth/Unreal_stealth_proj/Stealth_game/Content/Assets/UI/Pause_Menu/Pause_Menu_WB.uasset" 3657
"C:/Repos/Unreal_stealth/Unreal_stealth_proj/Stealth_game/Content/Assets/SFX/HumanVocalizations/HumanMaleA/Wavs/voice_male_soldier_I_ve_been_hit_02.uasset" 3658
"C:/Repos/Unreal_stealth/Unreal_stealth_proj/Stealth_game/Content/Orgin_stuff/FirstPerson/Input/Actions/IA_Esc.uasset" 3659
"C:/Repos/Unreal_stealth/Unreal_stealth_proj/Stealth_game/Content/Player/CameraShakes/Idle.uasset" 3660
"C:/Repos/Unreal_stealth/Unreal_stealth_proj/Stealth_game/Content/Orgin_stuff/FirstPerson/Input/Actions/IA_Jump.uasset" 3661
"C:/Repos/Unreal_stealth/Unreal_stealth_proj/Stealth_game/Content/Assets/UI/Death_Screen/Death_Screen_WB.uasset" 3662
"C:/Repos/Unreal_stealth/Unreal_stealth_proj/Stealth_game/Content/Orgin_stuff/FirstPerson/Input/Actions/IA_Look.uasset" 3663
"C:/Repos/Unreal_stealth/Unreal_stealth_proj/Stealth_game/Content/Assets/Materials/Blood_screen_effect.uasset" 3664
"C:/Repos/Unreal_stealth/Unreal_stealth_proj/Stealth_game/Content/Orgin_stuff/FirstPersonArms/Character/Mesh/SK_Mannequin_Arms_Skeleton.uasset" 3665
"C:/Repos/Unreal_stealth/Unreal_stealth_proj/Stealth_game/Content/Orgin_stuff/FirstPersonArms/Character/Mesh/SK_Mannequin_Arms_PhysicsAsset.uasset" 3666
"C:/Repos/Unreal_stealth/Unreal_stealth_proj/Stealth_game/Content/Orgin_stuff/FirstPersonArms/Character/Textures/Manny/T_Manny_01_D.uasset" 3667
"C:/Repos/Unreal_stealth/Unreal_stealth_proj/Stealth_game/Content/Orgin_stuff/FirstPersonArms/Character/Textures/Manny/T_Manny_01_BN.uasset" 3668
"C:/Repos/Unreal_stealth/Unreal_stealth_proj/Stealth_game/Content/Orgin_stuff/FirstPersonArms/Character/Textures/Manny/T_Manny_01_MSR_MSK.uasset" 3669
"C:/Repos/Unreal_stealth/Unreal_stealth_proj/Stealth_game/Content/Orgin_stuff/FirstPersonArms/Character/Textures/Manny/T_Manny_01_ASAOPMASK_MSK.uasset" 3670
"C:/Repos/Unreal_stealth/Unreal_stealth_proj/Stealth_game/Content/Orgin_stuff/FirstPersonArms/Character/Textures/Manny/T_Manny_01_CCRCCPlastic_MSK.uasset" 3671
"/Game/Assets/SFX/running" 3672
"C:/Repos/Unreal_stealth/Unreal_stealth_proj/Stealth_game/Content/Orgin_stuff/FirstPersonArms/Character/Textures/Manny/T_Manny_01_Tan.uasset" 3673
"C:/Repos/Unreal_stealth/Unreal_stealth_proj/Stealth_game/Content/Orgin_stuff/FirstPersonArms/Character/Textures/Manny/T_Manny_02_D.uasset" 3674
"C:/Repos/Unreal_stealth/Unreal_stealth_proj/Stealth_game/Content/Orgin_stuff/FirstPersonArms/Character/Textures/Manny/T_Manny_02_Tan.uasset" 3675
"C:/Repos/Unreal_stealth/Unreal_stealth_proj/Stealth_game/Content/Orgin_stuff/FirstPersonArms/Character/Textures/Manny/T_Manny_02_BN.uasset" 3676
"C:/Repos/Unreal_stealth/Unreal_stealth_proj/Stealth_game/Content/Orgin_stuff/FirstPersonArms/Character/Textures/Manny/T_Manny_01_N.uasset" 3677
"C:/Repos/Unreal_stealth/Unreal_stealth_proj/Stealth_game/Content/Orgin_stuff/FirstPersonArms/Character/Textures/Manny/T_Manny_02_ASAOPMASK_MSK.uasset" 3678
"C:/Repos/Unreal_stealth/Unreal_stealth_proj/Stealth_game/Content/Orgin_stuff/FirstPersonArms/Character/Textures/Manny/T_Manny_02_N.uasset" 3679
"/Game/Orgin_stuff/FirstPerson/Input/Actions/IA_Move" 3680
"C:/Repos/Unreal_stealth/Unreal_stealth_proj/Stealth_game/Content/Orgin_stuff/FirstPersonArms/Character/Textures/Manny/T_Manny_02_MSR_MSK.uasset" 3681
"C:/Repos/Unreal_stealth/Unreal_stealth_proj/Stealth_game/Content/Orgin_stuff/FirstPersonArms/Character/Textures/Manny/T_Manny_02_CCRCCPlastic_MSK.uasset" 3682
"../../../Engine/Content/Animation/DefaultAnimCurveCompressionSettings.uasset" 3683
"../../../Engine/Content/Animation/DefaultAnimBoneCompressionSettings.uasset" 3684
"C:/Repos/Unreal_stealth/Unreal_stealth_proj/Stealth_game/Content/Orgin_stuff/FirstPersonArms/Character/Textures/Shared/T_UE_Logo_M.uasset" 3685
"C:/Repos/Unreal_stealth/Unreal_stealth_proj/Stealth_game/Content/Orgin_stuff/FirstPersonArms/Character/Materials/Functions/ML_BaseColorFallOff.uasset" 3686
"C:/Repos/Unreal_stealth/Unreal_stealth_proj/Stealth_game/Content/Orgin_stuff/FirstPersonArms/Character/Materials/Functions/ChromaticCurve.uasset" 3687
"/Game/Orgin_stuff/FirstPersonArms/Character/Textures/Manny/T_Manny_02_MSR_MSK" 3688
"/Game/Orgin_stuff/FirstPersonArms/Character/Textures/Manny/T_Manny_02_N" 3689
"/Game/Orgin_stuff/FirstPersonArms/Character/Textures/Manny/T_Manny_02_ASAOPMASK_MSK" 3690
"/Game/Orgin_stuff/FirstPersonArms/Character/Textures/Manny/T_Manny_02_BN" 3691
"/Game/Orgin_stuff/FirstPersonArms/Character/Textures/Manny/T_Manny_02_Tan" 3692
"/Game/Orgin_stuff/FirstPersonArms/Character/Textures/Manny/T_Manny_02_D" 3693
"/Game/Orgin_stuff/FirstPersonArms/Character/Textures/Manny/T_Manny_01_Tan" 3694
"C:/Repos/Unreal_stealth/Unreal_stealth_proj/Stealth_game/Intermediate/ORTOptimizerPass_OptimizedF5D0935E46BD8EB11087AC8AEE45B499.onnx" 3695
"C:/Repos/Unreal_stealth/Unreal_stealth_proj/Stealth_game/Intermediate/ORTOptimizerPass_Optimized06CF3A43425AE379BE3B3FACBE41FBDD.onnx" 3696
"C:/Repos/Unreal_stealth/Unreal_stealth_proj/Stealth_game/Intermediate/ORTOptimizerPass_OptimizedC0B541F146AD06898732D8BD7A32BCA3.onnx" 3697
"C:/Repos/Unreal_stealth/Unreal_stealth_proj/Stealth_game/Intermediate/ORTOptimizerPass_Optimized9DA4FD2C4BDD3A0356D84880CF33EDB5.onnx" 3698
"C:/Repos/Unreal_stealth/Unreal_stealth_proj/Stealth_game/Intermediate/ORTOptimizerPass_Optimized70B5B5944F7E00E9E47430A65DFF3965.onnx" 3699
"C:/Repos/Unreal_stealth/Unreal_stealth_proj/Stealth_game/Intermediate/ORTOptimizerPass_Optimized5259408C428FFA55D42FFABCD5898901.onnx" 3700
"/Game/Orgin_stuff/FirstPersonArms/Character/Textures/Manny/T_Manny_01_CCRCCPlastic_MSK" 3701
"/Game/Orgin_stuff/FirstPersonArms/Character/Textures/Manny/T_Manny_01_N" 3702
"/Game/Orgin_stuff/FirstPersonArms/Character/Textures/Manny/T_Manny_01_ASAOPMASK_MSK" 3703
"/Game/Orgin_stuff/FirstPersonArms/Character/Textures/Manny/T_Manny_01_MSR_MSK" 3704
"/Game/Orgin_stuff/FirstPersonArms/Character/Textures/Manny/T_Manny_01_BN" 3705
"/Game/Orgin_stuff/FirstPersonArms/Character/Textures/Manny/T_Manny_01_D" 3706
"/Game/Orgin_stuff/FirstPersonArms/Character/Mesh/SK_Mannequin_Arms_PhysicsAsset" 3707
"/Game/Orgin_stuff/FirstPersonArms/Character/Mesh/SK_Mannequin_Arms_Skeleton" 3708
"/Game/Assets/Materials/Blood_screen_effect" 3709
"/Game/Orgin_stuff/FirstPerson/Input/Actions/IA_Look" 3710
"/Game/Assets/UI/Death_Screen/Death_Screen_WB" 3711
"/Game/Orgin_stuff/FirstPerson/Input/Actions/IA_Jump" 3712
"/Game/Player/CameraShakes/Idle" 3713
"/Game/Orgin_stuff/FirstPerson/Input/Actions/IA_Esc" 3714
"/Game/Assets/SFX/HumanVocalizations/HumanMaleA/Wavs/voice_male_soldier_I_ve_been_hit_02" 3715
"/Game/Assets/UI/Pause_Menu/Pause_Menu_WB" 3716
"/Game/Player/CameraShakes/Walk" 3717
"/Game/Player/CameraShakes/Jump" 3718
"/Game/Orgin_stuff/FirstPersonArms/Character/Textures/Shared/T_UE_Logo_M" 3719
"/Engine/Animation/DefaultAnimBoneCompressionSettings" 3720
"/Engine/Animation/DefaultAnimCurveCompressionSettings" 3721
"/Game/Orgin_stuff/FirstPersonArms/Character/Textures/Manny/T_Manny_02_CCRCCPlastic_MSK" 3722
"/Game/Orgin_stuff/FirstPersonArms/Character/Materials/Functions/ChromaticCurve" 3723
"/Game/Orgin_stuff/FirstPersonArms/Character/Materials/Functions/ML_BaseColorFallOff" 3724
"../../../Engine/Plugins/Interchange/Assets/Content/Functions/MX_Surface.uasset" 3725
"../../../Engine/Content/EngineMaterials/PPM_DefaultCalibrationGrayscale.uasset" 3726
"../../../Engine/Content/EngineMaterials/PPM_DefaultCalibrationColor.uasset" 3727
"../../../Engine/Content/EngineMaterials/Substrate/GLints/AGlintTex2dArray.uasset" 3728
"../../../Engine/Content/EngineMaterials/Substrate/Volume/SubstrateSimpleVolumeLUT3D.uasset" 3729
"C:/Repos/Unreal_stealth/Unreal_stealth_proj/Stealth_game/Content/Assets/UI/Main_Menu/Main_Menu_WB.uasset" 3730
"../../../Engine/Content/EngineMaterials/Substrate/GLints2/AGlintTex2dArray2.uasset" 3731
"../../../Engine/Content/EditorMaterials/PreviewShadowIndicatorMaterial.uasset" 3732
"C:/Repos/Unreal_stealth/Unreal_stealth_proj/Stealth_game/Content/Orgin_stuff/FirstPerson/Input/IMC_Default.uasset" 3733
"../../../Engine/Content/EngineMaterials/Substrate/Volume/SubstrateSimpleVolumeEnvLUT3D.uasset" 3734
"C:/Repos/Unreal_stealth/Unreal_stealth_proj/Stealth_game/Content/Assets/UI/Game_Effects/Screen_Blood_Effect_WB.uasset" 3735
"C:/Repos/Unreal_stealth/Unreal_stealth_proj/Stealth_game/Content/Orgin_stuff/FirstPersonArms/Animations/FP_Jump.uasset" 3736
"/Engine/EngineMaterials/Substrate/Glints2/AGlintTex2dArray2" 3737
"../../../Engine/Content/EngineMaterials/Substrate/Glints2/dict_0000_0000.uasset" 3738
"../../../Engine/Content/EngineMaterials/Substrate/Glints2/dict_0000_0001.uasset" 3739
"../../../Engine/Content/EngineMaterials/Substrate/Glints2/dict_0000_0002.uasset" 3740
"../../../Engine/Content/EngineMaterials/Substrate/Glints2/dict_0000_0003.uasset" 3741
"../../../Engine/Content/EngineMaterials/Substrate/Glints2/dict_0000_0004.uasset" 3742
"../../../Engine/Content/EngineMaterials/Substrate/Glints2/dict_0000_0005.uasset" 3743
"../../../Engine/Content/EngineMaterials/Substrate/Glints2/dict_0000_0006.uasset" 3744
"../../../Engine/Content/EngineMaterials/Substrate/Glints2/dict_0000_0007.uasset" 3745
"../../../Engine/Content/EngineMaterials/Substrate/Glints2/dict_0000_0008.uasset" 3746
"../../../Engine/Content/EngineMaterials/Substrate/Glints2/dict_0000_0009.uasset" 3747
"../../../Engine/Content/EngineMaterials/Substrate/Glints2/dict_0000_0010.uasset" 3748
"../../../Engine/Content/EngineMaterials/Substrate/Glints2/dict_0000_0011.uasset" 3749
"../../../Engine/Content/EngineMaterials/Substrate/Glints2/dict_0000_0012.uasset" 3750
"../../../Engine/Content/EngineMaterials/Substrate/Glints2/dict_0000_0013.uasset" 3751
"../../../Engine/Content/EngineMaterials/Substrate/Glints2/dict_0000_0014.uasset" 3752
"../../../Engine/Content/EngineMaterials/Substrate/Glints2/dict_0000_0015.uasset" 3753
"../../../Engine/Content/EngineMaterials/Substrate/Glints2/dict_0000_0016.uasset" 3754
"../../../Engine/Content/EngineMaterials/Substrate/Glints2/dict_0000_0017.uasset" 3755
"../../../Engine/Content/EngineMaterials/Substrate/Glints2/dict_0000_0018.uasset" 3756
"../../../Engine/Content/EngineMaterials/Substrate/Glints2/dict_0000_0019.uasset" 3757
"../../../Engine/Content/EngineMaterials/Substrate/Glints2/dict_0000_0020.uasset" 3758
"../../../Engine/Content/EngineMaterials/Substrate/Glints2/dict_0000_0021.uasset" 3759
"../../../Engine/Content/EngineMaterials/Substrate/Glints2/dict_0000_0022.uasset" 3760
"../../../Engine/Content/EngineMaterials/Substrate/Glints2/dict_0000_0023.uasset" 3761
"../../../Engine/Content/EngineMaterials/Substrate/Glints2/dict_0000_0024.uasset" 3762
"../../../Engine/Content/EngineMaterials/Substrate/Glints2/dict_0000_0025.uasset" 3763
"../../../Engine/Content/EngineMaterials/Substrate/Glints2/dict_0000_0026.uasset" 3764
"../../../Engine/Content/EngineMaterials/Substrate/Glints2/dict_0000_0027.uasset" 3765
"../../../Engine/Content/EngineMaterials/Substrate/Glints2/dict_0000_0028.uasset" 3766
"../../../Engine/Content/EngineMaterials/Substrate/Glints2/dict_0000_0029.uasset" 3767
"../../../Engine/Content/EngineMaterials/Substrate/Glints2/dict_0000_0030.uasset" 3768
"../../../Engine/Content/EngineMaterials/Substrate/Glints2/dict_0000_0031.uasset" 3769
"../../../Engine/Content/EngineMaterials/Substrate/Glints2/dict_0000_0032.uasset" 3770
"../../../Engine/Content/EngineMaterials/Substrate/Glints2/dict_0000_0033.uasset" 3771
"../../../Engine/Content/EngineMaterials/Substrate/Glints2/dict_0000_0034.uasset" 3772
"../../../Engine/Content/EngineMaterials/Substrate/Glints2/dict_0000_0035.uasset" 3773
"../../../Engine/Content/EngineMaterials/Substrate/Glints2/dict_0000_0036.uasset" 3774
"../../../Engine/Content/EngineMaterials/Substrate/Glints2/dict_0000_0037.uasset" 3775
"../../../Engine/Content/EngineMaterials/Substrate/Glints2/dict_0000_0038.uasset" 3776
"../../../Engine/Content/EngineMaterials/Substrate/Glints2/dict_0000_0039.uasset" 3777
"../../../Engine/Content/EngineMaterials/Substrate/Glints2/dict_0000_0040.uasset" 3778
"../../../Engine/Content/EngineMaterials/Substrate/Glints2/dict_0000_0041.uasset" 3779
"../../../Engine/Content/EngineMaterials/Substrate/Glints2/dict_0000_0042.uasset" 3780
"../../../Engine/Content/EngineMaterials/Substrate/Glints2/dict_0000_0043.uasset" 3781
"../../../Engine/Content/EngineMaterials/Substrate/Glints2/dict_0000_0044.uasset" 3782
"../../../Engine/Content/EngineMaterials/Substrate/Glints2/dict_0000_0045.uasset" 3783
"../../../Engine/Content/EngineMaterials/Substrate/Glints2/dict_0000_0046.uasset" 3784
"../../../Engine/Content/EngineMaterials/Substrate/Glints2/dict_0000_0047.uasset" 3785
"../../../Engine/Content/EngineMaterials/Substrate/Glints2/dict_0000_0048.uasset" 3786
"../../../Engine/Content/EngineMaterials/Substrate/Glints2/dict_0000_0049.uasset" 3787
"../../../Engine/Content/EngineMaterials/Substrate/Glints2/dict_0000_0050.uasset" 3788
"../../../Engine/Content/EngineMaterials/Substrate/Glints2/dict_0000_0051.uasset" 3789
"../../../Engine/Content/EngineMaterials/Substrate/Glints2/dict_0000_0052.uasset" 3790
"../../../Engine/Content/EngineMaterials/Substrate/Glints2/dict_0000_0053.uasset" 3791
"../../../Engine/Content/EngineMaterials/Substrate/Glints2/dict_0000_0054.uasset" 3792
"../../../Engine/Content/EngineMaterials/Substrate/Glints2/dict_0000_0055.uasset" 3793
"../../../Engine/Content/EngineMaterials/Substrate/Glints2/dict_0000_0056.uasset" 3794
"../../../Engine/Content/EngineMaterials/Substrate/Glints2/dict_0000_0057.uasset" 3795
"../../../Engine/Content/EngineMaterials/Substrate/Glints2/dict_0000_0058.uasset" 3796
"../../../Engine/Content/EngineMaterials/Substrate/Glints2/dict_0000_0059.uasset" 3797
"../../../Engine/Content/EngineMaterials/Substrate/Glints2/dict_0000_0060.uasset" 3798
"../../../Engine/Content/EngineMaterials/Substrate/Glints2/dict_0000_0061.uasset" 3799
"../../../Engine/Content/EngineMaterials/Substrate/Glints2/dict_0000_0062.uasset" 3800
"../../../Engine/Content/EngineMaterials/Substrate/Glints2/dict_0000_0063.uasset" 3801
"../../../Engine/Content/EngineMaterials/Substrate/Glints2/dict_0000_0064.uasset" 3802
"../../../Engine/Content/EngineMaterials/Substrate/Glints2/dict_0000_0065.uasset" 3803
"../../../Engine/Content/EngineMaterials/Substrate/Glints2/dict_0000_0066.uasset" 3804
"../../../Engine/Content/EngineMaterials/Substrate/Glints2/dict_0000_0067.uasset" 3805
"../../../Engine/Content/EngineMaterials/Substrate/Glints2/dict_0000_0068.uasset" 3806
"../../../Engine/Content/EngineMaterials/Substrate/Glints2/dict_0000_0069.uasset" 3807
"../../../Engine/Content/EngineMaterials/Substrate/Glints2/dict_0000_0070.uasset" 3808
"../../../Engine/Content/EngineMaterials/Substrate/Glints2/dict_0000_0071.uasset" 3809
"../../../Engine/Content/EngineMaterials/Substrate/Glints2/dict_0000_0072.uasset" 3810
"../../../Engine/Content/EngineMaterials/Substrate/Glints2/dict_0000_0073.uasset" 3811
"../../../Engine/Content/EngineMaterials/Substrate/Glints2/dict_0000_0074.uasset" 3812
"../../../Engine/Content/EngineMaterials/Substrate/Glints2/dict_0000_0075.uasset" 3813
"../../../Engine/Content/EngineMaterials/Substrate/Glints2/dict_0000_0076.uasset" 3814
"../../../Engine/Content/EngineMaterials/Substrate/Glints2/dict_0000_0077.uasset" 3815
"../../../Engine/Content/EngineMaterials/Substrate/Glints2/dict_0000_0078.uasset" 3816
"../../../Engine/Content/EngineMaterials/Substrate/Glints2/dict_0000_0079.uasset" 3817
"../../../Engine/Content/EngineMaterials/Substrate/Glints2/dict_0000_0080.uasset" 3818
"../../../Engine/Content/EngineMaterials/Substrate/Glints2/dict_0000_0081.uasset" 3819
"../../../Engine/Content/EngineMaterials/Substrate/Glints2/dict_0000_0082.uasset" 3820
"../../../Engine/Content/EngineMaterials/Substrate/Glints2/dict_0000_0083.uasset" 3821
"../../../Engine/Content/EngineMaterials/Substrate/Glints2/dict_0000_0084.uasset" 3822
"../../../Engine/Content/EngineMaterials/Substrate/Glints2/dict_0000_0085.uasset" 3823
"../../../Engine/Content/EngineMaterials/Substrate/Glints2/dict_0000_0086.uasset" 3824
"../../../Engine/Content/EngineMaterials/Substrate/Glints2/dict_0000_0087.uasset" 3825
"../../../Engine/Content/EngineMaterials/Substrate/Glints2/dict_0000_0088.uasset" 3826
"../../../Engine/Content/EngineMaterials/Substrate/Glints2/dict_0000_0089.uasset" 3827
"../../../Engine/Content/EngineMaterials/Substrate/Glints2/dict_0000_0090.uasset" 3828
"../../../Engine/Content/EngineMaterials/Substrate/Glints2/dict_0000_0091.uasset" 3829
"../../../Engine/Content/EngineMaterials/Substrate/Glints2/dict_0000_0092.uasset" 3830
"../../../Engine/Content/EngineMaterials/Substrate/Glints2/dict_0000_0093.uasset" 3831
"../../../Engine/Content/EngineMaterials/Substrate/Glints2/dict_0000_0094.uasset" 3832
"../../../Engine/Content/EngineMaterials/Substrate/Glints2/dict_0000_0095.uasset" 3833
"../../../Engine/Content/EngineMaterials/Substrate/Glints2/dict_0000_0096.uasset" 3834
"../../../Engine/Content/EngineMaterials/Substrate/Glints2/dict_0000_0097.uasset" 3835
"../../../Engine/Content/EngineMaterials/Substrate/Glints2/dict_0000_0098.uasset" 3836
"../../../Engine/Content/EngineMaterials/Substrate/Glints2/dict_0000_0099.uasset" 3837
"../../../Engine/Content/EngineMaterials/Substrate/Glints2/dict_0000_0100.uasset" 3838
"../../../Engine/Content/EngineMaterials/Substrate/Glints2/dict_0000_0101.uasset" 3839
"../../../Engine/Content/EngineMaterials/Substrate/Glints2/dict_0000_0102.uasset" 3840
"../../../Engine/Content/EngineMaterials/Substrate/Glints2/dict_0000_0103.uasset" 3841
"../../../Engine/Content/EngineMaterials/Substrate/Glints2/dict_0000_0104.uasset" 3842
"../../../Engine/Content/EngineMaterials/Substrate/Glints2/dict_0000_0105.uasset" 3843
"../../../Engine/Content/EngineMaterials/Substrate/Glints2/dict_0000_0106.uasset" 3844
"../../../Engine/Content/EngineMaterials/Substrate/Glints2/dict_0000_0107.uasset" 3845
"../../../Engine/Content/EngineMaterials/Substrate/Glints2/dict_0000_0108.uasset" 3846
"../../../Engine/Content/EngineMaterials/Substrate/Glints2/dict_0000_0109.uasset" 3847
"../../../Engine/Content/EngineMaterials/Substrate/Glints2/dict_0000_0110.uasset" 3848
"../../../Engine/Content/EngineMaterials/Substrate/Glints2/dict_0000_0111.uasset" 3849
"../../../Engine/Content/EngineMaterials/Substrate/Glints2/dict_0000_0112.uasset" 3850
"../../../Engine/Content/EngineMaterials/Substrate/Glints2/dict_0000_0113.uasset" 3851
"../../../Engine/Content/EngineMaterials/Substrate/Glints2/dict_0000_0114.uasset" 3852
"../../../Engine/Content/EngineMaterials/Substrate/Glints2/dict_0000_0115.uasset" 3853
"../../../Engine/Content/EngineMaterials/Substrate/Glints2/dict_0000_0116.uasset" 3854
"../../../Engine/Content/EngineMaterials/Substrate/Glints2/dict_0000_0117.uasset" 3855
"../../../Engine/Content/EngineMaterials/Substrate/Glints2/dict_0000_0118.uasset" 3856
"../../../Engine/Content/EngineMaterials/Substrate/Glints2/dict_0000_0119.uasset" 3857
"../../../Engine/Content/EngineMaterials/Substrate/Glints2/dict_0000_0120.uasset" 3858
"../../../Engine/Content/EngineMaterials/Substrate/Glints2/dict_0000_0121.uasset" 3859
"../../../Engine/Content/EngineMaterials/Substrate/Glints2/dict_0000_0122.uasset" 3860
"../../../Engine/Content/EngineMaterials/Substrate/Glints2/dict_0000_0123.uasset" 3861
"../../../Engine/Content/EngineMaterials/Substrate/Glints2/dict_0000_0124.uasset" 3862
"../../../Engine/Content/EngineMaterials/Substrate/Glints2/dict_0000_0125.uasset" 3863
"../../../Engine/Content/EngineMaterials/Substrate/Glints2/dict_0000_0126.uasset" 3864
"../../../Engine/Content/EngineMaterials/Substrate/Glints2/dict_0000_0127.uasset" 3865
"../../../Engine/Content/EngineMaterials/Substrate/Glints2/dict_0000_0128.uasset" 3866
"../../../Engine/Content/EngineMaterials/Substrate/Glints2/dict_0000_0129.uasset" 3867
"../../../Engine/Content/EngineMaterials/Substrate/Glints2/dict_0000_0130.uasset" 3868
"../../../Engine/Content/EngineMaterials/Substrate/Glints2/dict_0000_0131.uasset" 3869
"../../../Engine/Content/EngineMaterials/Substrate/Glints2/dict_0000_0132.uasset" 3870
"../../../Engine/Content/EngineMaterials/Substrate/Glints2/dict_0000_0133.uasset" 3871
"../../../Engine/Content/EngineMaterials/Substrate/Glints2/dict_0000_0134.uasset" 3872
"../../../Engine/Content/EngineMaterials/Substrate/Glints2/dict_0000_0135.uasset" 3873
"../../../Engine/Content/EngineMaterials/Substrate/Glints2/dict_0000_0136.uasset" 3874
"../../../Engine/Content/EngineMaterials/Substrate/Glints2/dict_0000_0137.uasset" 3875
"../../../Engine/Content/EngineMaterials/Substrate/Glints2/dict_0000_0138.uasset" 3876
"../../../Engine/Content/EngineMaterials/Substrate/Glints2/dict_0000_0139.uasset" 3877
"../../../Engine/Content/EngineMaterials/Substrate/Glints2/dict_0000_0140.uasset" 3878
"../../../Engine/Content/EngineMaterials/Substrate/Glints2/dict_0000_0141.uasset" 3879
"../../../Engine/Content/EngineMaterials/Substrate/Glints2/dict_0000_0142.uasset" 3880
"../../../Engine/Content/EngineMaterials/Substrate/Glints2/dict_0000_0143.uasset" 3881
"../../../Engine/Content/EngineMaterials/Substrate/Glints2/dict_0000_0144.uasset" 3882
"../../../Engine/Content/EngineMaterials/Substrate/Glints2/dict_0000_0145.uasset" 3883
"../../../Engine/Content/EngineMaterials/Substrate/Glints2/dict_0000_0146.uasset" 3884
"../../../Engine/Content/EngineMaterials/Substrate/Glints2/dict_0000_0147.uasset" 3885
"../../../Engine/Content/EngineMaterials/Substrate/Glints2/dict_0000_0148.uasset" 3886
"../../../Engine/Content/EngineMaterials/Substrate/Glints2/dict_0000_0149.uasset" 3887
"../../../Engine/Content/EngineMaterials/Substrate/Glints2/dict_0000_0150.uasset" 3888
"../../../Engine/Content/EngineMaterials/Substrate/Glints2/dict_0000_0151.uasset" 3889
"../../../Engine/Content/EngineMaterials/Substrate/Glints2/dict_0000_0152.uasset" 3890
"../../../Engine/Content/EngineMaterials/Substrate/Glints2/dict_0000_0153.uasset" 3891
"../../../Engine/Content/EngineMaterials/Substrate/Glints2/dict_0000_0154.uasset" 3892
"../../../Engine/Content/EngineMaterials/Substrate/Glints2/dict_0000_0155.uasset" 3893
"../../../Engine/Content/EngineMaterials/Substrate/Glints2/dict_0000_0156.uasset" 3894
"../../../Engine/Content/EngineMaterials/Substrate/Glints2/dict_0000_0157.uasset" 3895
"../../../Engine/Content/EngineMaterials/Substrate/Glints2/dict_0000_0158.uasset" 3896
"../../../Engine/Content/EngineMaterials/Substrate/Glints2/dict_0000_0159.uasset" 3897
"../../../Engine/Content/EngineMaterials/Substrate/Glints2/dict_0000_0160.uasset" 3898
"../../../Engine/Content/EngineMaterials/Substrate/Glints2/dict_0000_0161.uasset" 3899
"../../../Engine/Content/EngineMaterials/Substrate/Glints2/dict_0000_0162.uasset" 3900
"../../../Engine/Content/EngineMaterials/Substrate/Glints2/dict_0000_0163.uasset" 3901
"../../../Engine/Content/EngineMaterials/Substrate/Glints2/dict_0000_0164.uasset" 3902
"../../../Engine/Content/EngineMaterials/Substrate/Glints2/dict_0000_0165.uasset" 3903
"../../../Engine/Content/EngineMaterials/Substrate/Glints2/dict_0000_0166.uasset" 3904
"../../../Engine/Content/EngineMaterials/Substrate/Glints2/dict_0000_0167.uasset" 3905
"../../../Engine/Content/EngineMaterials/Substrate/Glints2/dict_0000_0168.uasset" 3906
"../../../Engine/Content/EngineMaterials/Substrate/Glints2/dict_0000_0169.uasset" 3907
"../../../Engine/Content/EngineMaterials/Substrate/Glints2/dict_0000_0170.uasset" 3908
"../../../Engine/Content/EngineMaterials/Substrate/Glints2/dict_0000_0171.uasset" 3909
"../../../Engine/Content/EngineMaterials/Substrate/Glints2/dict_0000_0172.uasset" 3910
"../../../Engine/Content/EngineMaterials/Substrate/Glints2/dict_0000_0173.uasset" 3911
"../../../Engine/Content/EngineMaterials/Substrate/Glints2/dict_0000_0174.uasset" 3912
"../../../Engine/Content/EngineMaterials/Substrate/Glints2/dict_0000_0175.uasset" 3913
"../../../Engine/Content/EngineMaterials/Substrate/Glints2/dict_0000_0176.uasset" 3914
"../../../Engine/Content/EngineMaterials/Substrate/Glints2/dict_0000_0177.uasset" 3915
"../../../Engine/Content/EngineMaterials/Substrate/Glints2/dict_0000_0178.uasset" 3916
"../../../Engine/Content/EngineMaterials/Substrate/Glints2/dict_0000_0179.uasset" 3917
"../../../Engine/Content/EngineMaterials/Substrate/Glints2/dict_0000_0180.uasset" 3918
"../../../Engine/Content/EngineMaterials/Substrate/Glints2/dict_0000_0181.uasset" 3919
"../../../Engine/Content/EngineMaterials/Substrate/Glints2/dict_0000_0182.uasset" 3920
"../../../Engine/Content/EngineMaterials/Substrate/Glints2/dict_0000_0183.uasset" 3921
"../../../Engine/Content/EngineMaterials/Substrate/Glints2/dict_0000_0184.uasset" 3922
"../../../Engine/Content/EngineMaterials/Substrate/Glints2/dict_0000_0185.uasset" 3923
"../../../Engine/Content/EngineMaterials/Substrate/Glints2/dict_0000_0186.uasset" 3924
"../../../Engine/Content/EngineMaterials/Substrate/Glints2/dict_0000_0187.uasset" 3925
"../../../Engine/Content/EngineMaterials/Substrate/Glints2/dict_0000_0188.uasset" 3926
"../../../Engine/Content/EngineMaterials/Substrate/Glints2/dict_0000_0189.uasset" 3927
"../../../Engine/Content/EngineMaterials/Substrate/Glints2/dict_0000_0190.uasset" 3928
"../../../Engine/Content/EngineMaterials/Substrate/Glints2/dict_0000_0191.uasset" 3929
"../../../Engine/Content/EngineMaterials/Substrate/Glints2/dict_0000_0192.uasset" 3930
"../../../Engine/Content/EngineMaterials/Substrate/Glints2/dict_0000_0193.uasset" 3931
"../../../Engine/Content/EngineMaterials/Substrate/Glints2/dict_0000_0194.uasset" 3932
"../../../Engine/Content/EngineMaterials/Substrate/Glints2/dict_0000_0195.uasset" 3933
"../../../Engine/Content/EngineMaterials/Substrate/Glints2/dict_0000_0196.uasset" 3934
"../../../Engine/Content/EngineMaterials/Substrate/Glints2/dict_0000_0197.uasset" 3935
"../../../Engine/Content/EngineMaterials/Substrate/Glints2/dict_0000_0198.uasset" 3936
"../../../Engine/Content/EngineMaterials/Substrate/Glints2/dict_0000_0199.uasset" 3937
"../../../Engine/Content/EngineMaterials/Substrate/Glints2/dict_0000_0200.uasset" 3938
"../../../Engine/Content/EngineMaterials/Substrate/Glints2/dict_0000_0201.uasset" 3939
"../../../Engine/Content/EngineMaterials/Substrate/Glints2/dict_0000_0202.uasset" 3940
"../../../Engine/Content/EngineMaterials/Substrate/Glints2/dict_0000_0203.uasset" 3941
"../../../Engine/Content/EngineMaterials/Substrate/Glints2/dict_0000_0204.uasset" 3942
"../../../Engine/Content/EngineMaterials/Substrate/Glints2/dict_0000_0205.uasset" 3943
"../../../Engine/Content/EngineMaterials/Substrate/Glints2/dict_0000_0206.uasset" 3944
"../../../Engine/Content/EngineMaterials/Substrate/Glints2/dict_0000_0207.uasset" 3945
"../../../Engine/Content/EngineMaterials/Substrate/Glints2/dict_0000_0208.uasset" 3946
"../../../Engine/Content/EngineMaterials/Substrate/Glints2/dict_0000_0209.uasset" 3947
"../../../Engine/Content/EngineMaterials/Substrate/Glints2/dict_0000_0210.uasset" 3948
"../../../Engine/Content/EngineMaterials/Substrate/Glints2/dict_0000_0211.uasset" 3949
"../../../Engine/Content/EngineMaterials/Substrate/Glints2/dict_0000_0212.uasset" 3950
"../../../Engine/Content/EngineMaterials/Substrate/Glints2/dict_0000_0213.uasset" 3951
"../../../Engine/Content/EngineMaterials/Substrate/Glints2/dict_0000_0214.uasset" 3952
"../../../Engine/Content/EngineMaterials/Substrate/Glints2/dict_0000_0215.uasset" 3953
"../../../Engine/Content/EngineMaterials/Substrate/Glints2/dict_0000_0216.uasset" 3954
"../../../Engine/Content/EngineMaterials/Substrate/Glints2/dict_0000_0217.uasset" 3955
"../../../Engine/Content/EngineMaterials/Substrate/Glints2/dict_0000_0218.uasset" 3956
"../../../Engine/Content/EngineMaterials/Substrate/Glints2/dict_0000_0219.uasset" 3957
"../../../Engine/Content/EngineMaterials/Substrate/Glints2/dict_0000_0220.uasset" 3958
"../../../Engine/Content/EngineMaterials/Substrate/Glints2/dict_0000_0221.uasset" 3959
"../../../Engine/Content/EngineMaterials/Substrate/Glints2/dict_0000_0222.uasset" 3960
"../../../Engine/Content/EngineMaterials/Substrate/Glints2/dict_0000_0223.uasset" 3961
"../../../Engine/Content/EngineMaterials/Substrate/Glints2/dict_0000_0224.uasset" 3962
"../../../Engine/Content/EngineMaterials/Substrate/Glints2/dict_0000_0225.uasset" 3963
"../../../Engine/Content/EngineMaterials/Substrate/Glints2/dict_0000_0226.uasset" 3964
"../../../Engine/Content/EngineMaterials/Substrate/Glints2/dict_0000_0227.uasset" 3965
"../../../Engine/Content/EngineMaterials/Substrate/Glints2/dict_0000_0228.uasset" 3966
"../../../Engine/Content/EngineMaterials/Substrate/Glints2/dict_0000_0229.uasset" 3967
"../../../Engine/Content/EngineMaterials/Substrate/Glints2/dict_0000_0230.uasset" 3968
"../../../Engine/Content/EngineMaterials/Substrate/Glints2/dict_0000_0231.uasset" 3969
"../../../Engine/Content/EngineMaterials/Substrate/Glints2/dict_0000_0232.uasset" 3970
"../../../Engine/Content/EngineMaterials/Substrate/Glints2/dict_0000_0233.uasset" 3971
"../../../Engine/Content/EngineMaterials/Substrate/Glints2/dict_0000_0234.uasset" 3972
"../../../Engine/Content/EngineMaterials/Substrate/Glints2/dict_0000_0235.uasset" 3973
"../../../Engine/Content/EngineMaterials/Substrate/Glints2/dict_0000_0236.uasset" 3974
"../../../Engine/Content/EngineMaterials/Substrate/Glints2/dict_0000_0237.uasset" 3975
"../../../Engine/Content/EngineMaterials/Substrate/Glints2/dict_0000_0238.uasset" 3976
"../../../Engine/Content/EngineMaterials/Substrate/Glints2/dict_0000_0239.uasset" 3977
"../../../Engine/Content/EngineMaterials/Substrate/Glints2/dict_0000_0240.uasset" 3978
"../../../Engine/Content/EngineMaterials/Substrate/Glints2/dict_0000_0241.uasset" 3979
"../../../Engine/Content/EngineMaterials/Substrate/Glints2/dict_0000_0242.uasset" 3980
"../../../Engine/Content/EngineMaterials/Substrate/Glints2/dict_0000_0243.uasset" 3981
"../../../Engine/Content/EngineMaterials/Substrate/Glints2/dict_0000_0244.uasset" 3982
"../../../Engine/Content/EngineMaterials/Substrate/Glints2/dict_0000_0245.uasset" 3983
"../../../Engine/Content/EngineMaterials/Substrate/Glints2/dict_0000_0246.uasset" 3984
"../../../Engine/Content/EngineMaterials/Substrate/Glints2/dict_0000_0247.uasset" 3985
"../../../Engine/Content/EngineMaterials/Substrate/Glints2/dict_0000_0248.uasset" 3986
"../../../Engine/Content/EngineMaterials/Substrate/Glints2/dict_0000_0249.uasset" 3987
"../../../Engine/Content/EngineMaterials/Substrate/Glints2/dict_0000_0250.uasset" 3988
"../../../Engine/Content/EngineMaterials/Substrate/Glints2/dict_0000_0251.uasset" 3989
"../../../Engine/Content/EngineMaterials/Substrate/Glints2/dict_0000_0252.uasset" 3990
"../../../Engine/Content/EngineMaterials/Substrate/Glints2/dict_0000_0253.uasset" 3991
"../../../Engine/Content/EngineMaterials/Substrate/Glints2/dict_0000_0254.uasset" 3992
"../../../Engine/Content/EngineMaterials/Substrate/Glints2/dict_0000_0255.uasset" 3993
"../../../Engine/Content/EngineMaterials/Substrate/Glints2/dict_0001_0000.uasset" 3994
"../../../Engine/Content/EngineMaterials/Substrate/Glints2/dict_0001_0001.uasset" 3995
"../../../Engine/Content/EngineMaterials/Substrate/Glints2/dict_0001_0002.uasset" 3996
"../../../Engine/Content/EngineMaterials/Substrate/Glints2/dict_0001_0003.uasset" 3997
"../../../Engine/Content/EngineMaterials/Substrate/Glints2/dict_0001_0004.uasset" 3998
"../../../Engine/Content/EngineMaterials/Substrate/Glints2/dict_0001_0005.uasset" 3999
"../../../Engine/Content/EngineMaterials/Substrate/Glints2/dict_0001_0006.uasset" 4000
"../../../Engine/Content/EngineMaterials/Substrate/Glints2/dict_0001_0007.uasset" 4001
"../../../Engine/Content/EngineMaterials/Substrate/Glints2/dict_0001_0008.uasset" 4002
"../../../Engine/Content/EngineMaterials/Substrate/Glints2/dict_0001_0009.uasset" 4003
"../../../Engine/Content/EngineMaterials/Substrate/Glints2/dict_0001_0010.uasset" 4004
"../../../Engine/Content/EngineMaterials/Substrate/Glints2/dict_0001_0011.uasset" 4005
"../../../Engine/Content/EngineMaterials/Substrate/Glints2/dict_0001_0012.uasset" 4006
"../../../Engine/Content/EngineMaterials/Substrate/Glints2/dict_0001_0013.uasset" 4007
"../../../Engine/Content/EngineMaterials/Substrate/Glints2/dict_0001_0014.uasset" 4008
"../../../Engine/Content/EngineMaterials/Substrate/Glints2/dict_0001_0015.uasset" 4009
"../../../Engine/Content/EngineMaterials/Substrate/Glints2/dict_0001_0016.uasset" 4010
"../../../Engine/Content/EngineMaterials/Substrate/Glints2/dict_0001_0017.uasset" 4011
"../../../Engine/Content/EngineMaterials/Substrate/Glints2/dict_0001_0018.uasset" 4012
"../../../Engine/Content/EngineMaterials/Substrate/Glints2/dict_0001_0019.uasset" 4013
"../../../Engine/Content/EngineMaterials/Substrate/Glints2/dict_0001_0020.uasset" 4014
"../../../Engine/Content/EngineMaterials/Substrate/Glints2/dict_0001_0021.uasset" 4015
"../../../Engine/Content/EngineMaterials/Substrate/Glints2/dict_0001_0022.uasset" 4016
"../../../Engine/Content/EngineMaterials/Substrate/Glints2/dict_0001_0023.uasset" 4017
"../../../Engine/Content/EngineMaterials/Substrate/Glints2/dict_0001_0024.uasset" 4018
"../../../Engine/Content/EngineMaterials/Substrate/Glints2/dict_0001_0025.uasset" 4019
"../../../Engine/Content/EngineMaterials/Substrate/Glints2/dict_0001_0026.uasset" 4020
"../../../Engine/Content/EngineMaterials/Substrate/Glints2/dict_0001_0027.uasset" 4021
"../../../Engine/Content/EngineMaterials/Substrate/Glints2/dict_0001_0028.uasset" 4022
"../../../Engine/Content/EngineMaterials/Substrate/Glints2/dict_0001_0029.uasset" 4023
"../../../Engine/Content/EngineMaterials/Substrate/Glints2/dict_0001_0030.uasset" 4024
"../../../Engine/Content/EngineMaterials/Substrate/Glints2/dict_0001_0031.uasset" 4025
"../../../Engine/Content/EngineMaterials/Substrate/Glints2/dict_0001_0032.uasset" 4026
"../../../Engine/Content/EngineMaterials/Substrate/Glints2/dict_0001_0033.uasset" 4027
"../../../Engine/Content/EngineMaterials/Substrate/Glints2/dict_0001_0034.uasset" 4028
"../../../Engine/Content/EngineMaterials/Substrate/Glints2/dict_0001_0035.uasset" 4029
"../../../Engine/Content/EngineMaterials/Substrate/Glints2/dict_0001_0036.uasset" 4030
"../../../Engine/Content/EngineMaterials/Substrate/Glints2/dict_0001_0037.uasset" 4031
"../../../Engine/Content/EngineMaterials/Substrate/Glints2/dict_0001_0038.uasset" 4032
"../../../Engine/Content/EngineMaterials/Substrate/Glints2/dict_0001_0039.uasset" 4033
"../../../Engine/Content/EngineMaterials/Substrate/Glints2/dict_0001_0040.uasset" 4034
"../../../Engine/Content/EngineMaterials/Substrate/Glints2/dict_0001_0041.uasset" 4035
"../../../Engine/Content/EngineMaterials/Substrate/Glints2/dict_0001_0042.uasset" 4036
"../../../Engine/Content/EngineMaterials/Substrate/Glints2/dict_0001_0043.uasset" 4037
"../../../Engine/Content/EngineMaterials/Substrate/Glints2/dict_0001_0044.uasset" 4038
"../../../Engine/Content/EngineMaterials/Substrate/Glints2/dict_0001_0045.uasset" 4039
"../../../Engine/Content/EngineMaterials/Substrate/Glints2/dict_0001_0046.uasset" 4040
"../../../Engine/Content/EngineMaterials/Substrate/Glints2/dict_0001_0047.uasset" 4041
"../../../Engine/Content/EngineMaterials/Substrate/Glints2/dict_0001_0048.uasset" 4042
"../../../Engine/Content/EngineMaterials/Substrate/Glints2/dict_0001_0049.uasset" 4043
"../../../Engine/Content/EngineMaterials/Substrate/Glints2/dict_0001_0050.uasset" 4044
"../../../Engine/Content/EngineMaterials/Substrate/Glints2/dict_0001_0051.uasset" 4045
"../../../Engine/Content/EngineMaterials/Substrate/Glints2/dict_0001_0052.uasset" 4046
"../../../Engine/Content/EngineMaterials/Substrate/Glints2/dict_0001_0053.uasset" 4047
"../../../Engine/Content/EngineMaterials/Substrate/Glints2/dict_0001_0054.uasset" 4048
"../../../Engine/Content/EngineMaterials/Substrate/Glints2/dict_0001_0055.uasset" 4049
"../../../Engine/Content/EngineMaterials/Substrate/Glints2/dict_0001_0056.uasset" 4050
"../../../Engine/Content/EngineMaterials/Substrate/Glints2/dict_0001_0057.uasset" 4051
"../../../Engine/Content/EngineMaterials/Substrate/Glints2/dict_0001_0058.uasset" 4052
"../../../Engine/Content/EngineMaterials/Substrate/Glints2/dict_0001_0059.uasset" 4053
"../../../Engine/Content/EngineMaterials/Substrate/Glints2/dict_0001_0060.uasset" 4054
"../../../Engine/Content/EngineMaterials/Substrate/Glints2/dict_0001_0061.uasset" 4055
"../../../Engine/Content/EngineMaterials/Substrate/Glints2/dict_0001_0062.uasset" 4056
"../../../Engine/Content/EngineMaterials/Substrate/Glints2/dict_0001_0063.uasset" 4057
"../../../Engine/Content/EngineMaterials/Substrate/Glints2/dict_0001_0064.uasset" 4058
"../../../Engine/Content/EngineMaterials/Substrate/Glints2/dict_0001_0065.uasset" 4059
"../../../Engine/Content/EngineMaterials/Substrate/Glints2/dict_0001_0066.uasset" 4060
"../../../Engine/Content/EngineMaterials/Substrate/Glints2/dict_0001_0067.uasset" 4061
"../../../Engine/Content/EngineMaterials/Substrate/Glints2/dict_0001_0068.uasset" 4062
"../../../Engine/Content/EngineMaterials/Substrate/Glints2/dict_0001_0069.uasset" 4063
"../../../Engine/Content/EngineMaterials/Substrate/Glints2/dict_0001_0070.uasset" 4064
"../../../Engine/Content/EngineMaterials/Substrate/Glints2/dict_0001_0071.uasset" 4065
"../../../Engine/Content/EngineMaterials/Substrate/Glints2/dict_0001_0072.uasset" 4066
"../../../Engine/Content/EngineMaterials/Substrate/Glints2/dict_0001_0073.uasset" 4067
"../../../Engine/Content/EngineMaterials/Substrate/Glints2/dict_0001_0074.uasset" 4068
"../../../Engine/Content/EngineMaterials/Substrate/Glints2/dict_0001_0075.uasset" 4069
"../../../Engine/Content/EngineMaterials/Substrate/Glints2/dict_0001_0076.uasset" 4070
"../../../Engine/Content/EngineMaterials/Substrate/Glints2/dict_0001_0077.uasset" 4071
"../../../Engine/Content/EngineMaterials/Substrate/Glints2/dict_0001_0078.uasset" 4072
"../../../Engine/Content/EngineMaterials/Substrate/Glints2/dict_0001_0079.uasset" 4073
"../../../Engine/Content/EngineMaterials/Substrate/Glints2/dict_0001_0080.uasset" 4074
"../../../Engine/Content/EngineMaterials/Substrate/Glints2/dict_0001_0081.uasset" 4075
"../../../Engine/Content/EngineMaterials/Substrate/Glints2/dict_0001_0082.uasset" 4076
"../../../Engine/Content/EngineMaterials/Substrate/Glints2/dict_0001_0083.uasset" 4077
"../../../Engine/Content/EngineMaterials/Substrate/Glints2/dict_0001_0084.uasset" 4078
"../../../Engine/Content/EngineMaterials/Substrate/Glints2/dict_0001_0085.uasset" 4079
"../../../Engine/Content/EngineMaterials/Substrate/Glints2/dict_0001_0086.uasset" 4080
"../../../Engine/Content/EngineMaterials/Substrate/Glints2/dict_0001_0087.uasset" 4081
"../../../Engine/Content/EngineMaterials/Substrate/Glints2/dict_0001_0088.uasset" 4082
"../../../Engine/Content/EngineMaterials/Substrate/Glints2/dict_0001_0089.uasset" 4083
"../../../Engine/Content/EngineMaterials/Substrate/Glints2/dict_0001_0090.uasset" 4084
"../../../Engine/Content/EngineMaterials/Substrate/Glints2/dict_0001_0091.uasset" 4085
"../../../Engine/Content/EngineMaterials/Substrate/Glints2/dict_0001_0092.uasset" 4086
"../../../Engine/Content/EngineMaterials/Substrate/Glints2/dict_0001_0093.uasset" 4087
"../../../Engine/Content/EngineMaterials/Substrate/Glints2/dict_0001_0094.uasset" 4088
"../../../Engine/Content/EngineMaterials/Substrate/Glints2/dict_0001_0095.uasset" 4089
"../../../Engine/Content/EngineMaterials/Substrate/Glints2/dict_0001_0096.uasset" 4090
"../../../Engine/Content/EngineMaterials/Substrate/Glints2/dict_0001_0097.uasset" 4091
"../../../Engine/Content/EngineMaterials/Substrate/Glints2/dict_0001_0098.uasset" 4092
"../../../Engine/Content/EngineMaterials/Substrate/Glints2/dict_0001_0099.uasset" 4093
"../../../Engine/Content/EngineMaterials/Substrate/Glints2/dict_0001_0100.uasset" 4094
"../../../Engine/Content/EngineMaterials/Substrate/Glints2/dict_0001_0101.uasset" 4095
"../../../Engine/Content/EngineMaterials/Substrate/Glints2/dict_0001_0102.uasset" 4096
"../../../Engine/Content/EngineMaterials/Substrate/Glints2/dict_0001_0103.uasset" 4097
"../../../Engine/Content/EngineMaterials/Substrate/Glints2/dict_0001_0104.uasset" 4098
"../../../Engine/Content/EngineMaterials/Substrate/Glints2/dict_0001_0105.uasset" 4099
"../../../Engine/Content/EngineMaterials/Substrate/Glints2/dict_0001_0106.uasset" 4100
"../../../Engine/Content/EngineMaterials/Substrate/Glints2/dict_0001_0107.uasset" 4101
"../../../Engine/Content/EngineMaterials/Substrate/Glints2/dict_0001_0108.uasset" 4102
"../../../Engine/Content/EngineMaterials/Substrate/Glints2/dict_0001_0109.uasset" 4103
"../../../Engine/Content/EngineMaterials/Substrate/Glints2/dict_0001_0110.uasset" 4104
"../../../Engine/Content/EngineMaterials/Substrate/Glints2/dict_0001_0111.uasset" 4105
"../../../Engine/Content/EngineMaterials/Substrate/Glints2/dict_0001_0112.uasset" 4106
"../../../Engine/Content/EngineMaterials/Substrate/Glints2/dict_0001_0113.uasset" 4107
"../../../Engine/Content/EngineMaterials/Substrate/Glints2/dict_0001_0114.uasset" 4108
"../../../Engine/Content/EngineMaterials/Substrate/Glints2/dict_0001_0115.uasset" 4109
"../../../Engine/Content/EngineMaterials/Substrate/Glints2/dict_0001_0116.uasset" 4110
"../../../Engine/Content/EngineMaterials/Substrate/Glints2/dict_0001_0117.uasset" 4111
"../../../Engine/Content/EngineMaterials/Substrate/Glints2/dict_0001_0118.uasset" 4112
"../../../Engine/Content/EngineMaterials/Substrate/Glints2/dict_0001_0119.uasset" 4113
"../../../Engine/Content/EngineMaterials/Substrate/Glints2/dict_0001_0120.uasset" 4114
"../../../Engine/Content/EngineMaterials/Substrate/Glints2/dict_0001_0121.uasset" 4115
"../../../Engine/Content/EngineMaterials/Substrate/Glints2/dict_0001_0122.uasset" 4116
"../../../Engine/Content/EngineMaterials/Substrate/Glints2/dict_0001_0123.uasset" 4117
"../../../Engine/Content/EngineMaterials/Substrate/Glints2/dict_0001_0124.uasset" 4118
"../../../Engine/Content/EngineMaterials/Substrate/Glints2/dict_0001_0125.uasset" 4119
"../../../Engine/Content/EngineMaterials/Substrate/Glints2/dict_0001_0126.uasset" 4120
"../../../Engine/Content/EngineMaterials/Substrate/Glints2/dict_0001_0127.uasset" 4121
"../../../Engine/Content/EngineMaterials/Substrate/Glints2/dict_0001_0128.uasset" 4122
"../../../Engine/Content/EngineMaterials/Substrate/Glints2/dict_0001_0129.uasset" 4123
"../../../Engine/Content/EngineMaterials/Substrate/Glints2/dict_0001_0130.uasset" 4124
"../../../Engine/Content/EngineMaterials/Substrate/Glints2/dict_0001_0131.uasset" 4125
"../../../Engine/Content/EngineMaterials/Substrate/Glints2/dict_0001_0132.uasset" 4126
"../../../Engine/Content/EngineMaterials/Substrate/Glints2/dict_0001_0133.uasset" 4127
"../../../Engine/Content/EngineMaterials/Substrate/Glints2/dict_0001_0134.uasset" 4128
"../../../Engine/Content/EngineMaterials/Substrate/Glints2/dict_0001_0135.uasset" 4129
"../../../Engine/Content/EngineMaterials/Substrate/Glints2/dict_0001_0136.uasset" 4130
"../../../Engine/Content/EngineMaterials/Substrate/Glints2/dict_0001_0137.uasset" 4131
"../../../Engine/Content/EngineMaterials/Substrate/Glints2/dict_0001_0138.uasset" 4132
"../../../Engine/Content/EngineMaterials/Substrate/Glints2/dict_0001_0139.uasset" 4133
"../../../Engine/Content/EngineMaterials/Substrate/Glints2/dict_0001_0140.uasset" 4134
"../../../Engine/Content/EngineMaterials/Substrate/Glints2/dict_0001_0141.uasset" 4135
"../../../Engine/Content/EngineMaterials/Substrate/Glints2/dict_0001_0142.uasset" 4136
"../../../Engine/Content/EngineMaterials/Substrate/Glints2/dict_0001_0143.uasset" 4137
"../../../Engine/Content/EngineMaterials/Substrate/Glints2/dict_0001_0144.uasset" 4138
"../../../Engine/Content/EngineMaterials/Substrate/Glints2/dict_0001_0145.uasset" 4139
"../../../Engine/Content/EngineMaterials/Substrate/Glints2/dict_0001_0146.uasset" 4140
"../../../Engine/Content/EngineMaterials/Substrate/Glints2/dict_0001_0147.uasset" 4141
"../../../Engine/Content/EngineMaterials/Substrate/Glints2/dict_0001_0148.uasset" 4142
"../../../Engine/Content/EngineMaterials/Substrate/Glints2/dict_0001_0149.uasset" 4143
"../../../Engine/Content/EngineMaterials/Substrate/Glints2/dict_0001_0150.uasset" 4144
"../../../Engine/Content/EngineMaterials/Substrate/Glints2/dict_0001_0151.uasset" 4145
"../../../Engine/Content/EngineMaterials/Substrate/Glints2/dict_0001_0152.uasset" 4146
"../../../Engine/Content/EngineMaterials/Substrate/Glints2/dict_0001_0153.uasset" 4147
"../../../Engine/Content/EngineMaterials/Substrate/Glints2/dict_0001_0154.uasset" 4148
"../../../Engine/Content/EngineMaterials/Substrate/Glints2/dict_0001_0155.uasset" 4149
"../../../Engine/Content/EngineMaterials/Substrate/Glints2/dict_0001_0156.uasset" 4150
"../../../Engine/Content/EngineMaterials/Substrate/Glints2/dict_0001_0157.uasset" 4151
"../../../Engine/Content/EngineMaterials/Substrate/Glints2/dict_0001_0158.uasset" 4152
"../../../Engine/Content/EngineMaterials/Substrate/Glints2/dict_0001_0159.uasset" 4153
"../../../Engine/Content/EngineMaterials/Substrate/Glints2/dict_0001_0160.uasset" 4154
"../../../Engine/Content/EngineMaterials/Substrate/Glints2/dict_0001_0161.uasset" 4155
"../../../Engine/Content/EngineMaterials/Substrate/Glints2/dict_0001_0162.uasset" 4156
"../../../Engine/Content/EngineMaterials/Substrate/Glints2/dict_0001_0163.uasset" 4157
"../../../Engine/Content/EngineMaterials/Substrate/Glints2/dict_0001_0164.uasset" 4158
"../../../Engine/Content/EngineMaterials/Substrate/Glints2/dict_0001_0165.uasset" 4159
"../../../Engine/Content/EngineMaterials/Substrate/Glints2/dict_0001_0166.uasset" 4160
"../../../Engine/Content/EngineMaterials/Substrate/Glints2/dict_0001_0167.uasset" 4161
"../../../Engine/Content/EngineMaterials/Substrate/Glints2/dict_0001_0168.uasset" 4162
"../../../Engine/Content/EngineMaterials/Substrate/Glints2/dict_0001_0169.uasset" 4163
"../../../Engine/Content/EngineMaterials/Substrate/Glints2/dict_0001_0170.uasset" 4164
"../../../Engine/Content/EngineMaterials/Substrate/Glints2/dict_0001_0171.uasset" 4165
"../../../Engine/Content/EngineMaterials/Substrate/Glints2/dict_0001_0172.uasset" 4166
"../../../Engine/Content/EngineMaterials/Substrate/Glints2/dict_0001_0173.uasset" 4167
"../../../Engine/Content/EngineMaterials/Substrate/Glints2/dict_0001_0174.uasset" 4168
"../../../Engine/Content/EngineMaterials/Substrate/Glints2/dict_0001_0175.uasset" 4169
"../../../Engine/Content/EngineMaterials/Substrate/Glints2/dict_0001_0176.uasset" 4170
"../../../Engine/Content/EngineMaterials/Substrate/Glints2/dict_0001_0177.uasset" 4171
"../../../Engine/Content/EngineMaterials/Substrate/Glints2/dict_0001_0178.uasset" 4172
"../../../Engine/Content/EngineMaterials/Substrate/Glints2/dict_0001_0179.uasset" 4173
"../../../Engine/Content/EngineMaterials/Substrate/Glints2/dict_0001_0180.uasset" 4174
"../../../Engine/Content/EngineMaterials/Substrate/Glints2/dict_0001_0181.uasset" 4175
"../../../Engine/Content/EngineMaterials/Substrate/Glints2/dict_0001_0182.uasset" 4176
"../../../Engine/Content/EngineMaterials/Substrate/Glints2/dict_0001_0183.uasset" 4177
"../../../Engine/Content/EngineMaterials/Substrate/Glints2/dict_0001_0184.uasset" 4178
"../../../Engine/Content/EngineMaterials/Substrate/Glints2/dict_0001_0185.uasset" 4179
"../../../Engine/Content/EngineMaterials/Substrate/Glints2/dict_0001_0186.uasset" 4180
"../../../Engine/Content/EngineMaterials/Substrate/Glints2/dict_0001_0187.uasset" 4181
"../../../Engine/Content/EngineMaterials/Substrate/Glints2/dict_0001_0188.uasset" 4182
"../../../Engine/Content/EngineMaterials/Substrate/Glints2/dict_0001_0189.uasset" 4183
"../../../Engine/Content/EngineMaterials/Substrate/Glints2/dict_0001_0190.uasset" 4184
"../../../Engine/Content/EngineMaterials/Substrate/Glints2/dict_0001_0191.uasset" 4185
"../../../Engine/Content/EngineMaterials/Substrate/Glints2/dict_0001_0192.uasset" 4186
"../../../Engine/Content/EngineMaterials/Substrate/Glints2/dict_0001_0193.uasset" 4187
"../../../Engine/Content/EngineMaterials/Substrate/Glints2/dict_0001_0194.uasset" 4188
"../../../Engine/Content/EngineMaterials/Substrate/Glints2/dict_0001_0195.uasset" 4189
"../../../Engine/Content/EngineMaterials/Substrate/Glints2/dict_0001_0196.uasset" 4190
"../../../Engine/Content/EngineMaterials/Substrate/Glints2/dict_0001_0197.uasset" 4191
"../../../Engine/Content/EngineMaterials/Substrate/Glints2/dict_0001_0198.uasset" 4192
"../../../Engine/Content/EngineMaterials/Substrate/Glints2/dict_0001_0199.uasset" 4193
"../../../Engine/Content/EngineMaterials/Substrate/Glints2/dict_0001_0200.uasset" 4194
"../../../Engine/Content/EngineMaterials/Substrate/Glints2/dict_0001_0201.uasset" 4195
"../../../Engine/Content/EngineMaterials/Substrate/Glints2/dict_0001_0202.uasset" 4196
"../../../Engine/Content/EngineMaterials/Substrate/Glints2/dict_0001_0203.uasset" 4197
"../../../Engine/Content/EngineMaterials/Substrate/Glints2/dict_0001_0204.uasset" 4198
"../../../Engine/Content/EngineMaterials/Substrate/Glints2/dict_0001_0205.uasset" 4199
"../../../Engine/Content/EngineMaterials/Substrate/Glints2/dict_0001_0206.uasset" 4200
"../../../Engine/Content/EngineMaterials/Substrate/Glints2/dict_0001_0207.uasset" 4201
"../../../Engine/Content/EngineMaterials/Substrate/Glints2/dict_0001_0208.uasset" 4202
"../../../Engine/Content/EngineMaterials/Substrate/Glints2/dict_0001_0209.uasset" 4203
"../../../Engine/Content/EngineMaterials/Substrate/Glints2/dict_0001_0210.uasset" 4204
"../../../Engine/Content/EngineMaterials/Substrate/Glints2/dict_0001_0211.uasset" 4205
"../../../Engine/Content/EngineMaterials/Substrate/Glints2/dict_0001_0212.uasset" 4206
"../../../Engine/Content/EngineMaterials/Substrate/Glints2/dict_0001_0213.uasset" 4207
"../../../Engine/Content/EngineMaterials/Substrate/Glints2/dict_0001_0214.uasset" 4208
"../../../Engine/Content/EngineMaterials/Substrate/Glints2/dict_0001_0215.uasset" 4209
"../../../Engine/Content/EngineMaterials/Substrate/Glints2/dict_0001_0216.uasset" 4210
"../../../Engine/Content/EngineMaterials/Substrate/Glints2/dict_0001_0217.uasset" 4211
"../../../Engine/Content/EngineMaterials/Substrate/Glints2/dict_0001_0218.uasset" 4212
"../../../Engine/Content/EngineMaterials/Substrate/Glints2/dict_0001_0219.uasset" 4213
"../../../Engine/Content/EngineMaterials/Substrate/Glints2/dict_0001_0220.uasset" 4214
"../../../Engine/Content/EngineMaterials/Substrate/Glints2/dict_0001_0221.uasset" 4215
"../../../Engine/Content/EngineMaterials/Substrate/Glints2/dict_0001_0222.uasset" 4216
"../../../Engine/Content/EngineMaterials/Substrate/Glints2/dict_0001_0223.uasset" 4217
"../../../Engine/Content/EngineMaterials/Substrate/Glints2/dict_0001_0224.uasset" 4218
"../../../Engine/Content/EngineMaterials/Substrate/Glints2/dict_0001_0225.uasset" 4219
"../../../Engine/Content/EngineMaterials/Substrate/Glints2/dict_0001_0226.uasset" 4220
"../../../Engine/Content/EngineMaterials/Substrate/Glints2/dict_0001_0227.uasset" 4221
"../../../Engine/Content/EngineMaterials/Substrate/Glints2/dict_0001_0228.uasset" 4222
"../../../Engine/Content/EngineMaterials/Substrate/Glints2/dict_0001_0229.uasset" 4223
"../../../Engine/Content/EngineMaterials/Substrate/Glints2/dict_0001_0230.uasset" 4224
"../../../Engine/Content/EngineMaterials/Substrate/Glints2/dict_0001_0231.uasset" 4225
"../../../Engine/Content/EngineMaterials/Substrate/Glints2/dict_0001_0232.uasset" 4226
"../../../Engine/Content/EngineMaterials/Substrate/Glints2/dict_0001_0233.uasset" 4227
"../../../Engine/Content/EngineMaterials/Substrate/Glints2/dict_0001_0234.uasset" 4228
"../../../Engine/Content/EngineMaterials/Substrate/Glints2/dict_0001_0235.uasset" 4229
"../../../Engine/Content/EngineMaterials/Substrate/Glints2/dict_0001_0236.uasset" 4230
"../../../Engine/Content/EngineMaterials/Substrate/Glints2/dict_0001_0237.uasset" 4231
"../../../Engine/Content/EngineMaterials/Substrate/Glints2/dict_0001_0238.uasset" 4232
"../../../Engine/Content/EngineMaterials/Substrate/Glints2/dict_0001_0239.uasset" 4233
"../../../Engine/Content/EngineMaterials/Substrate/Glints2/dict_0001_0240.uasset" 4234
"../../../Engine/Content/EngineMaterials/Substrate/Glints2/dict_0001_0241.uasset" 4235
"../../../Engine/Content/EngineMaterials/Substrate/Glints2/dict_0001_0242.uasset" 4236
"../../../Engine/Content/EngineMaterials/Substrate/Glints2/dict_0001_0243.uasset" 4237
"../../../Engine/Content/EngineMaterials/Substrate/Glints2/dict_0001_0244.uasset" 4238
"../../../Engine/Content/EngineMaterials/Substrate/Glints2/dict_0001_0245.uasset" 4239
"../../../Engine/Content/EngineMaterials/Substrate/Glints2/dict_0001_0246.uasset" 4240
"../../../Engine/Content/EngineMaterials/Substrate/Glints2/dict_0001_0247.uasset" 4241
"../../../Engine/Content/EngineMaterials/Substrate/Glints2/dict_0001_0248.uasset" 4242
"../../../Engine/Content/EngineMaterials/Substrate/Glints2/dict_0001_0249.uasset" 4243
"../../../Engine/Content/EngineMaterials/Substrate/Glints2/dict_0001_0250.uasset" 4244
"../../../Engine/Content/EngineMaterials/Substrate/Glints2/dict_0001_0251.uasset" 4245
"../../../Engine/Content/EngineMaterials/Substrate/Glints2/dict_0001_0252.uasset" 4246
"../../../Engine/Content/EngineMaterials/Substrate/Glints2/dict_0001_0253.uasset" 4247
"../../../Engine/Content/EngineMaterials/Substrate/Glints2/dict_0001_0254.uasset" 4248
"../../../Engine/Content/EngineMaterials/Substrate/Glints2/dict_0001_0255.uasset" 4249
"../../../Engine/Content/EngineMaterials/Substrate/Glints2/dict_0002_0000.uasset" 4250
"../../../Engine/Content/EngineMaterials/Substrate/Glints2/dict_0002_0001.uasset" 4251
"../../../Engine/Content/EngineMaterials/Substrate/Glints2/dict_0002_0002.uasset" 4252
"../../../Engine/Content/EngineMaterials/Substrate/Glints2/dict_0002_0003.uasset" 4253
"../../../Engine/Content/EngineMaterials/Substrate/Glints2/dict_0002_0004.uasset" 4254
"../../../Engine/Content/EngineMaterials/Substrate/Glints2/dict_0002_0005.uasset" 4255
"../../../Engine/Content/EngineMaterials/Substrate/Glints2/dict_0002_0006.uasset" 4256
"../../../Engine/Content/EngineMaterials/Substrate/Glints2/dict_0002_0007.uasset" 4257
"../../../Engine/Content/EngineMaterials/Substrate/Glints2/dict_0002_0008.uasset" 4258
"../../../Engine/Content/EngineMaterials/Substrate/Glints2/dict_0002_0009.uasset" 4259
"../../../Engine/Content/EngineMaterials/Substrate/Glints2/dict_0002_0010.uasset" 4260
"../../../Engine/Content/EngineMaterials/Substrate/Glints2/dict_0002_0011.uasset" 4261
"../../../Engine/Content/EngineMaterials/Substrate/Glints2/dict_0002_0012.uasset" 4262
"../../../Engine/Content/EngineMaterials/Substrate/Glints2/dict_0002_0013.uasset" 4263
"../../../Engine/Content/EngineMaterials/Substrate/Glints2/dict_0002_0014.uasset" 4264
"../../../Engine/Content/EngineMaterials/Substrate/Glints2/dict_0002_0015.uasset" 4265
"../../../Engine/Content/EngineMaterials/Substrate/Glints2/dict_0002_0016.uasset" 4266
"../../../Engine/Content/EngineMaterials/Substrate/Glints2/dict_0002_0017.uasset" 4267
"../../../Engine/Content/EngineMaterials/Substrate/Glints2/dict_0002_0018.uasset" 4268
"../../../Engine/Content/EngineMaterials/Substrate/Glints2/dict_0002_0019.uasset" 4269
"../../../Engine/Content/EngineMaterials/Substrate/Glints2/dict_0002_0020.uasset" 4270
"../../../Engine/Content/EngineMaterials/Substrate/Glints2/dict_0002_0021.uasset" 4271
"../../../Engine/Content/EngineMaterials/Substrate/Glints2/dict_0002_0022.uasset" 4272
"../../../Engine/Content/EngineMaterials/Substrate/Glints2/dict_0002_0023.uasset" 4273
"../../../Engine/Content/EngineMaterials/Substrate/Glints2/dict_0002_0024.uasset" 4274
"../../../Engine/Content/EngineMaterials/Substrate/Glints2/dict_0002_0025.uasset" 4275
"../../../Engine/Content/EngineMaterials/Substrate/Glints2/dict_0002_0026.uasset" 4276
"../../../Engine/Content/EngineMaterials/Substrate/Glints2/dict_0002_0027.uasset" 4277
"../../../Engine/Content/EngineMaterials/Substrate/Glints2/dict_0002_0028.uasset" 4278
"../../../Engine/Content/EngineMaterials/Substrate/Glints2/dict_0002_0029.uasset" 4279
"../../../Engine/Content/EngineMaterials/Substrate/Glints2/dict_0002_0030.uasset" 4280
"../../../Engine/Content/EngineMaterials/Substrate/Glints2/dict_0002_0031.uasset" 4281
"../../../Engine/Content/EngineMaterials/Substrate/Glints2/dict_0002_0032.uasset" 4282
"../../../Engine/Content/EngineMaterials/Substrate/Glints2/dict_0002_0033.uasset" 4283
"../../../Engine/Content/EngineMaterials/Substrate/Glints2/dict_0002_0034.uasset" 4284
"../../../Engine/Content/EngineMaterials/Substrate/Glints2/dict_0002_0035.uasset" 4285
"../../../Engine/Content/EngineMaterials/Substrate/Glints2/dict_0002_0036.uasset" 4286
"../../../Engine/Content/EngineMaterials/Substrate/Glints2/dict_0002_0037.uasset" 4287
"../../../Engine/Content/EngineMaterials/Substrate/Glints2/dict_0002_0038.uasset" 4288
"../../../Engine/Content/EngineMaterials/Substrate/Glints2/dict_0002_0039.uasset" 4289
"../../../Engine/Content/EngineMaterials/Substrate/Glints2/dict_0002_0040.uasset" 4290
"../../../Engine/Content/EngineMaterials/Substrate/Glints2/dict_0002_0041.uasset" 4291
"../../../Engine/Content/EngineMaterials/Substrate/Glints2/dict_0002_0042.uasset" 4292
"../../../Engine/Content/EngineMaterials/Substrate/Glints2/dict_0002_0043.uasset" 4293
"../../../Engine/Content/EngineMaterials/Substrate/Glints2/dict_0002_0044.uasset" 4294
"../../../Engine/Content/EngineMaterials/Substrate/Glints2/dict_0002_0045.uasset" 4295
"../../../Engine/Content/EngineMaterials/Substrate/Glints2/dict_0002_0046.uasset" 4296
"../../../Engine/Content/EngineMaterials/Substrate/Glints2/dict_0002_0047.uasset" 4297
"../../../Engine/Content/EngineMaterials/Substrate/Glints2/dict_0002_0048.uasset" 4298
"../../../Engine/Content/EngineMaterials/Substrate/Glints2/dict_0002_0049.uasset" 4299
"../../../Engine/Content/EngineMaterials/Substrate/Glints2/dict_0002_0050.uasset" 4300
"../../../Engine/Content/EngineMaterials/Substrate/Glints2/dict_0002_0051.uasset" 4301
"../../../Engine/Content/EngineMaterials/Substrate/Glints2/dict_0002_0052.uasset" 4302
"../../../Engine/Content/EngineMaterials/Substrate/Glints2/dict_0002_0053.uasset" 4303
"../../../Engine/Content/EngineMaterials/Substrate/Glints2/dict_0002_0054.uasset" 4304
"../../../Engine/Content/EngineMaterials/Substrate/Glints2/dict_0002_0055.uasset" 4305
"../../../Engine/Content/EngineMaterials/Substrate/Glints2/dict_0002_0056.uasset" 4306
"../../../Engine/Content/EngineMaterials/Substrate/Glints2/dict_0002_0057.uasset" 4307
"../../../Engine/Content/EngineMaterials/Substrate/Glints2/dict_0002_0058.uasset" 4308
"../../../Engine/Content/EngineMaterials/Substrate/Glints2/dict_0002_0059.uasset" 4309
"../../../Engine/Content/EngineMaterials/Substrate/Glints2/dict_0002_0060.uasset" 4310
"../../../Engine/Content/EngineMaterials/Substrate/Glints2/dict_0002_0061.uasset" 4311
"../../../Engine/Content/EngineMaterials/Substrate/Glints2/dict_0002_0062.uasset" 4312
"../../../Engine/Content/EngineMaterials/Substrate/Glints2/dict_0002_0063.uasset" 4313
"../../../Engine/Content/EngineMaterials/Substrate/Glints2/dict_0002_0064.uasset" 4314
"../../../Engine/Content/EngineMaterials/Substrate/Glints2/dict_0002_0065.uasset" 4315
"../../../Engine/Content/EngineMaterials/Substrate/Glints2/dict_0002_0066.uasset" 4316
"../../../Engine/Content/EngineMaterials/Substrate/Glints2/dict_0002_0067.uasset" 4317
"../../../Engine/Content/EngineMaterials/Substrate/Glints2/dict_0002_0068.uasset" 4318
"../../../Engine/Content/EngineMaterials/Substrate/Glints2/dict_0002_0069.uasset" 4319
"../../../Engine/Content/EngineMaterials/Substrate/Glints2/dict_0002_0070.uasset" 4320
"../../../Engine/Content/EngineMaterials/Substrate/Glints2/dict_0002_0071.uasset" 4321
"../../../Engine/Content/EngineMaterials/Substrate/Glints2/dict_0002_0072.uasset" 4322
"../../../Engine/Content/EngineMaterials/Substrate/Glints2/dict_0002_0073.uasset" 4323
"../../../Engine/Content/EngineMaterials/Substrate/Glints2/dict_0002_0074.uasset" 4324
"../../../Engine/Content/EngineMaterials/Substrate/Glints2/dict_0002_0075.uasset" 4325
"../../../Engine/Content/EngineMaterials/Substrate/Glints2/dict_0002_0076.uasset" 4326
"../../../Engine/Content/EngineMaterials/Substrate/Glints2/dict_0002_0077.uasset" 4327
"../../../Engine/Content/EngineMaterials/Substrate/Glints2/dict_0002_0078.uasset" 4328
"../../../Engine/Content/EngineMaterials/Substrate/Glints2/dict_0002_0079.uasset" 4329
"../../../Engine/Content/EngineMaterials/Substrate/Glints2/dict_0002_0080.uasset" 4330
"../../../Engine/Content/EngineMaterials/Substrate/Glints2/dict_0002_0081.uasset" 4331
"../../../Engine/Content/EngineMaterials/Substrate/Glints2/dict_0002_0082.uasset" 4332
"../../../Engine/Content/EngineMaterials/Substrate/Glints2/dict_0002_0083.uasset" 4333
"../../../Engine/Content/EngineMaterials/Substrate/Glints2/dict_0002_0084.uasset" 4334
"../../../Engine/Content/EngineMaterials/Substrate/Glints2/dict_0002_0085.uasset" 4335
"../../../Engine/Content/EngineMaterials/Substrate/Glints2/dict_0002_0086.uasset" 4336
"../../../Engine/Content/EngineMaterials/Substrate/Glints2/dict_0002_0087.uasset" 4337
"../../../Engine/Content/EngineMaterials/Substrate/Glints2/dict_0002_0088.uasset" 4338
"../../../Engine/Content/EngineMaterials/Substrate/Glints2/dict_0002_0089.uasset" 4339
"../../../Engine/Content/EngineMaterials/Substrate/Glints2/dict_0002_0090.uasset" 4340
"../../../Engine/Content/EngineMaterials/Substrate/Glints2/dict_0002_0091.uasset" 4341
"../../../Engine/Content/EngineMaterials/Substrate/Glints2/dict_0002_0092.uasset" 4342
"../../../Engine/Content/EngineMaterials/Substrate/Glints2/dict_0002_0093.uasset" 4343
"../../../Engine/Content/EngineMaterials/Substrate/Glints2/dict_0002_0094.uasset" 4344
"../../../Engine/Content/EngineMaterials/Substrate/Glints2/dict_0002_0095.uasset" 4345
"../../../Engine/Content/EngineMaterials/Substrate/Glints2/dict_0002_0096.uasset" 4346
"../../../Engine/Content/EngineMaterials/Substrate/Glints2/dict_0002_0097.uasset" 4347
"../../../Engine/Content/EngineMaterials/Substrate/Glints2/dict_0002_0098.uasset" 4348
"../../../Engine/Content/EngineMaterials/Substrate/Glints2/dict_0002_0099.uasset" 4349
"../../../Engine/Content/EngineMaterials/Substrate/Glints2/dict_0002_0100.uasset" 4350
"../../../Engine/Content/EngineMaterials/Substrate/Glints2/dict_0002_0101.uasset" 4351
"../../../Engine/Content/EngineMaterials/Substrate/Glints2/dict_0002_0102.uasset" 4352
"../../../Engine/Content/EngineMaterials/Substrate/Glints2/dict_0002_0103.uasset" 4353
"../../../Engine/Content/EngineMaterials/Substrate/Glints2/dict_0002_0104.uasset" 4354
"../../../Engine/Content/EngineMaterials/Substrate/Glints2/dict_0002_0105.uasset" 4355
"../../../Engine/Content/EngineMaterials/Substrate/Glints2/dict_0002_0106.uasset" 4356
"../../../Engine/Content/EngineMaterials/Substrate/Glints2/dict_0002_0107.uasset" 4357
"../../../Engine/Content/EngineMaterials/Substrate/Glints2/dict_0002_0108.uasset" 4358
"../../../Engine/Content/EngineMaterials/Substrate/Glints2/dict_0002_0109.uasset" 4359
"../../../Engine/Content/EngineMaterials/Substrate/Glints2/dict_0002_0110.uasset" 4360
"../../../Engine/Content/EngineMaterials/Substrate/Glints2/dict_0002_0111.uasset" 4361
"../../../Engine/Content/EngineMaterials/Substrate/Glints2/dict_0002_0112.uasset" 4362
"../../../Engine/Content/EngineMaterials/Substrate/Glints2/dict_0002_0113.uasset" 4363
"../../../Engine/Content/EngineMaterials/Substrate/Glints2/dict_0002_0114.uasset" 4364
"../../../Engine/Content/EngineMaterials/Substrate/Glints2/dict_0002_0115.uasset" 4365
"../../../Engine/Content/EngineMaterials/Substrate/Glints2/dict_0002_0116.uasset" 4366
"../../../Engine/Content/EngineMaterials/Substrate/Glints2/dict_0002_0117.uasset" 4367
"../../../Engine/Content/EngineMaterials/Substrate/Glints2/dict_0002_0118.uasset" 4368
"../../../Engine/Content/EngineMaterials/Substrate/Glints2/dict_0002_0119.uasset" 4369
"../../../Engine/Content/EngineMaterials/Substrate/Glints2/dict_0002_0120.uasset" 4370
"../../../Engine/Content/EngineMaterials/Substrate/Glints2/dict_0002_0121.uasset" 4371
"../../../Engine/Content/EngineMaterials/Substrate/Glints2/dict_0002_0122.uasset" 4372
"../../../Engine/Content/EngineMaterials/Substrate/Glints2/dict_0002_0123.uasset" 4373
"../../../Engine/Content/EngineMaterials/Substrate/Glints2/dict_0002_0124.uasset" 4374
"../../../Engine/Content/EngineMaterials/Substrate/Glints2/dict_0002_0125.uasset" 4375
"../../../Engine/Content/EngineMaterials/Substrate/Glints2/dict_0002_0126.uasset" 4376
"../../../Engine/Content/EngineMaterials/Substrate/Glints2/dict_0002_0127.uasset" 4377
"../../../Engine/Content/EngineMaterials/Substrate/Glints2/dict_0002_0128.uasset" 4378
"../../../Engine/Content/EngineMaterials/Substrate/Glints2/dict_0002_0129.uasset" 4379
"../../../Engine/Content/EngineMaterials/Substrate/Glints2/dict_0002_0130.uasset" 4380
"../../../Engine/Content/EngineMaterials/Substrate/Glints2/dict_0002_0131.uasset" 4381
"../../../Engine/Content/EngineMaterials/Substrate/Glints2/dict_0002_0132.uasset" 4382
"../../../Engine/Content/EngineMaterials/Substrate/Glints2/dict_0002_0133.uasset" 4383
"../../../Engine/Content/EngineMaterials/Substrate/Glints2/dict_0002_0134.uasset" 4384
"../../../Engine/Content/EngineMaterials/Substrate/Glints2/dict_0002_0135.uasset" 4385
"../../../Engine/Content/EngineMaterials/Substrate/Glints2/dict_0002_0136.uasset" 4386
"../../../Engine/Content/EngineMaterials/Substrate/Glints2/dict_0002_0137.uasset" 4387
"../../../Engine/Content/EngineMaterials/Substrate/Glints2/dict_0002_0138.uasset" 4388
"../../../Engine/Content/EngineMaterials/Substrate/Glints2/dict_0002_0139.uasset" 4389
"../../../Engine/Content/EngineMaterials/Substrate/Glints2/dict_0002_0140.uasset" 4390
"../../../Engine/Content/EngineMaterials/Substrate/Glints2/dict_0002_0141.uasset" 4391
"../../../Engine/Content/EngineMaterials/Substrate/Glints2/dict_0002_0142.uasset" 4392
"../../../Engine/Content/EngineMaterials/Substrate/Glints2/dict_0002_0143.uasset" 4393
"../../../Engine/Content/EngineMaterials/Substrate/Glints2/dict_0002_0144.uasset" 4394
"../../../Engine/Content/EngineMaterials/Substrate/Glints2/dict_0002_0145.uasset" 4395
"../../../Engine/Content/EngineMaterials/Substrate/Glints2/dict_0002_0146.uasset" 4396
"../../../Engine/Content/EngineMaterials/Substrate/Glints2/dict_0002_0147.uasset" 4397
"../../../Engine/Content/EngineMaterials/Substrate/Glints2/dict_0002_0148.uasset" 4398
"../../../Engine/Content/EngineMaterials/Substrate/Glints2/dict_0002_0149.uasset" 4399
"../../../Engine/Content/EngineMaterials/Substrate/Glints2/dict_0002_0150.uasset" 4400
"../../../Engine/Content/EngineMaterials/Substrate/Glints2/dict_0002_0151.uasset" 4401
"../../../Engine/Content/EngineMaterials/Substrate/Glints2/dict_0002_0152.uasset" 4402
"../../../Engine/Content/EngineMaterials/Substrate/Glints2/dict_0002_0153.uasset" 4403
"../../../Engine/Content/EngineMaterials/Substrate/Glints2/dict_0002_0154.uasset" 4404
"../../../Engine/Content/EngineMaterials/Substrate/Glints2/dict_0002_0155.uasset" 4405
"../../../Engine/Content/EngineMaterials/Substrate/Glints2/dict_0002_0156.uasset" 4406
"../../../Engine/Content/EngineMaterials/Substrate/Glints2/dict_0002_0157.uasset" 4407
"../../../Engine/Content/EngineMaterials/Substrate/Glints2/dict_0002_0158.uasset" 4408
"../../../Engine/Content/EngineMaterials/Substrate/Glints2/dict_0002_0159.uasset" 4409
"../../../Engine/Content/EngineMaterials/Substrate/Glints2/dict_0002_0160.uasset" 4410
"../../../Engine/Content/EngineMaterials/Substrate/Glints2/dict_0002_0161.uasset" 4411
"../../../Engine/Content/EngineMaterials/Substrate/Glints2/dict_0002_0162.uasset" 4412
"../../../Engine/Content/EngineMaterials/Substrate/Glints2/dict_0002_0163.uasset" 4413
"../../../Engine/Content/EngineMaterials/Substrate/Glints2/dict_0002_0164.uasset" 4414
"../../../Engine/Content/EngineMaterials/Substrate/Glints2/dict_0002_0165.uasset" 4415
"../../../Engine/Content/EngineMaterials/Substrate/Glints2/dict_0002_0166.uasset" 4416
"../../../Engine/Content/EngineMaterials/Substrate/Glints2/dict_0002_0167.uasset" 4417
"../../../Engine/Content/EngineMaterials/Substrate/Glints2/dict_0002_0168.uasset" 4418
"../../../Engine/Content/EngineMaterials/Substrate/Glints2/dict_0002_0169.uasset" 4419
"../../../Engine/Content/EngineMaterials/Substrate/Glints2/dict_0002_0170.uasset" 4420
"../../../Engine/Content/EngineMaterials/Substrate/Glints2/dict_0002_0171.uasset" 4421
"../../../Engine/Content/EngineMaterials/Substrate/Glints2/dict_0002_0172.uasset" 4422
"../../../Engine/Content/EngineMaterials/Substrate/Glints2/dict_0002_0173.uasset" 4423
"../../../Engine/Content/EngineMaterials/Substrate/Glints2/dict_0002_0174.uasset" 4424
"../../../Engine/Content/EngineMaterials/Substrate/Glints2/dict_0002_0175.uasset" 4425
"../../../Engine/Content/EngineMaterials/Substrate/Glints2/dict_0002_0176.uasset" 4426
"../../../Engine/Content/EngineMaterials/Substrate/Glints2/dict_0002_0177.uasset" 4427
"../../../Engine/Content/EngineMaterials/Substrate/Glints2/dict_0002_0178.uasset" 4428
"../../../Engine/Content/EngineMaterials/Substrate/Glints2/dict_0002_0179.uasset" 4429
"../../../Engine/Content/EngineMaterials/Substrate/Glints2/dict_0002_0180.uasset" 4430
"../../../Engine/Content/EngineMaterials/Substrate/Glints2/dict_0002_0181.uasset" 4431
"../../../Engine/Content/EngineMaterials/Substrate/Glints2/dict_0002_0182.uasset" 4432
"../../../Engine/Content/EngineMaterials/Substrate/Glints2/dict_0002_0183.uasset" 4433
"../../../Engine/Content/EngineMaterials/Substrate/Glints2/dict_0002_0184.uasset" 4434
"../../../Engine/Content/EngineMaterials/Substrate/Glints2/dict_0002_0185.uasset" 4435
"../../../Engine/Content/EngineMaterials/Substrate/Glints2/dict_0002_0186.uasset" 4436
"../../../Engine/Content/EngineMaterials/Substrate/Glints2/dict_0002_0187.uasset" 4437
"../../../Engine/Content/EngineMaterials/Substrate/Glints2/dict_0002_0188.uasset" 4438
"../../../Engine/Content/EngineMaterials/Substrate/Glints2/dict_0002_0189.uasset" 4439
"../../../Engine/Content/EngineMaterials/Substrate/Glints2/dict_0002_0190.uasset" 4440
"../../../Engine/Content/EngineMaterials/Substrate/Glints2/dict_0002_0191.uasset" 4441
"../../../Engine/Content/EngineMaterials/Substrate/Glints2/dict_0002_0192.uasset" 4442
"../../../Engine/Content/EngineMaterials/Substrate/Glints2/dict_0002_0193.uasset" 4443
"../../../Engine/Content/EngineMaterials/Substrate/Glints2/dict_0002_0194.uasset" 4444
"../../../Engine/Content/EngineMaterials/Substrate/Glints2/dict_0002_0195.uasset" 4445
"../../../Engine/Content/EngineMaterials/Substrate/Glints2/dict_0002_0196.uasset" 4446
"../../../Engine/Content/EngineMaterials/Substrate/Glints2/dict_0002_0197.uasset" 4447
"../../../Engine/Content/EngineMaterials/Substrate/Glints2/dict_0002_0198.uasset" 4448
"../../../Engine/Content/EngineMaterials/Substrate/Glints2/dict_0002_0199.uasset" 4449
"../../../Engine/Content/EngineMaterials/Substrate/Glints2/dict_0002_0200.uasset" 4450
"../../../Engine/Content/EngineMaterials/Substrate/Glints2/dict_0002_0201.uasset" 4451
"../../../Engine/Content/EngineMaterials/Substrate/Glints2/dict_0002_0202.uasset" 4452
"../../../Engine/Content/EngineMaterials/Substrate/Glints2/dict_0002_0203.uasset" 4453
"../../../Engine/Content/EngineMaterials/Substrate/Glints2/dict_0002_0204.uasset" 4454
"../../../Engine/Content/EngineMaterials/Substrate/Glints2/dict_0002_0205.uasset" 4455
"../../../Engine/Content/EngineMaterials/Substrate/Glints2/dict_0002_0206.uasset" 4456
"../../../Engine/Content/EngineMaterials/Substrate/Glints2/dict_0002_0207.uasset" 4457
"../../../Engine/Content/EngineMaterials/Substrate/Glints2/dict_0002_0208.uasset" 4458
"../../../Engine/Content/EngineMaterials/Substrate/Glints2/dict_0002_0209.uasset" 4459
"../../../Engine/Content/EngineMaterials/Substrate/Glints2/dict_0002_0210.uasset" 4460
"../../../Engine/Content/EngineMaterials/Substrate/Glints2/dict_0002_0211.uasset" 4461
"../../../Engine/Content/EngineMaterials/Substrate/Glints2/dict_0002_0212.uasset" 4462
"../../../Engine/Content/EngineMaterials/Substrate/Glints2/dict_0002_0213.uasset" 4463
"../../../Engine/Content/EngineMaterials/Substrate/Glints2/dict_0002_0214.uasset" 4464
"../../../Engine/Content/EngineMaterials/Substrate/Glints2/dict_0002_0215.uasset" 4465
"../../../Engine/Content/EngineMaterials/Substrate/Glints2/dict_0002_0216.uasset" 4466
"../../../Engine/Content/EngineMaterials/Substrate/Glints2/dict_0002_0217.uasset" 4467
"../../../Engine/Content/EngineMaterials/Substrate/Glints2/dict_0002_0218.uasset" 4468
"../../../Engine/Content/EngineMaterials/Substrate/Glints2/dict_0002_0219.uasset" 4469
"../../../Engine/Content/EngineMaterials/Substrate/Glints2/dict_0002_0220.uasset" 4470
"../../../Engine/Content/EngineMaterials/Substrate/Glints2/dict_0002_0221.uasset" 4471
"../../../Engine/Content/EngineMaterials/Substrate/Glints2/dict_0002_0222.uasset" 4472
"../../../Engine/Content/EngineMaterials/Substrate/Glints2/dict_0002_0223.uasset" 4473
"../../../Engine/Content/EngineMaterials/Substrate/Glints2/dict_0002_0224.uasset" 4474
"../../../Engine/Content/EngineMaterials/Substrate/Glints2/dict_0002_0225.uasset" 4475
"../../../Engine/Content/EngineMaterials/Substrate/Glints2/dict_0002_0226.uasset" 4476
"../../../Engine/Content/EngineMaterials/Substrate/Glints2/dict_0002_0227.uasset" 4477
"../../../Engine/Content/EngineMaterials/Substrate/Glints2/dict_0002_0228.uasset" 4478
"../../../Engine/Content/EngineMaterials/Substrate/Glints2/dict_0002_0229.uasset" 4479
"../../../Engine/Content/EngineMaterials/Substrate/Glints2/dict_0002_0230.uasset" 4480
"../../../Engine/Content/EngineMaterials/Substrate/Glints2/dict_0002_0231.uasset" 4481
"../../../Engine/Content/EngineMaterials/Substrate/Glints2/dict_0002_0232.uasset" 4482
"../../../Engine/Content/EngineMaterials/Substrate/Glints2/dict_0002_0233.uasset" 4483
"../../../Engine/Content/EngineMaterials/Substrate/Glints2/dict_0002_0234.uasset" 4484
"../../../Engine/Content/EngineMaterials/Substrate/Glints2/dict_0002_0235.uasset" 4485
"../../../Engine/Content/EngineMaterials/Substrate/Glints2/dict_0002_0236.uasset" 4486
"../../../Engine/Content/EngineMaterials/Substrate/Glints2/dict_0002_0237.uasset" 4487
"../../../Engine/Content/EngineMaterials/Substrate/Glints2/dict_0002_0238.uasset" 4488
"../../../Engine/Content/EngineMaterials/Substrate/Glints2/dict_0002_0239.uasset" 4489
"../../../Engine/Content/EngineMaterials/Substrate/Glints2/dict_0002_0240.uasset" 4490
"../../../Engine/Content/EngineMaterials/Substrate/Glints2/dict_0002_0241.uasset" 4491
"../../../Engine/Content/EngineMaterials/Substrate/Glints2/dict_0002_0242.uasset" 4492
"../../../Engine/Content/EngineMaterials/Substrate/Glints2/dict_0002_0243.uasset" 4493
"../../../Engine/Content/EngineMaterials/Substrate/Glints2/dict_0002_0244.uasset" 4494
"../../../Engine/Content/EngineMaterials/Substrate/Glints2/dict_0002_0245.uasset" 4495
"../../../Engine/Content/EngineMaterials/Substrate/Glints2/dict_0002_0246.uasset" 4496
"../../../Engine/Content/EngineMaterials/Substrate/Glints2/dict_0002_0247.uasset" 4497
"../../../Engine/Content/EngineMaterials/Substrate/Glints2/dict_0002_0248.uasset" 4498
"../../../Engine/Content/EngineMaterials/Substrate/Glints2/dict_0002_0249.uasset" 4499
"../../../Engine/Content/EngineMaterials/Substrate/Glints2/dict_0002_0250.uasset" 4500
"../../../Engine/Content/EngineMaterials/Substrate/Glints2/dict_0002_0251.uasset" 4501
"../../../Engine/Content/EngineMaterials/Substrate/Glints2/dict_0002_0252.uasset" 4502
"../../../Engine/Content/EngineMaterials/Substrate/Glints2/dict_0002_0253.uasset" 4503
"../../../Engine/Content/EngineMaterials/Substrate/Glints2/dict_0002_0254.uasset" 4504
"../../../Engine/Content/EngineMaterials/Substrate/Glints2/dict_0002_0255.uasset" 4505
"../../../Engine/Content/EngineMaterials/Substrate/Glints2/dict_0003_0000.uasset" 4506
"../../../Engine/Content/EngineMaterials/Substrate/Glints2/dict_0003_0001.uasset" 4507
"../../../Engine/Content/EngineMaterials/Substrate/Glints2/dict_0003_0002.uasset" 4508
"../../../Engine/Content/EngineMaterials/Substrate/Glints2/dict_0003_0003.uasset" 4509
"../../../Engine/Content/EngineMaterials/Substrate/Glints2/dict_0003_0004.uasset" 4510
"../../../Engine/Content/EngineMaterials/Substrate/Glints2/dict_0003_0005.uasset" 4511
"../../../Engine/Content/EngineMaterials/Substrate/Glints2/dict_0003_0006.uasset" 4512
"../../../Engine/Content/EngineMaterials/Substrate/Glints2/dict_0003_0007.uasset" 4513
"../../../Engine/Content/EngineMaterials/Substrate/Glints2/dict_0003_0008.uasset" 4514
"../../../Engine/Content/EngineMaterials/Substrate/Glints2/dict_0003_0009.uasset" 4515
"../../../Engine/Content/EngineMaterials/Substrate/Glints2/dict_0003_0010.uasset" 4516
"../../../Engine/Content/EngineMaterials/Substrate/Glints2/dict_0003_0011.uasset" 4517
"../../../Engine/Content/EngineMaterials/Substrate/Glints2/dict_0003_0012.uasset" 4518
"../../../Engine/Content/EngineMaterials/Substrate/Glints2/dict_0003_0013.uasset" 4519
"../../../Engine/Content/EngineMaterials/Substrate/Glints2/dict_0003_0014.uasset" 4520
"../../../Engine/Content/EngineMaterials/Substrate/Glints2/dict_0003_0015.uasset" 4521
"../../../Engine/Content/EngineMaterials/Substrate/Glints2/dict_0003_0016.uasset" 4522
"../../../Engine/Content/EngineMaterials/Substrate/Glints2/dict_0003_0017.uasset" 4523
"../../../Engine/Content/EngineMaterials/Substrate/Glints2/dict_0003_0018.uasset" 4524
"../../../Engine/Content/EngineMaterials/Substrate/Glints2/dict_0003_0019.uasset" 4525
"../../../Engine/Content/EngineMaterials/Substrate/Glints2/dict_0003_0020.uasset" 4526
"../../../Engine/Content/EngineMaterials/Substrate/Glints2/dict_0003_0021.uasset" 4527
"../../../Engine/Content/EngineMaterials/Substrate/Glints2/dict_0003_0022.uasset" 4528
"../../../Engine/Content/EngineMaterials/Substrate/Glints2/dict_0003_0023.uasset" 4529
"../../../Engine/Content/EngineMaterials/Substrate/Glints2/dict_0003_0024.uasset" 4530
"../../../Engine/Content/EngineMaterials/Substrate/Glints2/dict_0003_0025.uasset" 4531
"../../../Engine/Content/EngineMaterials/Substrate/Glints2/dict_0003_0026.uasset" 4532
"../../../Engine/Content/EngineMaterials/Substrate/Glints2/dict_0003_0027.uasset" 4533
"../../../Engine/Content/EngineMaterials/Substrate/Glints2/dict_0003_0028.uasset" 4534
"../../../Engine/Content/EngineMaterials/Substrate/Glints2/dict_0003_0029.uasset" 4535
"../../../Engine/Content/EngineMaterials/Substrate/Glints2/dict_0003_0030.uasset" 4536
"../../../Engine/Content/EngineMaterials/Substrate/Glints2/dict_0003_0031.uasset" 4537
"../../../Engine/Content/EngineMaterials/Substrate/Glints2/dict_0003_0032.uasset" 4538
"../../../Engine/Content/EngineMaterials/Substrate/Glints2/dict_0003_0033.uasset" 4539
"../../../Engine/Content/EngineMaterials/Substrate/Glints2/dict_0003_0034.uasset" 4540
"../../../Engine/Content/EngineMaterials/Substrate/Glints2/dict_0003_0035.uasset" 4541
"../../../Engine/Content/EngineMaterials/Substrate/Glints2/dict_0003_0036.uasset" 4542
"../../../Engine/Content/EngineMaterials/Substrate/Glints2/dict_0003_0037.uasset" 4543
"../../../Engine/Content/EngineMaterials/Substrate/Glints2/dict_0003_0038.uasset" 4544
"../../../Engine/Content/EngineMaterials/Substrate/Glints2/dict_0003_0039.uasset" 4545
"../../../Engine/Content/EngineMaterials/Substrate/Glints2/dict_0003_0040.uasset" 4546
"../../../Engine/Content/EngineMaterials/Substrate/Glints2/dict_0003_0041.uasset" 4547
"../../../Engine/Content/EngineMaterials/Substrate/Glints2/dict_0003_0042.uasset" 4548
"../../../Engine/Content/EngineMaterials/Substrate/Glints2/dict_0003_0043.uasset" 4549
"../../../Engine/Content/EngineMaterials/Substrate/Glints2/dict_0003_0044.uasset" 4550
"../../../Engine/Content/EngineMaterials/Substrate/Glints2/dict_0003_0045.uasset" 4551
"../../../Engine/Content/EngineMaterials/Substrate/Glints2/dict_0003_0046.uasset" 4552
"../../../Engine/Content/EngineMaterials/Substrate/Glints2/dict_0003_0047.uasset" 4553
"../../../Engine/Content/EngineMaterials/Substrate/Glints2/dict_0003_0048.uasset" 4554
"../../../Engine/Content/EngineMaterials/Substrate/Glints2/dict_0003_0049.uasset" 4555
"../../../Engine/Content/EngineMaterials/Substrate/Glints2/dict_0003_0050.uasset" 4556
"../../../Engine/Content/EngineMaterials/Substrate/Glints2/dict_0003_0051.uasset" 4557
"../../../Engine/Content/EngineMaterials/Substrate/Glints2/dict_0003_0052.uasset" 4558
"../../../Engine/Content/EngineMaterials/Substrate/Glints2/dict_0003_0053.uasset" 4559
"../../../Engine/Content/EngineMaterials/Substrate/Glints2/dict_0003_0054.uasset" 4560
"../../../Engine/Content/EngineMaterials/Substrate/Glints2/dict_0003_0055.uasset" 4561
"../../../Engine/Content/EngineMaterials/Substrate/Glints2/dict_0003_0056.uasset" 4562
"../../../Engine/Content/EngineMaterials/Substrate/Glints2/dict_0003_0057.uasset" 4563
"../../../Engine/Content/EngineMaterials/Substrate/Glints2/dict_0003_0058.uasset" 4564
"../../../Engine/Content/EngineMaterials/Substrate/Glints2/dict_0003_0059.uasset" 4565
"../../../Engine/Content/EngineMaterials/Substrate/Glints2/dict_0003_0060.uasset" 4566
"../../../Engine/Content/EngineMaterials/Substrate/Glints2/dict_0003_0061.uasset" 4567
"../../../Engine/Content/EngineMaterials/Substrate/Glints2/dict_0003_0062.uasset" 4568
"../../../Engine/Content/EngineMaterials/Substrate/Glints2/dict_0003_0063.uasset" 4569
"../../../Engine/Content/EngineMaterials/Substrate/Glints2/dict_0003_0064.uasset" 4570
"../../../Engine/Content/EngineMaterials/Substrate/Glints2/dict_0003_0065.uasset" 4571
"../../../Engine/Content/EngineMaterials/Substrate/Glints2/dict_0003_0066.uasset" 4572
"../../../Engine/Content/EngineMaterials/Substrate/Glints2/dict_0003_0067.uasset" 4573
"../../../Engine/Content/EngineMaterials/Substrate/Glints2/dict_0003_0068.uasset" 4574
"../../../Engine/Content/EngineMaterials/Substrate/Glints2/dict_0003_0069.uasset" 4575
"../../../Engine/Content/EngineMaterials/Substrate/Glints2/dict_0003_0070.uasset" 4576
"../../../Engine/Content/EngineMaterials/Substrate/Glints2/dict_0003_0071.uasset" 4577
"../../../Engine/Content/EngineMaterials/Substrate/Glints2/dict_0003_0072.uasset" 4578
"../../../Engine/Content/EngineMaterials/Substrate/Glints2/dict_0003_0073.uasset" 4579
"../../../Engine/Content/EngineMaterials/Substrate/Glints2/dict_0003_0074.uasset" 4580
"../../../Engine/Content/EngineMaterials/Substrate/Glints2/dict_0003_0075.uasset" 4581
"../../../Engine/Content/EngineMaterials/Substrate/Glints2/dict_0003_0076.uasset" 4582
"../../../Engine/Content/EngineMaterials/Substrate/Glints2/dict_0003_0077.uasset" 4583
"../../../Engine/Content/EngineMaterials/Substrate/Glints2/dict_0003_0078.uasset" 4584
"../../../Engine/Content/EngineMaterials/Substrate/Glints2/dict_0003_0079.uasset" 4585
"../../../Engine/Content/EngineMaterials/Substrate/Glints2/dict_0003_0080.uasset" 4586
"../../../Engine/Content/EngineMaterials/Substrate/Glints2/dict_0003_0081.uasset" 4587
"../../../Engine/Content/EngineMaterials/Substrate/Glints2/dict_0003_0082.uasset" 4588
"../../../Engine/Content/EngineMaterials/Substrate/Glints2/dict_0003_0083.uasset" 4589
"../../../Engine/Content/EngineMaterials/Substrate/Glints2/dict_0003_0084.uasset" 4590
"../../../Engine/Content/EngineMaterials/Substrate/Glints2/dict_0003_0085.uasset" 4591
"../../../Engine/Content/EngineMaterials/Substrate/Glints2/dict_0003_0086.uasset" 4592
"../../../Engine/Content/EngineMaterials/Substrate/Glints2/dict_0003_0087.uasset" 4593
"../../../Engine/Content/EngineMaterials/Substrate/Glints2/dict_0003_0088.uasset" 4594
"../../../Engine/Content/EngineMaterials/Substrate/Glints2/dict_0003_0089.uasset" 4595
"../../../Engine/Content/EngineMaterials/Substrate/Glints2/dict_0003_0090.uasset" 4596
"../../../Engine/Content/EngineMaterials/Substrate/Glints2/dict_0003_0091.uasset" 4597
"../../../Engine/Content/EngineMaterials/Substrate/Glints2/dict_0003_0092.uasset" 4598
"../../../Engine/Content/EngineMaterials/Substrate/Glints2/dict_0003_0093.uasset" 4599
"../../../Engine/Content/EngineMaterials/Substrate/Glints2/dict_0003_0094.uasset" 4600
"../../../Engine/Content/EngineMaterials/Substrate/Glints2/dict_0003_0095.uasset" 4601
"../../../Engine/Content/EngineMaterials/Substrate/Glints2/dict_0003_0096.uasset" 4602
"../../../Engine/Content/EngineMaterials/Substrate/Glints2/dict_0003_0097.uasset" 4603
"../../../Engine/Content/EngineMaterials/Substrate/Glints2/dict_0003_0098.uasset" 4604
"../../../Engine/Content/EngineMaterials/Substrate/Glints2/dict_0003_0099.uasset" 4605
"../../../Engine/Content/EngineMaterials/Substrate/Glints2/dict_0003_0100.uasset" 4606
"../../../Engine/Content/EngineMaterials/Substrate/Glints2/dict_0003_0101.uasset" 4607
"../../../Engine/Content/EngineMaterials/Substrate/Glints2/dict_0003_0102.uasset" 4608
"../../../Engine/Content/EngineMaterials/Substrate/Glints2/dict_0003_0103.uasset" 4609
"../../../Engine/Content/EngineMaterials/Substrate/Glints2/dict_0003_0104.uasset" 4610
"../../../Engine/Content/EngineMaterials/Substrate/Glints2/dict_0003_0105.uasset" 4611
"../../../Engine/Content/EngineMaterials/Substrate/Glints2/dict_0003_0106.uasset" 4612
"../../../Engine/Content/EngineMaterials/Substrate/Glints2/dict_0003_0107.uasset" 4613
"../../../Engine/Content/EngineMaterials/Substrate/Glints2/dict_0003_0108.uasset" 4614
"../../../Engine/Content/EngineMaterials/Substrate/Glints2/dict_0003_0109.uasset" 4615
"../../../Engine/Content/EngineMaterials/Substrate/Glints2/dict_0003_0110.uasset" 4616
"../../../Engine/Content/EngineMaterials/Substrate/Glints2/dict_0003_0111.uasset" 4617
"../../../Engine/Content/EngineMaterials/Substrate/Glints2/dict_0003_0112.uasset" 4618
"../../../Engine/Content/EngineMaterials/Substrate/Glints2/dict_0003_0113.uasset" 4619
"../../../Engine/Content/EngineMaterials/Substrate/Glints2/dict_0003_0114.uasset" 4620
"../../../Engine/Content/EngineMaterials/Substrate/Glints2/dict_0003_0115.uasset" 4621
"../../../Engine/Content/EngineMaterials/Substrate/Glints2/dict_0003_0116.uasset" 4622
"../../../Engine/Content/EngineMaterials/Substrate/Glints2/dict_0003_0117.uasset" 4623
"../../../Engine/Content/EngineMaterials/Substrate/Glints2/dict_0003_0118.uasset" 4624
"../../../Engine/Content/EngineMaterials/Substrate/Glints2/dict_0003_0119.uasset" 4625
"../../../Engine/Content/EngineMaterials/Substrate/Glints2/dict_0003_0120.uasset" 4626
"../../../Engine/Content/EngineMaterials/Substrate/Glints2/dict_0003_0121.uasset" 4627
"../../../Engine/Content/EngineMaterials/Substrate/Glints2/dict_0003_0122.uasset" 4628
"../../../Engine/Content/EngineMaterials/Substrate/Glints2/dict_0003_0123.uasset" 4629
"../../../Engine/Content/EngineMaterials/Substrate/Glints2/dict_0003_0124.uasset" 4630
"../../../Engine/Content/EngineMaterials/Substrate/Glints2/dict_0003_0125.uasset" 4631
"../../../Engine/Content/EngineMaterials/Substrate/Glints2/dict_0003_0126.uasset" 4632
"../../../Engine/Content/EngineMaterials/Substrate/Glints2/dict_0003_0127.uasset" 4633
"../../../Engine/Content/EngineMaterials/Substrate/Glints2/dict_0003_0128.uasset" 4634
"../../../Engine/Content/EngineMaterials/Substrate/Glints2/dict_0003_0129.uasset" 4635
"../../../Engine/Content/EngineMaterials/Substrate/Glints2/dict_0003_0130.uasset" 4636
"../../../Engine/Content/EngineMaterials/Substrate/Glints2/dict_0003_0131.uasset" 4637
"../../../Engine/Content/EngineMaterials/Substrate/Glints2/dict_0003_0132.uasset" 4638
"../../../Engine/Content/EngineMaterials/Substrate/Glints2/dict_0003_0133.uasset" 4639
"../../../Engine/Content/EngineMaterials/Substrate/Glints2/dict_0003_0134.uasset" 4640
"../../../Engine/Content/EngineMaterials/Substrate/Glints2/dict_0003_0135.uasset" 4641
"../../../Engine/Content/EngineMaterials/Substrate/Glints2/dict_0003_0136.uasset" 4642
"../../../Engine/Content/EngineMaterials/Substrate/Glints2/dict_0003_0137.uasset" 4643
"../../../Engine/Content/EngineMaterials/Substrate/Glints2/dict_0003_0138.uasset" 4644
"../../../Engine/Content/EngineMaterials/Substrate/Glints2/dict_0003_0139.uasset" 4645
"../../../Engine/Content/EngineMaterials/Substrate/Glints2/dict_0003_0140.uasset" 4646
"../../../Engine/Content/EngineMaterials/Substrate/Glints2/dict_0003_0141.uasset" 4647
"../../../Engine/Content/EngineMaterials/Substrate/Glints2/dict_0003_0142.uasset" 4648
"../../../Engine/Content/EngineMaterials/Substrate/Glints2/dict_0003_0143.uasset" 4649
"../../../Engine/Content/EngineMaterials/Substrate/Glints2/dict_0003_0144.uasset" 4650
"../../../Engine/Content/EngineMaterials/Substrate/Glints2/dict_0003_0145.uasset" 4651
"../../../Engine/Content/EngineMaterials/Substrate/Glints2/dict_0003_0146.uasset" 4652
"../../../Engine/Content/EngineMaterials/Substrate/Glints2/dict_0003_0147.uasset" 4653
"../../../Engine/Content/EngineMaterials/Substrate/Glints2/dict_0003_0148.uasset" 4654
"../../../Engine/Content/EngineMaterials/Substrate/Glints2/dict_0003_0149.uasset" 4655
"../../../Engine/Content/EngineMaterials/Substrate/Glints2/dict_0003_0150.uasset" 4656
"../../../Engine/Content/EngineMaterials/Substrate/Glints2/dict_0003_0151.uasset" 4657
"../../../Engine/Content/EngineMaterials/Substrate/Glints2/dict_0003_0152.uasset" 4658
"../../../Engine/Content/EngineMaterials/Substrate/Glints2/dict_0003_0153.uasset" 4659
"../../../Engine/Content/EngineMaterials/Substrate/Glints2/dict_0003_0154.uasset" 4660
"../../../Engine/Content/EngineMaterials/Substrate/Glints2/dict_0003_0155.uasset" 4661
"../../../Engine/Content/EngineMaterials/Substrate/Glints2/dict_0003_0156.uasset" 4662
"../../../Engine/Content/EngineMaterials/Substrate/Glints2/dict_0003_0157.uasset" 4663
"../../../Engine/Content/EngineMaterials/Substrate/Glints2/dict_0003_0158.uasset" 4664
"../../../Engine/Content/EngineMaterials/Substrate/Glints2/dict_0003_0159.uasset" 4665
"../../../Engine/Content/EngineMaterials/Substrate/Glints2/dict_0003_0160.uasset" 4666
"../../../Engine/Content/EngineMaterials/Substrate/Glints2/dict_0003_0161.uasset" 4667
"../../../Engine/Content/EngineMaterials/Substrate/Glints2/dict_0003_0162.uasset" 4668
"../../../Engine/Content/EngineMaterials/Substrate/Glints2/dict_0003_0163.uasset" 4669
"../../../Engine/Content/EngineMaterials/Substrate/Glints2/dict_0003_0164.uasset" 4670
"../../../Engine/Content/EngineMaterials/Substrate/Glints2/dict_0003_0165.uasset" 4671
"../../../Engine/Content/EngineMaterials/Substrate/Glints2/dict_0003_0166.uasset" 4672
"../../../Engine/Content/EngineMaterials/Substrate/Glints2/dict_0003_0167.uasset" 4673
"../../../Engine/Content/EngineMaterials/Substrate/Glints2/dict_0003_0168.uasset" 4674
"../../../Engine/Content/EngineMaterials/Substrate/Glints2/dict_0003_0169.uasset" 4675
"../../../Engine/Content/EngineMaterials/Substrate/Glints2/dict_0003_0170.uasset" 4676
"../../../Engine/Content/EngineMaterials/Substrate/Glints2/dict_0003_0171.uasset" 4677
"../../../Engine/Content/EngineMaterials/Substrate/Glints2/dict_0003_0172.uasset" 4678
"../../../Engine/Content/EngineMaterials/Substrate/Glints2/dict_0003_0173.uasset" 4679
"../../../Engine/Content/EngineMaterials/Substrate/Glints2/dict_0003_0174.uasset" 4680
"../../../Engine/Content/EngineMaterials/Substrate/Glints2/dict_0003_0175.uasset" 4681
"../../../Engine/Content/EngineMaterials/Substrate/Glints2/dict_0003_0176.uasset" 4682
"../../../Engine/Content/EngineMaterials/Substrate/Glints2/dict_0003_0177.uasset" 4683
"../../../Engine/Content/EngineMaterials/Substrate/Glints2/dict_0003_0178.uasset" 4684
"../../../Engine/Content/EngineMaterials/Substrate/Glints2/dict_0003_0179.uasset" 4685
"../../../Engine/Content/EngineMaterials/Substrate/Glints2/dict_0003_0180.uasset" 4686
"../../../Engine/Content/EngineMaterials/Substrate/Glints2/dict_0003_0181.uasset" 4687
"../../../Engine/Content/EngineMaterials/Substrate/Glints2/dict_0003_0182.uasset" 4688
"../../../Engine/Content/EngineMaterials/Substrate/Glints2/dict_0003_0183.uasset" 4689
"../../../Engine/Content/EngineMaterials/Substrate/Glints2/dict_0003_0184.uasset" 4690
"../../../Engine/Content/EngineMaterials/Substrate/Glints2/dict_0003_0185.uasset" 4691
"../../../Engine/Content/EngineMaterials/Substrate/Glints2/dict_0003_0186.uasset" 4692
"../../../Engine/Content/EngineMaterials/Substrate/Glints2/dict_0003_0187.uasset" 4693
"../../../Engine/Content/EngineMaterials/Substrate/Glints2/dict_0003_0188.uasset" 4694
"../../../Engine/Content/EngineMaterials/Substrate/Glints2/dict_0003_0189.uasset" 4695
"../../../Engine/Content/EngineMaterials/Substrate/Glints2/dict_0003_0190.uasset" 4696
"../../../Engine/Content/EngineMaterials/Substrate/Glints2/dict_0003_0191.uasset" 4697
"../../../Engine/Content/EngineMaterials/Substrate/Glints2/dict_0003_0192.uasset" 4698
"../../../Engine/Content/EngineMaterials/Substrate/Glints2/dict_0003_0193.uasset" 4699
"../../../Engine/Content/EngineMaterials/Substrate/Glints2/dict_0003_0194.uasset" 4700
"../../../Engine/Content/EngineMaterials/Substrate/Glints2/dict_0003_0195.uasset" 4701
"../../../Engine/Content/EngineMaterials/Substrate/Glints2/dict_0003_0196.uasset" 4702
"../../../Engine/Content/EngineMaterials/Substrate/Glints2/dict_0003_0197.uasset" 4703
"../../../Engine/Content/EngineMaterials/Substrate/Glints2/dict_0003_0198.uasset" 4704
"../../../Engine/Content/EngineMaterials/Substrate/Glints2/dict_0003_0199.uasset" 4705
"../../../Engine/Content/EngineMaterials/Substrate/Glints2/dict_0003_0200.uasset" 4706
"../../../Engine/Content/EngineMaterials/Substrate/Glints2/dict_0003_0201.uasset" 4707
"../../../Engine/Content/EngineMaterials/Substrate/Glints2/dict_0003_0202.uasset" 4708
"../../../Engine/Content/EngineMaterials/Substrate/Glints2/dict_0003_0203.uasset" 4709
"../../../Engine/Content/EngineMaterials/Substrate/Glints2/dict_0003_0204.uasset" 4710
"../../../Engine/Content/EngineMaterials/Substrate/Glints2/dict_0003_0205.uasset" 4711
"../../../Engine/Content/EngineMaterials/Substrate/Glints2/dict_0003_0206.uasset" 4712
"../../../Engine/Content/EngineMaterials/Substrate/Glints2/dict_0003_0207.uasset" 4713
"../../../Engine/Content/EngineMaterials/Substrate/Glints2/dict_0003_0208.uasset" 4714
"../../../Engine/Content/EngineMaterials/Substrate/Glints2/dict_0003_0209.uasset" 4715
"../../../Engine/Content/EngineMaterials/Substrate/Glints2/dict_0003_0210.uasset" 4716
"../../../Engine/Content/EngineMaterials/Substrate/Glints2/dict_0003_0211.uasset" 4717
"../../../Engine/Content/EngineMaterials/Substrate/Glints2/dict_0003_0212.uasset" 4718
"../../../Engine/Content/EngineMaterials/Substrate/Glints2/dict_0003_0213.uasset" 4719
"../../../Engine/Content/EngineMaterials/Substrate/Glints2/dict_0003_0214.uasset" 4720
"../../../Engine/Content/EngineMaterials/Substrate/Glints2/dict_0003_0215.uasset" 4721
"../../../Engine/Content/EngineMaterials/Substrate/Glints2/dict_0003_0216.uasset" 4722
"../../../Engine/Content/EngineMaterials/Substrate/Glints2/dict_0003_0217.uasset" 4723
"../../../Engine/Content/EngineMaterials/Substrate/Glints2/dict_0003_0218.uasset" 4724
"../../../Engine/Content/EngineMaterials/Substrate/Glints2/dict_0003_0219.uasset" 4725
"../../../Engine/Content/EngineMaterials/Substrate/Glints2/dict_0003_0220.uasset" 4726
"../../../Engine/Content/EngineMaterials/Substrate/Glints2/dict_0003_0221.uasset" 4727
"../../../Engine/Content/EngineMaterials/Substrate/Glints2/dict_0003_0222.uasset" 4728
"../../../Engine/Content/EngineMaterials/Substrate/Glints2/dict_0003_0223.uasset" 4729
"../../../Engine/Content/EngineMaterials/Substrate/Glints2/dict_0003_0224.uasset" 4730
"../../../Engine/Content/EngineMaterials/Substrate/Glints2/dict_0003_0225.uasset" 4731
"../../../Engine/Content/EngineMaterials/Substrate/Glints2/dict_0003_0226.uasset" 4732
"../../../Engine/Content/EngineMaterials/Substrate/Glints2/dict_0003_0227.uasset" 4733
"../../../Engine/Content/EngineMaterials/Substrate/Glints2/dict_0003_0228.uasset" 4734
"../../../Engine/Content/EngineMaterials/Substrate/Glints2/dict_0003_0229.uasset" 4735
"../../../Engine/Content/EngineMaterials/Substrate/Glints2/dict_0003_0230.uasset" 4736
"../../../Engine/Content/EngineMaterials/Substrate/Glints2/dict_0003_0231.uasset" 4737
"../../../Engine/Content/EngineMaterials/Substrate/Glints2/dict_0003_0232.uasset" 4738
"../../../Engine/Content/EngineMaterials/Substrate/Glints2/dict_0003_0233.uasset" 4739
"../../../Engine/Content/EngineMaterials/Substrate/Glints2/dict_0003_0234.uasset" 4740
"../../../Engine/Content/EngineMaterials/Substrate/Glints2/dict_0003_0235.uasset" 4741
"../../../Engine/Content/EngineMaterials/Substrate/Glints2/dict_0003_0236.uasset" 4742
"../../../Engine/Content/EngineMaterials/Substrate/Glints2/dict_0003_0237.uasset" 4743
"../../../Engine/Content/EngineMaterials/Substrate/Glints2/dict_0003_0238.uasset" 4744
"../../../Engine/Content/EngineMaterials/Substrate/Glints2/dict_0003_0239.uasset" 4745
"../../../Engine/Content/EngineMaterials/Substrate/Glints2/dict_0003_0240.uasset" 4746
"../../../Engine/Content/EngineMaterials/Substrate/Glints2/dict_0003_0241.uasset" 4747
"../../../Engine/Content/EngineMaterials/Substrate/Glints2/dict_0003_0242.uasset" 4748
"../../../Engine/Content/EngineMaterials/Substrate/Glints2/dict_0003_0243.uasset" 4749
"../../../Engine/Content/EngineMaterials/Substrate/Glints2/dict_0003_0244.uasset" 4750
"../../../Engine/Content/EngineMaterials/Substrate/Glints2/dict_0003_0245.uasset" 4751
"../../../Engine/Content/EngineMaterials/Substrate/Glints2/dict_0003_0246.uasset" 4752
"../../../Engine/Content/EngineMaterials/Substrate/Glints2/dict_0003_0247.uasset" 4753
"../../../Engine/Content/EngineMaterials/Substrate/Glints2/dict_0003_0248.uasset" 4754
"../../../Engine/Content/EngineMaterials/Substrate/Glints2/dict_0003_0249.uasset" 4755
"../../../Engine/Content/EngineMaterials/Substrate/Glints2/dict_0003_0250.uasset" 4756
"../../../Engine/Content/EngineMaterials/Substrate/Glints2/dict_0003_0251.uasset" 4757
"../../../Engine/Content/EngineMaterials/Substrate/Glints2/dict_0003_0252.uasset" 4758
"../../../Engine/Content/EngineMaterials/Substrate/Glints2/dict_0003_0253.uasset" 4759
"../../../Engine/Content/EngineMaterials/Substrate/Glints2/dict_0003_0254.uasset" 4760
"../../../Engine/Content/EngineMaterials/Substrate/Glints2/dict_0003_0255.uasset" 4761
"../../../Engine/Content/EngineMaterials/Substrate/Glints2/dict_0004_0000.uasset" 4762
"../../../Engine/Content/EngineMaterials/Substrate/Glints2/dict_0004_0001.uasset" 4763
"../../../Engine/Content/EngineMaterials/Substrate/Glints2/dict_0004_0002.uasset" 4764
"../../../Engine/Content/EngineMaterials/Substrate/Glints2/dict_0004_0003.uasset" 4765
"../../../Engine/Content/EngineMaterials/Substrate/Glints2/dict_0004_0004.uasset" 4766
"../../../Engine/Content/EngineMaterials/Substrate/Glints2/dict_0004_0005.uasset" 4767
"../../../Engine/Content/EngineMaterials/Substrate/Glints2/dict_0004_0006.uasset" 4768
"../../../Engine/Content/EngineMaterials/Substrate/Glints2/dict_0004_0007.uasset" 4769
"../../../Engine/Content/EngineMaterials/Substrate/Glints2/dict_0004_0008.uasset" 4770
"../../../Engine/Content/EngineMaterials/Substrate/Glints2/dict_0004_0009.uasset" 4771
"../../../Engine/Content/EngineMaterials/Substrate/Glints2/dict_0004_0010.uasset" 4772
"../../../Engine/Content/EngineMaterials/Substrate/Glints2/dict_0004_0011.uasset" 4773
"../../../Engine/Content/EngineMaterials/Substrate/Glints2/dict_0004_0012.uasset" 4774
"../../../Engine/Content/EngineMaterials/Substrate/Glints2/dict_0004_0013.uasset" 4775
"../../../Engine/Content/EngineMaterials/Substrate/Glints2/dict_0004_0014.uasset" 4776
"../../../Engine/Content/EngineMaterials/Substrate/Glints2/dict_0004_0015.uasset" 4777
"../../../Engine/Content/EngineMaterials/Substrate/Glints2/dict_0004_0016.uasset" 4778
"../../../Engine/Content/EngineMaterials/Substrate/Glints2/dict_0004_0017.uasset" 4779
"../../../Engine/Content/EngineMaterials/Substrate/Glints2/dict_0004_0018.uasset" 4780
"../../../Engine/Content/EngineMaterials/Substrate/Glints2/dict_0004_0019.uasset" 4781
"../../../Engine/Content/EngineMaterials/Substrate/Glints2/dict_0004_0020.uasset" 4782
"../../../Engine/Content/EngineMaterials/Substrate/Glints2/dict_0004_0021.uasset" 4783
"../../../Engine/Content/EngineMaterials/Substrate/Glints2/dict_0004_0022.uasset" 4784
"../../../Engine/Content/EngineMaterials/Substrate/Glints2/dict_0004_0023.uasset" 4785
"../../../Engine/Content/EngineMaterials/Substrate/Glints2/dict_0004_0024.uasset" 4786
"../../../Engine/Content/EngineMaterials/Substrate/Glints2/dict_0004_0025.uasset" 4787
"../../../Engine/Content/EngineMaterials/Substrate/Glints2/dict_0004_0026.uasset" 4788
"../../../Engine/Content/EngineMaterials/Substrate/Glints2/dict_0004_0027.uasset" 4789
"../../../Engine/Content/EngineMaterials/Substrate/Glints2/dict_0004_0028.uasset" 4790
"../../../Engine/Content/EngineMaterials/Substrate/Glints2/dict_0004_0029.uasset" 4791
"../../../Engine/Content/EngineMaterials/Substrate/Glints2/dict_0004_0030.uasset" 4792
"../../../Engine/Content/EngineMaterials/Substrate/Glints2/dict_0004_0031.uasset" 4793
"../../../Engine/Content/EngineMaterials/Substrate/Glints2/dict_0004_0032.uasset" 4794
"../../../Engine/Content/EngineMaterials/Substrate/Glints2/dict_0004_0033.uasset" 4795
"../../../Engine/Content/EngineMaterials/Substrate/Glints2/dict_0004_0034.uasset" 4796
"../../../Engine/Content/EngineMaterials/Substrate/Glints2/dict_0004_0035.uasset" 4797
"../../../Engine/Content/EngineMaterials/Substrate/Glints2/dict_0004_0036.uasset" 4798
"../../../Engine/Content/EngineMaterials/Substrate/Glints2/dict_0004_0037.uasset" 4799
"../../../Engine/Content/EngineMaterials/Substrate/Glints2/dict_0004_0038.uasset" 4800
"../../../Engine/Content/EngineMaterials/Substrate/Glints2/dict_0004_0039.uasset" 4801
"../../../Engine/Content/EngineMaterials/Substrate/Glints2/dict_0004_0040.uasset" 4802
"../../../Engine/Content/EngineMaterials/Substrate/Glints2/dict_0004_0041.uasset" 4803
"../../../Engine/Content/EngineMaterials/Substrate/Glints2/dict_0004_0042.uasset" 4804
"../../../Engine/Content/EngineMaterials/Substrate/Glints2/dict_0004_0043.uasset" 4805
"../../../Engine/Content/EngineMaterials/Substrate/Glints2/dict_0004_0044.uasset" 4806
"../../../Engine/Content/EngineMaterials/Substrate/Glints2/dict_0004_0045.uasset" 4807
"../../../Engine/Content/EngineMaterials/Substrate/Glints2/dict_0004_0046.uasset" 4808
"../../../Engine/Content/EngineMaterials/Substrate/Glints2/dict_0004_0047.uasset" 4809
"../../../Engine/Content/EngineMaterials/Substrate/Glints2/dict_0004_0048.uasset" 4810
"../../../Engine/Content/EngineMaterials/Substrate/Glints2/dict_0004_0049.uasset" 4811
"../../../Engine/Content/EngineMaterials/Substrate/Glints2/dict_0004_0050.uasset" 4812
"../../../Engine/Content/EngineMaterials/Substrate/Glints2/dict_0004_0051.uasset" 4813
"../../../Engine/Content/EngineMaterials/Substrate/Glints2/dict_0004_0052.uasset" 4814
"../../../Engine/Content/EngineMaterials/Substrate/Glints2/dict_0004_0053.uasset" 4815
"../../../Engine/Content/EngineMaterials/Substrate/Glints2/dict_0004_0054.uasset" 4816
"../../../Engine/Content/EngineMaterials/Substrate/Glints2/dict_0004_0055.uasset" 4817
"../../../Engine/Content/EngineMaterials/Substrate/Glints2/dict_0004_0056.uasset" 4818
"../../../Engine/Content/EngineMaterials/Substrate/Glints2/dict_0004_0057.uasset" 4819
"../../../Engine/Content/EngineMaterials/Substrate/Glints2/dict_0004_0058.uasset" 4820
"../../../Engine/Content/EngineMaterials/Substrate/Glints2/dict_0004_0059.uasset" 4821
"../../../Engine/Content/EngineMaterials/Substrate/Glints2/dict_0004_0060.uasset" 4822
"../../../Engine/Content/EngineMaterials/Substrate/Glints2/dict_0004_0061.uasset" 4823
"../../../Engine/Content/EngineMaterials/Substrate/Glints2/dict_0004_0062.uasset" 4824
"../../../Engine/Content/EngineMaterials/Substrate/Glints2/dict_0004_0063.uasset" 4825
"../../../Engine/Content/EngineMaterials/Substrate/Glints2/dict_0004_0064.uasset" 4826
"../../../Engine/Content/EngineMaterials/Substrate/Glints2/dict_0004_0065.uasset" 4827
"../../../Engine/Content/EngineMaterials/Substrate/Glints2/dict_0004_0066.uasset" 4828
"../../../Engine/Content/EngineMaterials/Substrate/Glints2/dict_0004_0067.uasset" 4829
"../../../Engine/Content/EngineMaterials/Substrate/Glints2/dict_0004_0068.uasset" 4830
"../../../Engine/Content/EngineMaterials/Substrate/Glints2/dict_0004_0069.uasset" 4831
"../../../Engine/Content/EngineMaterials/Substrate/Glints2/dict_0004_0070.uasset" 4832
"../../../Engine/Content/EngineMaterials/Substrate/Glints2/dict_0004_0071.uasset" 4833
"../../../Engine/Content/EngineMaterials/Substrate/Glints2/dict_0004_0072.uasset" 4834
"../../../Engine/Content/EngineMaterials/Substrate/Glints2/dict_0004_0073.uasset" 4835
"../../../Engine/Content/EngineMaterials/Substrate/Glints2/dict_0004_0074.uasset" 4836
"../../../Engine/Content/EngineMaterials/Substrate/Glints2/dict_0004_0075.uasset" 4837
"../../../Engine/Content/EngineMaterials/Substrate/Glints2/dict_0004_0076.uasset" 4838
"../../../Engine/Content/EngineMaterials/Substrate/Glints2/dict_0004_0077.uasset" 4839
"../../../Engine/Content/EngineMaterials/Substrate/Glints2/dict_0004_0078.uasset" 4840
"../../../Engine/Content/EngineMaterials/Substrate/Glints2/dict_0004_0079.uasset" 4841
"../../../Engine/Content/EngineMaterials/Substrate/Glints2/dict_0004_0080.uasset" 4842
"../../../Engine/Content/EngineMaterials/Substrate/Glints2/dict_0004_0081.uasset" 4843
"../../../Engine/Content/EngineMaterials/Substrate/Glints2/dict_0004_0082.uasset" 4844
"../../../Engine/Content/EngineMaterials/Substrate/Glints2/dict_0004_0083.uasset" 4845
"../../../Engine/Content/EngineMaterials/Substrate/Glints2/dict_0004_0084.uasset" 4846
"../../../Engine/Content/EngineMaterials/Substrate/Glints2/dict_0004_0085.uasset" 4847
"../../../Engine/Content/EngineMaterials/Substrate/Glints2/dict_0004_0086.uasset" 4848
"../../../Engine/Content/EngineMaterials/Substrate/Glints2/dict_0004_0087.uasset" 4849
"../../../Engine/Content/EngineMaterials/Substrate/Glints2/dict_0004_0088.uasset" 4850
"../../../Engine/Content/EngineMaterials/Substrate/Glints2/dict_0004_0089.uasset" 4851
"../../../Engine/Content/EngineMaterials/Substrate/Glints2/dict_0004_0090.uasset" 4852
"../../../Engine/Content/EngineMaterials/Substrate/Glints2/dict_0004_0091.uasset" 4853
"../../../Engine/Content/EngineMaterials/Substrate/Glints2/dict_0004_0092.uasset" 4854
"../../../Engine/Content/EngineMaterials/Substrate/Glints2/dict_0004_0093.uasset" 4855
"../../../Engine/Content/EngineMaterials/Substrate/Glints2/dict_0004_0094.uasset" 4856
"../../../Engine/Content/EngineMaterials/Substrate/Glints2/dict_0004_0095.uasset" 4857
"../../../Engine/Content/EngineMaterials/Substrate/Glints2/dict_0004_0096.uasset" 4858
"../../../Engine/Content/EngineMaterials/Substrate/Glints2/dict_0004_0097.uasset" 4859
"../../../Engine/Content/EngineMaterials/Substrate/Glints2/dict_0004_0098.uasset" 4860
"../../../Engine/Content/EngineMaterials/Substrate/Glints2/dict_0004_0099.uasset" 4861
"../../../Engine/Content/EngineMaterials/Substrate/Glints2/dict_0004_0100.uasset" 4862
"../../../Engine/Content/EngineMaterials/Substrate/Glints2/dict_0004_0101.uasset" 4863
"../../../Engine/Content/EngineMaterials/Substrate/Glints2/dict_0004_0102.uasset" 4864
"../../../Engine/Content/EngineMaterials/Substrate/Glints2/dict_0004_0103.uasset" 4865
"../../../Engine/Content/EngineMaterials/Substrate/Glints2/dict_0004_0104.uasset" 4866
"../../../Engine/Content/EngineMaterials/Substrate/Glints2/dict_0004_0105.uasset" 4867
"../../../Engine/Content/EngineMaterials/Substrate/Glints2/dict_0004_0106.uasset" 4868
"../../../Engine/Content/EngineMaterials/Substrate/Glints2/dict_0004_0107.uasset" 4869
"../../../Engine/Content/EngineMaterials/Substrate/Glints2/dict_0004_0108.uasset" 4870
"../../../Engine/Content/EngineMaterials/Substrate/Glints2/dict_0004_0109.uasset" 4871
"../../../Engine/Content/EngineMaterials/Substrate/Glints2/dict_0004_0110.uasset" 4872
"../../../Engine/Content/EngineMaterials/Substrate/Glints2/dict_0004_0111.uasset" 4873
"../../../Engine/Content/EngineMaterials/Substrate/Glints2/dict_0004_0112.uasset" 4874
"../../../Engine/Content/EngineMaterials/Substrate/Glints2/dict_0004_0113.uasset" 4875
"../../../Engine/Content/EngineMaterials/Substrate/Glints2/dict_0004_0114.uasset" 4876
"../../../Engine/Content/EngineMaterials/Substrate/Glints2/dict_0004_0115.uasset" 4877
"../../../Engine/Content/EngineMaterials/Substrate/Glints2/dict_0004_0116.uasset" 4878
"../../../Engine/Content/EngineMaterials/Substrate/Glints2/dict_0004_0117.uasset" 4879
"../../../Engine/Content/EngineMaterials/Substrate/Glints2/dict_0004_0118.uasset" 4880
"../../../Engine/Content/EngineMaterials/Substrate/Glints2/dict_0004_0119.uasset" 4881
"../../../Engine/Content/EngineMaterials/Substrate/Glints2/dict_0004_0120.uasset" 4882
"../../../Engine/Content/EngineMaterials/Substrate/Glints2/dict_0004_0121.uasset" 4883
"../../../Engine/Content/EngineMaterials/Substrate/Glints2/dict_0004_0122.uasset" 4884
"../../../Engine/Content/EngineMaterials/Substrate/Glints2/dict_0004_0123.uasset" 4885
"../../../Engine/Content/EngineMaterials/Substrate/Glints2/dict_0004_0124.uasset" 4886
"../../../Engine/Content/EngineMaterials/Substrate/Glints2/dict_0004_0125.uasset" 4887
"../../../Engine/Content/EngineMaterials/Substrate/Glints2/dict_0004_0126.uasset" 4888
"../../../Engine/Content/EngineMaterials/Substrate/Glints2/dict_0004_0127.uasset" 4889
"../../../Engine/Content/EngineMaterials/Substrate/Glints2/dict_0004_0128.uasset" 4890
"../../../Engine/Content/EngineMaterials/Substrate/Glints2/dict_0004_0129.uasset" 4891
"../../../Engine/Content/EngineMaterials/Substrate/Glints2/dict_0004_0130.uasset" 4892
"../../../Engine/Content/EngineMaterials/Substrate/Glints2/dict_0004_0131.uasset" 4893
"../../../Engine/Content/EngineMaterials/Substrate/Glints2/dict_0004_0132.uasset" 4894
"../../../Engine/Content/EngineMaterials/Substrate/Glints2/dict_0004_0133.uasset" 4895
"../../../Engine/Content/EngineMaterials/Substrate/Glints2/dict_0004_0134.uasset" 4896
"../../../Engine/Content/EngineMaterials/Substrate/Glints2/dict_0004_0135.uasset" 4897
"../../../Engine/Content/EngineMaterials/Substrate/Glints2/dict_0004_0136.uasset" 4898
"../../../Engine/Content/EngineMaterials/Substrate/Glints2/dict_0004_0137.uasset" 4899
"../../../Engine/Content/EngineMaterials/Substrate/Glints2/dict_0004_0138.uasset" 4900
"../../../Engine/Content/EngineMaterials/Substrate/Glints2/dict_0004_0139.uasset" 4901
"../../../Engine/Content/EngineMaterials/Substrate/Glints2/dict_0004_0140.uasset" 4902
"../../../Engine/Content/EngineMaterials/Substrate/Glints2/dict_0004_0141.uasset" 4903
"../../../Engine/Content/EngineMaterials/Substrate/Glints2/dict_0004_0142.uasset" 4904
"../../../Engine/Content/EngineMaterials/Substrate/Glints2/dict_0004_0143.uasset" 4905
"../../../Engine/Content/EngineMaterials/Substrate/Glints2/dict_0004_0144.uasset" 4906
"../../../Engine/Content/EngineMaterials/Substrate/Glints2/dict_0004_0145.uasset" 4907
"../../../Engine/Content/EngineMaterials/Substrate/Glints2/dict_0004_0146.uasset" 4908
"../../../Engine/Content/EngineMaterials/Substrate/Glints2/dict_0004_0147.uasset" 4909
"../../../Engine/Content/EngineMaterials/Substrate/Glints2/dict_0004_0148.uasset" 4910
"../../../Engine/Content/EngineMaterials/Substrate/Glints2/dict_0004_0149.uasset" 4911
"../../../Engine/Content/EngineMaterials/Substrate/Glints2/dict_0004_0150.uasset" 4912
"../../../Engine/Content/EngineMaterials/Substrate/Glints2/dict_0004_0151.uasset" 4913
"../../../Engine/Content/EngineMaterials/Substrate/Glints2/dict_0004_0152.uasset" 4914
"../../../Engine/Content/EngineMaterials/Substrate/Glints2/dict_0004_0153.uasset" 4915
"../../../Engine/Content/EngineMaterials/Substrate/Glints2/dict_0004_0154.uasset" 4916
"../../../Engine/Content/EngineMaterials/Substrate/Glints2/dict_0004_0155.uasset" 4917
"../../../Engine/Content/EngineMaterials/Substrate/Glints2/dict_0004_0156.uasset" 4918
"../../../Engine/Content/EngineMaterials/Substrate/Glints2/dict_0004_0157.uasset" 4919
"../../../Engine/Content/EngineMaterials/Substrate/Glints2/dict_0004_0158.uasset" 4920
"../../../Engine/Content/EngineMaterials/Substrate/Glints2/dict_0004_0159.uasset" 4921
"../../../Engine/Content/EngineMaterials/Substrate/Glints2/dict_0004_0160.uasset" 4922
"../../../Engine/Content/EngineMaterials/Substrate/Glints2/dict_0004_0161.uasset" 4923
"../../../Engine/Content/EngineMaterials/Substrate/Glints2/dict_0004_0162.uasset" 4924
"../../../Engine/Content/EngineMaterials/Substrate/Glints2/dict_0004_0163.uasset" 4925
"../../../Engine/Content/EngineMaterials/Substrate/Glints2/dict_0004_0164.uasset" 4926
"../../../Engine/Content/EngineMaterials/Substrate/Glints2/dict_0004_0165.uasset" 4927
"../../../Engine/Content/EngineMaterials/Substrate/Glints2/dict_0004_0166.uasset" 4928
"../../../Engine/Content/EngineMaterials/Substrate/Glints2/dict_0004_0167.uasset" 4929
"../../../Engine/Content/EngineMaterials/Substrate/Glints2/dict_0004_0168.uasset" 4930
"../../../Engine/Content/EngineMaterials/Substrate/Glints2/dict_0004_0169.uasset" 4931
"../../../Engine/Content/EngineMaterials/Substrate/Glints2/dict_0004_0170.uasset" 4932
"../../../Engine/Content/EngineMaterials/Substrate/Glints2/dict_0004_0171.uasset" 4933
"../../../Engine/Content/EngineMaterials/Substrate/Glints2/dict_0004_0172.uasset" 4934
"../../../Engine/Content/EngineMaterials/Substrate/Glints2/dict_0004_0173.uasset" 4935
"../../../Engine/Content/EngineMaterials/Substrate/Glints2/dict_0004_0174.uasset" 4936
"../../../Engine/Content/EngineMaterials/Substrate/Glints2/dict_0004_0175.uasset" 4937
"../../../Engine/Content/EngineMaterials/Substrate/Glints2/dict_0004_0176.uasset" 4938
"../../../Engine/Content/EngineMaterials/Substrate/Glints2/dict_0004_0177.uasset" 4939
"../../../Engine/Content/EngineMaterials/Substrate/Glints2/dict_0004_0178.uasset" 4940
"../../../Engine/Content/EngineMaterials/Substrate/Glints2/dict_0004_0179.uasset" 4941
"../../../Engine/Content/EngineMaterials/Substrate/Glints2/dict_0004_0180.uasset" 4942
"../../../Engine/Content/EngineMaterials/Substrate/Glints2/dict_0004_0181.uasset" 4943
"../../../Engine/Content/EngineMaterials/Substrate/Glints2/dict_0004_0182.uasset" 4944
"../../../Engine/Content/EngineMaterials/Substrate/Glints2/dict_0004_0183.uasset" 4945
"../../../Engine/Content/EngineMaterials/Substrate/Glints2/dict_0004_0184.uasset" 4946
"../../../Engine/Content/EngineMaterials/Substrate/Glints2/dict_0004_0185.uasset" 4947
"../../../Engine/Content/EngineMaterials/Substrate/Glints2/dict_0004_0186.uasset" 4948
"../../../Engine/Content/EngineMaterials/Substrate/Glints2/dict_0004_0187.uasset" 4949
"../../../Engine/Content/EngineMaterials/Substrate/Glints2/dict_0004_0188.uasset" 4950
"../../../Engine/Content/EngineMaterials/Substrate/Glints2/dict_0004_0189.uasset" 4951
"../../../Engine/Content/EngineMaterials/Substrate/Glints2/dict_0004_0190.uasset" 4952
"../../../Engine/Content/EngineMaterials/Substrate/Glints2/dict_0004_0191.uasset" 4953
"../../../Engine/Content/EngineMaterials/Substrate/Glints2/dict_0004_0192.uasset" 4954
"../../../Engine/Content/EngineMaterials/Substrate/Glints2/dict_0004_0193.uasset" 4955
"../../../Engine/Content/EngineMaterials/Substrate/Glints2/dict_0004_0194.uasset" 4956
"../../../Engine/Content/EngineMaterials/Substrate/Glints2/dict_0004_0195.uasset" 4957
"../../../Engine/Content/EngineMaterials/Substrate/Glints2/dict_0004_0196.uasset" 4958
"../../../Engine/Content/EngineMaterials/Substrate/Glints2/dict_0004_0197.uasset" 4959
"../../../Engine/Content/EngineMaterials/Substrate/Glints2/dict_0004_0198.uasset" 4960
"../../../Engine/Content/EngineMaterials/Substrate/Glints2/dict_0004_0199.uasset" 4961
"../../../Engine/Content/EngineMaterials/Substrate/Glints2/dict_0004_0200.uasset" 4962
"../../../Engine/Content/EngineMaterials/Substrate/Glints2/dict_0004_0201.uasset" 4963
"../../../Engine/Content/EngineMaterials/Substrate/Glints2/dict_0004_0202.uasset" 4964
"../../../Engine/Content/EngineMaterials/Substrate/Glints2/dict_0004_0203.uasset" 4965
"../../../Engine/Content/EngineMaterials/Substrate/Glints2/dict_0004_0204.uasset" 4966
"../../../Engine/Content/EngineMaterials/Substrate/Glints2/dict_0004_0205.uasset" 4967
"../../../Engine/Content/EngineMaterials/Substrate/Glints2/dict_0004_0206.uasset" 4968
"../../../Engine/Content/EngineMaterials/Substrate/Glints2/dict_0004_0207.uasset" 4969
"../../../Engine/Content/EngineMaterials/Substrate/Glints2/dict_0004_0208.uasset" 4970
"../../../Engine/Content/EngineMaterials/Substrate/Glints2/dict_0004_0209.uasset" 4971
"../../../Engine/Content/EngineMaterials/Substrate/Glints2/dict_0004_0210.uasset" 4972
"../../../Engine/Content/EngineMaterials/Substrate/Glints2/dict_0004_0211.uasset" 4973
"../../../Engine/Content/EngineMaterials/Substrate/Glints2/dict_0004_0212.uasset" 4974
"../../../Engine/Content/EngineMaterials/Substrate/Glints2/dict_0004_0213.uasset" 4975
"../../../Engine/Content/EngineMaterials/Substrate/Glints2/dict_0004_0214.uasset" 4976
"../../../Engine/Content/EngineMaterials/Substrate/Glints2/dict_0004_0215.uasset" 4977
"../../../Engine/Content/EngineMaterials/Substrate/Glints2/dict_0004_0216.uasset" 4978
"../../../Engine/Content/EngineMaterials/Substrate/Glints2/dict_0004_0217.uasset" 4979
"../../../Engine/Content/EngineMaterials/Substrate/Glints2/dict_0004_0218.uasset" 4980
"../../../Engine/Content/EngineMaterials/Substrate/Glints2/dict_0004_0219.uasset" 4981
"../../../Engine/Content/EngineMaterials/Substrate/Glints2/dict_0004_0220.uasset" 4982
"../../../Engine/Content/EngineMaterials/Substrate/Glints2/dict_0004_0221.uasset" 4983
"../../../Engine/Content/EngineMaterials/Substrate/Glints2/dict_0004_0222.uasset" 4984
"../../../Engine/Content/EngineMaterials/Substrate/Glints2/dict_0004_0223.uasset" 4985
"../../../Engine/Content/EngineMaterials/Substrate/Glints2/dict_0004_0224.uasset" 4986
"../../../Engine/Content/EngineMaterials/Substrate/Glints2/dict_0004_0225.uasset" 4987
"../../../Engine/Content/EngineMaterials/Substrate/Glints2/dict_0004_0226.uasset" 4988
"../../../Engine/Content/EngineMaterials/Substrate/Glints2/dict_0004_0227.uasset" 4989
"../../../Engine/Content/EngineMaterials/Substrate/Glints2/dict_0004_0228.uasset" 4990
"../../../Engine/Content/EngineMaterials/Substrate/Glints2/dict_0004_0229.uasset" 4991
"../../../Engine/Content/EngineMaterials/Substrate/Glints2/dict_0004_0230.uasset" 4992
"../../../Engine/Content/EngineMaterials/Substrate/Glints2/dict_0004_0231.uasset" 4993
"../../../Engine/Content/EngineMaterials/Substrate/Glints2/dict_0004_0232.uasset" 4994
"../../../Engine/Content/EngineMaterials/Substrate/Glints2/dict_0004_0233.uasset" 4995
"../../../Engine/Content/EngineMaterials/Substrate/Glints2/dict_0004_0234.uasset" 4996
"../../../Engine/Content/EngineMaterials/Substrate/Glints2/dict_0004_0235.uasset" 4997
"../../../Engine/Content/EngineMaterials/Substrate/Glints2/dict_0004_0236.uasset" 4998
"../../../Engine/Content/EngineMaterials/Substrate/Glints2/dict_0004_0237.uasset" 4999
"../../../Engine/Content/EngineMaterials/Substrate/Glints2/dict_0004_0238.uasset" 5000
"../../../Engine/Content/EngineMaterials/Substrate/Glints2/dict_0004_0239.uasset" 5001
"../../../Engine/Content/EngineMaterials/Substrate/Glints2/dict_0004_0240.uasset" 5002
"../../../Engine/Content/EngineMaterials/Substrate/Glints2/dict_0004_0241.uasset" 5003
"../../../Engine/Content/EngineMaterials/Substrate/Glints2/dict_0004_0242.uasset" 5004
"../../../Engine/Content/EngineMaterials/Substrate/Glints2/dict_0004_0243.uasset" 5005
"../../../Engine/Content/EngineMaterials/Substrate/Glints2/dict_0004_0244.uasset" 5006
"../../../Engine/Content/EngineMaterials/Substrate/Glints2/dict_0004_0245.uasset" 5007
"../../../Engine/Content/EngineMaterials/Substrate/Glints2/dict_0004_0246.uasset" 5008
"../../../Engine/Content/EngineMaterials/Substrate/Glints2/dict_0004_0247.uasset" 5009
"../../../Engine/Content/EngineMaterials/Substrate/Glints2/dict_0004_0248.uasset" 5010
"../../../Engine/Content/EngineMaterials/Substrate/Glints2/dict_0004_0249.uasset" 5011
"../../../Engine/Content/EngineMaterials/Substrate/Glints2/dict_0004_0250.uasset" 5012
"../../../Engine/Content/EngineMaterials/Substrate/Glints2/dict_0004_0251.uasset" 5013
"../../../Engine/Content/EngineMaterials/Substrate/Glints2/dict_0004_0252.uasset" 5014
"../../../Engine/Content/EngineMaterials/Substrate/Glints2/dict_0004_0253.uasset" 5015
"../../../Engine/Content/EngineMaterials/Substrate/Glints2/dict_0004_0254.uasset" 5016
"../../../Engine/Content/EngineMaterials/Substrate/Glints2/dict_0004_0255.uasset" 5017
"../../../Engine/Content/EngineMaterials/Substrate/Glints2/dict_0005_0000.uasset" 5018
"../../../Engine/Content/EngineMaterials/Substrate/Glints2/dict_0005_0001.uasset" 5019
"../../../Engine/Content/EngineMaterials/Substrate/Glints2/dict_0005_0002.uasset" 5020
"../../../Engine/Content/EngineMaterials/Substrate/Glints2/dict_0005_0003.uasset" 5021
"../../../Engine/Content/EngineMaterials/Substrate/Glints2/dict_0005_0004.uasset" 5022
"../../../Engine/Content/EngineMaterials/Substrate/Glints2/dict_0005_0005.uasset" 5023
"../../../Engine/Content/EngineMaterials/Substrate/Glints2/dict_0005_0006.uasset" 5024
"../../../Engine/Content/EngineMaterials/Substrate/Glints2/dict_0005_0007.uasset" 5025
"../../../Engine/Content/EngineMaterials/Substrate/Glints2/dict_0005_0008.uasset" 5026
"../../../Engine/Content/EngineMaterials/Substrate/Glints2/dict_0005_0009.uasset" 5027
"../../../Engine/Content/EngineMaterials/Substrate/Glints2/dict_0005_0010.uasset" 5028
"../../../Engine/Content/EngineMaterials/Substrate/Glints2/dict_0005_0011.uasset" 5029
"../../../Engine/Content/EngineMaterials/Substrate/Glints2/dict_0005_0012.uasset" 5030
"../../../Engine/Content/EngineMaterials/Substrate/Glints2/dict_0005_0013.uasset" 5031
"../../../Engine/Content/EngineMaterials/Substrate/Glints2/dict_0005_0014.uasset" 5032
"../../../Engine/Content/EngineMaterials/Substrate/Glints2/dict_0005_0015.uasset" 5033
"../../../Engine/Content/EngineMaterials/Substrate/Glints2/dict_0005_0016.uasset" 5034
"../../../Engine/Content/EngineMaterials/Substrate/Glints2/dict_0005_0017.uasset" 5035
"../../../Engine/Content/EngineMaterials/Substrate/Glints2/dict_0005_0018.uasset" 5036
"../../../Engine/Content/EngineMaterials/Substrate/Glints2/dict_0005_0019.uasset" 5037
"../../../Engine/Content/EngineMaterials/Substrate/Glints2/dict_0005_0020.uasset" 5038
"../../../Engine/Content/EngineMaterials/Substrate/Glints2/dict_0005_0021.uasset" 5039
"../../../Engine/Content/EngineMaterials/Substrate/Glints2/dict_0005_0022.uasset" 5040
"../../../Engine/Content/EngineMaterials/Substrate/Glints2/dict_0005_0023.uasset" 5041
"../../../Engine/Content/EngineMaterials/Substrate/Glints2/dict_0005_0024.uasset" 5042
"../../../Engine/Content/EngineMaterials/Substrate/Glints2/dict_0005_0025.uasset" 5043
"../../../Engine/Content/EngineMaterials/Substrate/Glints2/dict_0005_0026.uasset" 5044
"../../../Engine/Content/EngineMaterials/Substrate/Glints2/dict_0005_0027.uasset" 5045
"../../../Engine/Content/EngineMaterials/Substrate/Glints2/dict_0005_0028.uasset" 5046
"../../../Engine/Content/EngineMaterials/Substrate/Glints2/dict_0005_0029.uasset" 5047
"../../../Engine/Content/EngineMaterials/Substrate/Glints2/dict_0005_0030.uasset" 5048
"../../../Engine/Content/EngineMaterials/Substrate/Glints2/dict_0005_0031.uasset" 5049
"../../../Engine/Content/EngineMaterials/Substrate/Glints2/dict_0005_0032.uasset" 5050
"../../../Engine/Content/EngineMaterials/Substrate/Glints2/dict_0005_0033.uasset" 5051
"../../../Engine/Content/EngineMaterials/Substrate/Glints2/dict_0005_0034.uasset" 5052
"../../../Engine/Content/EngineMaterials/Substrate/Glints2/dict_0005_0035.uasset" 5053
"../../../Engine/Content/EngineMaterials/Substrate/Glints2/dict_0005_0036.uasset" 5054
"../../../Engine/Content/EngineMaterials/Substrate/Glints2/dict_0005_0037.uasset" 5055
"../../../Engine/Content/EngineMaterials/Substrate/Glints2/dict_0005_0038.uasset" 5056
"../../../Engine/Content/EngineMaterials/Substrate/Glints2/dict_0005_0039.uasset" 5057
"../../../Engine/Content/EngineMaterials/Substrate/Glints2/dict_0005_0040.uasset" 5058
"../../../Engine/Content/EngineMaterials/Substrate/Glints2/dict_0005_0041.uasset" 5059
"../../../Engine/Content/EngineMaterials/Substrate/Glints2/dict_0005_0042.uasset" 5060
"../../../Engine/Content/EngineMaterials/Substrate/Glints2/dict_0005_0043.uasset" 5061
"../../../Engine/Content/EngineMaterials/Substrate/Glints2/dict_0005_0044.uasset" 5062
"../../../Engine/Content/EngineMaterials/Substrate/Glints2/dict_0005_0045.uasset" 5063
"../../../Engine/Content/EngineMaterials/Substrate/Glints2/dict_0005_0046.uasset" 5064
"../../../Engine/Content/EngineMaterials/Substrate/Glints2/dict_0005_0047.uasset" 5065
"../../../Engine/Content/EngineMaterials/Substrate/Glints2/dict_0005_0048.uasset" 5066
"../../../Engine/Content/EngineMaterials/Substrate/Glints2/dict_0005_0049.uasset" 5067
"../../../Engine/Content/EngineMaterials/Substrate/Glints2/dict_0005_0050.uasset" 5068
"../../../Engine/Content/EngineMaterials/Substrate/Glints2/dict_0005_0051.uasset" 5069
"../../../Engine/Content/EngineMaterials/Substrate/Glints2/dict_0005_0052.uasset" 5070
"../../../Engine/Content/EngineMaterials/Substrate/Glints2/dict_0005_0053.uasset" 5071
"../../../Engine/Content/EngineMaterials/Substrate/Glints2/dict_0005_0054.uasset" 5072
"../../../Engine/Content/EngineMaterials/Substrate/Glints2/dict_0005_0055.uasset" 5073
"../../../Engine/Content/EngineMaterials/Substrate/Glints2/dict_0005_0056.uasset" 5074
"../../../Engine/Content/EngineMaterials/Substrate/Glints2/dict_0005_0057.uasset" 5075
"../../../Engine/Content/EngineMaterials/Substrate/Glints2/dict_0005_0058.uasset" 5076
"../../../Engine/Content/EngineMaterials/Substrate/Glints2/dict_0005_0059.uasset" 5077
"../../../Engine/Content/EngineMaterials/Substrate/Glints2/dict_0005_0060.uasset" 5078
"../../../Engine/Content/EngineMaterials/Substrate/Glints2/dict_0005_0061.uasset" 5079
"../../../Engine/Content/EngineMaterials/Substrate/Glints2/dict_0005_0062.uasset" 5080
"../../../Engine/Content/EngineMaterials/Substrate/Glints2/dict_0005_0063.uasset" 5081
"../../../Engine/Content/EngineMaterials/Substrate/Glints2/dict_0005_0064.uasset" 5082
"../../../Engine/Content/EngineMaterials/Substrate/Glints2/dict_0005_0065.uasset" 5083
"../../../Engine/Content/EngineMaterials/Substrate/Glints2/dict_0005_0066.uasset" 5084
"../../../Engine/Content/EngineMaterials/Substrate/Glints2/dict_0005_0067.uasset" 5085
"../../../Engine/Content/EngineMaterials/Substrate/Glints2/dict_0005_0068.uasset" 5086
"../../../Engine/Content/EngineMaterials/Substrate/Glints2/dict_0005_0069.uasset" 5087
"../../../Engine/Content/EngineMaterials/Substrate/Glints2/dict_0005_0070.uasset" 5088
"../../../Engine/Content/EngineMaterials/Substrate/Glints2/dict_0005_0071.uasset" 5089
"../../../Engine/Content/EngineMaterials/Substrate/Glints2/dict_0005_0072.uasset" 5090
"../../../Engine/Content/EngineMaterials/Substrate/Glints2/dict_0005_0073.uasset" 5091
"../../../Engine/Content/EngineMaterials/Substrate/Glints2/dict_0005_0074.uasset" 5092
"../../../Engine/Content/EngineMaterials/Substrate/Glints2/dict_0005_0075.uasset" 5093
"../../../Engine/Content/EngineMaterials/Substrate/Glints2/dict_0005_0076.uasset" 5094
"../../../Engine/Content/EngineMaterials/Substrate/Glints2/dict_0005_0077.uasset" 5095
"../../../Engine/Content/EngineMaterials/Substrate/Glints2/dict_0005_0078.uasset" 5096
"../../../Engine/Content/EngineMaterials/Substrate/Glints2/dict_0005_0079.uasset" 5097
"../../../Engine/Content/EngineMaterials/Substrate/Glints2/dict_0005_0080.uasset" 5098
"../../../Engine/Content/EngineMaterials/Substrate/Glints2/dict_0005_0081.uasset" 5099
"../../../Engine/Content/EngineMaterials/Substrate/Glints2/dict_0005_0082.uasset" 5100
"../../../Engine/Content/EngineMaterials/Substrate/Glints2/dict_0005_0083.uasset" 5101
"../../../Engine/Content/EngineMaterials/Substrate/Glints2/dict_0005_0084.uasset" 5102
"../../../Engine/Content/EngineMaterials/Substrate/Glints2/dict_0005_0085.uasset" 5103
"../../../Engine/Content/EngineMaterials/Substrate/Glints2/dict_0005_0086.uasset" 5104
"../../../Engine/Content/EngineMaterials/Substrate/Glints2/dict_0005_0087.uasset" 5105
"../../../Engine/Content/EngineMaterials/Substrate/Glints2/dict_0005_0088.uasset" 5106
"../../../Engine/Content/EngineMaterials/Substrate/Glints2/dict_0005_0089.uasset" 5107
"../../../Engine/Content/EngineMaterials/Substrate/Glints2/dict_0005_0090.uasset" 5108
"../../../Engine/Content/EngineMaterials/Substrate/Glints2/dict_0005_0091.uasset" 5109
"../../../Engine/Content/EngineMaterials/Substrate/Glints2/dict_0005_0092.uasset" 5110
"../../../Engine/Content/EngineMaterials/Substrate/Glints2/dict_0005_0093.uasset" 5111
"../../../Engine/Content/EngineMaterials/Substrate/Glints2/dict_0005_0094.uasset" 5112
"../../../Engine/Content/EngineMaterials/Substrate/Glints2/dict_0005_0095.uasset" 5113
"../../../Engine/Content/EngineMaterials/Substrate/Glints2/dict_0005_0096.uasset" 5114
"../../../Engine/Content/EngineMaterials/Substrate/Glints2/dict_0005_0097.uasset" 5115
"../../../Engine/Content/EngineMaterials/Substrate/Glints2/dict_0005_0098.uasset" 5116
"../../../Engine/Content/EngineMaterials/Substrate/Glints2/dict_0005_0099.uasset" 5117
"../../../Engine/Content/EngineMaterials/Substrate/Glints2/dict_0005_0100.uasset" 5118
"../../../Engine/Content/EngineMaterials/Substrate/Glints2/dict_0005_0101.uasset" 5119
"../../../Engine/Content/EngineMaterials/Substrate/Glints2/dict_0005_0102.uasset" 5120
"../../../Engine/Content/EngineMaterials/Substrate/Glints2/dict_0005_0103.uasset" 5121
"../../../Engine/Content/EngineMaterials/Substrate/Glints2/dict_0005_0104.uasset" 5122
"../../../Engine/Content/EngineMaterials/Substrate/Glints2/dict_0005_0105.uasset" 5123
"../../../Engine/Content/EngineMaterials/Substrate/Glints2/dict_0005_0106.uasset" 5124
"../../../Engine/Content/EngineMaterials/Substrate/Glints2/dict_0005_0107.uasset" 5125
"../../../Engine/Content/EngineMaterials/Substrate/Glints2/dict_0005_0108.uasset" 5126
"../../../Engine/Content/EngineMaterials/Substrate/Glints2/dict_0005_0109.uasset" 5127
"../../../Engine/Content/EngineMaterials/Substrate/Glints2/dict_0005_0110.uasset" 5128
"../../../Engine/Content/EngineMaterials/Substrate/Glints2/dict_0005_0111.uasset" 5129
"../../../Engine/Content/EngineMaterials/Substrate/Glints2/dict_0005_0112.uasset" 5130
"../../../Engine/Content/EngineMaterials/Substrate/Glints2/dict_0005_0113.uasset" 5131
"../../../Engine/Content/EngineMaterials/Substrate/Glints2/dict_0005_0114.uasset" 5132
"../../../Engine/Content/EngineMaterials/Substrate/Glints2/dict_0005_0115.uasset" 5133
"../../../Engine/Content/EngineMaterials/Substrate/Glints2/dict_0005_0116.uasset" 5134
"../../../Engine/Content/EngineMaterials/Substrate/Glints2/dict_0005_0117.uasset" 5135
"../../../Engine/Content/EngineMaterials/Substrate/Glints2/dict_0005_0118.uasset" 5136
"../../../Engine/Content/EngineMaterials/Substrate/Glints2/dict_0005_0119.uasset" 5137
"../../../Engine/Content/EngineMaterials/Substrate/Glints2/dict_0005_0120.uasset" 5138
"../../../Engine/Content/EngineMaterials/Substrate/Glints2/dict_0005_0121.uasset" 5139
"../../../Engine/Content/EngineMaterials/Substrate/Glints2/dict_0005_0122.uasset" 5140
"../../../Engine/Content/EngineMaterials/Substrate/Glints2/dict_0005_0123.uasset" 5141
"../../../Engine/Content/EngineMaterials/Substrate/Glints2/dict_0005_0124.uasset" 5142
"../../../Engine/Content/EngineMaterials/Substrate/Glints2/dict_0005_0125.uasset" 5143
"../../../Engine/Content/EngineMaterials/Substrate/Glints2/dict_0005_0126.uasset" 5144
"../../../Engine/Content/EngineMaterials/Substrate/Glints2/dict_0005_0127.uasset" 5145
"../../../Engine/Content/EngineMaterials/Substrate/Glints2/dict_0005_0128.uasset" 5146
"../../../Engine/Content/EngineMaterials/Substrate/Glints2/dict_0005_0129.uasset" 5147
"../../../Engine/Content/EngineMaterials/Substrate/Glints2/dict_0005_0130.uasset" 5148
"../../../Engine/Content/EngineMaterials/Substrate/Glints2/dict_0005_0131.uasset" 5149
"../../../Engine/Content/EngineMaterials/Substrate/Glints2/dict_0005_0132.uasset" 5150
"../../../Engine/Content/EngineMaterials/Substrate/Glints2/dict_0005_0133.uasset" 5151
"../../../Engine/Content/EngineMaterials/Substrate/Glints2/dict_0005_0134.uasset" 5152
"../../../Engine/Content/EngineMaterials/Substrate/Glints2/dict_0005_0135.uasset" 5153
"../../../Engine/Content/EngineMaterials/Substrate/Glints2/dict_0005_0136.uasset" 5154
"../../../Engine/Content/EngineMaterials/Substrate/Glints2/dict_0005_0137.uasset" 5155
"../../../Engine/Content/EngineMaterials/Substrate/Glints2/dict_0005_0138.uasset" 5156
"../../../Engine/Content/EngineMaterials/Substrate/Glints2/dict_0005_0139.uasset" 5157
"../../../Engine/Content/EngineMaterials/Substrate/Glints2/dict_0005_0140.uasset" 5158
"../../../Engine/Content/EngineMaterials/Substrate/Glints2/dict_0005_0141.uasset" 5159
"../../../Engine/Content/EngineMaterials/Substrate/Glints2/dict_0005_0142.uasset" 5160
"../../../Engine/Content/EngineMaterials/Substrate/Glints2/dict_0005_0143.uasset" 5161
"../../../Engine/Content/EngineMaterials/Substrate/Glints2/dict_0005_0144.uasset" 5162
"../../../Engine/Content/EngineMaterials/Substrate/Glints2/dict_0005_0145.uasset" 5163
"../../../Engine/Content/EngineMaterials/Substrate/Glints2/dict_0005_0146.uasset" 5164
"../../../Engine/Content/EngineMaterials/Substrate/Glints2/dict_0005_0147.uasset" 5165
"../../../Engine/Content/EngineMaterials/Substrate/Glints2/dict_0005_0148.uasset" 5166
"../../../Engine/Content/EngineMaterials/Substrate/Glints2/dict_0005_0149.uasset" 5167
"../../../Engine/Content/EngineMaterials/Substrate/Glints2/dict_0005_0150.uasset" 5168
"../../../Engine/Content/EngineMaterials/Substrate/Glints2/dict_0005_0151.uasset" 5169
"../../../Engine/Content/EngineMaterials/Substrate/Glints2/dict_0005_0152.uasset" 5170
"../../../Engine/Content/EngineMaterials/Substrate/Glints2/dict_0005_0153.uasset" 5171
"../../../Engine/Content/EngineMaterials/Substrate/Glints2/dict_0005_0154.uasset" 5172
"../../../Engine/Content/EngineMaterials/Substrate/Glints2/dict_0005_0155.uasset" 5173
"../../../Engine/Content/EngineMaterials/Substrate/Glints2/dict_0005_0156.uasset" 5174
"../../../Engine/Content/EngineMaterials/Substrate/Glints2/dict_0005_0157.uasset" 5175
"../../../Engine/Content/EngineMaterials/Substrate/Glints2/dict_0005_0158.uasset" 5176
"../../../Engine/Content/EngineMaterials/Substrate/Glints2/dict_0005_0159.uasset" 5177
"../../../Engine/Content/EngineMaterials/Substrate/Glints2/dict_0005_0160.uasset" 5178
"../../../Engine/Content/EngineMaterials/Substrate/Glints2/dict_0005_0161.uasset" 5179
"../../../Engine/Content/EngineMaterials/Substrate/Glints2/dict_0005_0162.uasset" 5180
"../../../Engine/Content/EngineMaterials/Substrate/Glints2/dict_0005_0163.uasset" 5181
"../../../Engine/Content/EngineMaterials/Substrate/Glints2/dict_0005_0164.uasset" 5182
"../../../Engine/Content/EngineMaterials/Substrate/Glints2/dict_0005_0165.uasset" 5183
"../../../Engine/Content/EngineMaterials/Substrate/Glints2/dict_0005_0166.uasset" 5184
"../../../Engine/Content/EngineMaterials/Substrate/Glints2/dict_0005_0167.uasset" 5185
"../../../Engine/Content/EngineMaterials/Substrate/Glints2/dict_0005_0168.uasset" 5186
"../../../Engine/Content/EngineMaterials/Substrate/Glints2/dict_0005_0169.uasset" 5187
"../../../Engine/Content/EngineMaterials/Substrate/Glints2/dict_0005_0170.uasset" 5188
"../../../Engine/Content/EngineMaterials/Substrate/Glints2/dict_0005_0171.uasset" 5189
"../../../Engine/Content/EngineMaterials/Substrate/Glints2/dict_0005_0172.uasset" 5190
"../../../Engine/Content/EngineMaterials/Substrate/Glints2/dict_0005_0173.uasset" 5191
"../../../Engine/Content/EngineMaterials/Substrate/Glints2/dict_0005_0174.uasset" 5192
"../../../Engine/Content/EngineMaterials/Substrate/Glints2/dict_0005_0175.uasset" 5193
"../../../Engine/Content/EngineMaterials/Substrate/Glints2/dict_0005_0176.uasset" 5194
"../../../Engine/Content/EngineMaterials/Substrate/Glints2/dict_0005_0177.uasset" 5195
"../../../Engine/Content/EngineMaterials/Substrate/Glints2/dict_0005_0178.uasset" 5196
"../../../Engine/Content/EngineMaterials/Substrate/Glints2/dict_0005_0179.uasset" 5197
"../../../Engine/Content/EngineMaterials/Substrate/Glints2/dict_0005_0180.uasset" 5198
"../../../Engine/Content/EngineMaterials/Substrate/Glints2/dict_0005_0181.uasset" 5199
"../../../Engine/Content/EngineMaterials/Substrate/Glints2/dict_0005_0182.uasset" 5200
"../../../Engine/Content/EngineMaterials/Substrate/Glints2/dict_0005_0183.uasset" 5201
"../../../Engine/Content/EngineMaterials/Substrate/Glints2/dict_0005_0184.uasset" 5202
"../../../Engine/Content/EngineMaterials/Substrate/Glints2/dict_0005_0185.uasset" 5203
"../../../Engine/Content/EngineMaterials/Substrate/Glints2/dict_0005_0186.uasset" 5204
"../../../Engine/Content/EngineMaterials/Substrate/Glints2/dict_0005_0187.uasset" 5205
"../../../Engine/Content/EngineMaterials/Substrate/Glints2/dict_0005_0188.uasset" 5206
"../../../Engine/Content/EngineMaterials/Substrate/Glints2/dict_0005_0189.uasset" 5207
"../../../Engine/Content/EngineMaterials/Substrate/Glints2/dict_0005_0190.uasset" 5208
"../../../Engine/Content/EngineMaterials/Substrate/Glints2/dict_0005_0191.uasset" 5209
"../../../Engine/Content/EngineMaterials/Substrate/Glints2/dict_0005_0192.uasset" 5210
"../../../Engine/Content/EngineMaterials/Substrate/Glints2/dict_0005_0193.uasset" 5211
"../../../Engine/Content/EngineMaterials/Substrate/Glints2/dict_0005_0194.uasset" 5212
"../../../Engine/Content/EngineMaterials/Substrate/Glints2/dict_0005_0195.uasset" 5213
"../../../Engine/Content/EngineMaterials/Substrate/Glints2/dict_0005_0196.uasset" 5214
"../../../Engine/Content/EngineMaterials/Substrate/Glints2/dict_0005_0197.uasset" 5215
"../../../Engine/Content/EngineMaterials/Substrate/Glints2/dict_0005_0198.uasset" 5216
"../../../Engine/Content/EngineMaterials/Substrate/Glints2/dict_0005_0199.uasset" 5217
"../../../Engine/Content/EngineMaterials/Substrate/Glints2/dict_0005_0200.uasset" 5218
"../../../Engine/Content/EngineMaterials/Substrate/Glints2/dict_0005_0201.uasset" 5219
"../../../Engine/Content/EngineMaterials/Substrate/Glints2/dict_0005_0202.uasset" 5220
"../../../Engine/Content/EngineMaterials/Substrate/Glints2/dict_0005_0203.uasset" 5221
"../../../Engine/Content/EngineMaterials/Substrate/Glints2/dict_0005_0204.uasset" 5222
"../../../Engine/Content/EngineMaterials/Substrate/Glints2/dict_0005_0205.uasset" 5223
"../../../Engine/Content/EngineMaterials/Substrate/Glints2/dict_0005_0206.uasset" 5224
"../../../Engine/Content/EngineMaterials/Substrate/Glints2/dict_0005_0207.uasset" 5225
"../../../Engine/Content/EngineMaterials/Substrate/Glints2/dict_0005_0208.uasset" 5226
"../../../Engine/Content/EngineMaterials/Substrate/Glints2/dict_0005_0209.uasset" 5227
"../../../Engine/Content/EngineMaterials/Substrate/Glints2/dict_0005_0210.uasset" 5228
"../../../Engine/Content/EngineMaterials/Substrate/Glints2/dict_0005_0211.uasset" 5229
"../../../Engine/Content/EngineMaterials/Substrate/Glints2/dict_0005_0212.uasset" 5230
"../../../Engine/Content/EngineMaterials/Substrate/Glints2/dict_0005_0213.uasset" 5231
"../../../Engine/Content/EngineMaterials/Substrate/Glints2/dict_0005_0214.uasset" 5232
"../../../Engine/Content/EngineMaterials/Substrate/Glints2/dict_0005_0215.uasset" 5233
"../../../Engine/Content/EngineMaterials/Substrate/Glints2/dict_0005_0216.uasset" 5234
"../../../Engine/Content/EngineMaterials/Substrate/Glints2/dict_0005_0217.uasset" 5235
"../../../Engine/Content/EngineMaterials/Substrate/Glints2/dict_0005_0218.uasset" 5236
"../../../Engine/Content/EngineMaterials/Substrate/Glints2/dict_0005_0219.uasset" 5237
"../../../Engine/Content/EngineMaterials/Substrate/Glints2/dict_0005_0220.uasset" 5238
"../../../Engine/Content/EngineMaterials/Substrate/Glints2/dict_0005_0221.uasset" 5239
"../../../Engine/Content/EngineMaterials/Substrate/Glints2/dict_0005_0222.uasset" 5240
"../../../Engine/Content/EngineMaterials/Substrate/Glints2/dict_0005_0223.uasset" 5241
"../../../Engine/Content/EngineMaterials/Substrate/Glints2/dict_0005_0224.uasset" 5242
"../../../Engine/Content/EngineMaterials/Substrate/Glints2/dict_0005_0225.uasset" 5243
"../../../Engine/Content/EngineMaterials/Substrate/Glints2/dict_0005_0226.uasset" 5244
"../../../Engine/Content/EngineMaterials/Substrate/Glints2/dict_0005_0227.uasset" 5245
"../../../Engine/Content/EngineMaterials/Substrate/Glints2/dict_0005_0228.uasset" 5246
"../../../Engine/Content/EngineMaterials/Substrate/Glints2/dict_0005_0229.uasset" 5247
"../../../Engine/Content/EngineMaterials/Substrate/Glints2/dict_0005_0230.uasset" 5248
"../../../Engine/Content/EngineMaterials/Substrate/Glints2/dict_0005_0231.uasset" 5249
"../../../Engine/Content/EngineMaterials/Substrate/Glints2/dict_0005_0232.uasset" 5250
"../../../Engine/Content/EngineMaterials/Substrate/Glints2/dict_0005_0233.uasset" 5251
"../../../Engine/Content/EngineMaterials/Substrate/Glints2/dict_0005_0234.uasset" 5252
"../../../Engine/Content/EngineMaterials/Substrate/Glints2/dict_0005_0235.uasset" 5253
"../../../Engine/Content/EngineMaterials/Substrate/Glints2/dict_0005_0236.uasset" 5254
"../../../Engine/Content/EngineMaterials/Substrate/Glints2/dict_0005_0237.uasset" 5255
"../../../Engine/Content/EngineMaterials/Substrate/Glints2/dict_0005_0238.uasset" 5256
"../../../Engine/Content/EngineMaterials/Substrate/Glints2/dict_0005_0239.uasset" 5257
"../../../Engine/Content/EngineMaterials/Substrate/Glints2/dict_0005_0240.uasset" 5258
"../../../Engine/Content/EngineMaterials/Substrate/Glints2/dict_0005_0241.uasset" 5259
"../../../Engine/Content/EngineMaterials/Substrate/Glints2/dict_0005_0242.uasset" 5260
"../../../Engine/Content/EngineMaterials/Substrate/Glints2/dict_0005_0243.uasset" 5261
"../../../Engine/Content/EngineMaterials/Substrate/Glints2/dict_0005_0244.uasset" 5262
"../../../Engine/Content/EngineMaterials/Substrate/Glints2/dict_0005_0245.uasset" 5263
"../../../Engine/Content/EngineMaterials/Substrate/Glints2/dict_0005_0246.uasset" 5264
"../../../Engine/Content/EngineMaterials/Substrate/Glints2/dict_0005_0247.uasset" 5265
"../../../Engine/Content/EngineMaterials/Substrate/Glints2/dict_0005_0248.uasset" 5266
"../../../Engine/Content/EngineMaterials/Substrate/Glints2/dict_0005_0249.uasset" 5267
"../../../Engine/Content/EngineMaterials/Substrate/Glints2/dict_0005_0250.uasset" 5268
"../../../Engine/Content/EngineMaterials/Substrate/Glints2/dict_0005_0251.uasset" 5269
"../../../Engine/Content/EngineMaterials/Substrate/Glints2/dict_0005_0252.uasset" 5270
"../../../Engine/Content/EngineMaterials/Substrate/Glints2/dict_0005_0253.uasset" 5271
"../../../Engine/Content/EngineMaterials/Substrate/Glints2/dict_0005_0254.uasset" 5272
"../../../Engine/Content/EngineMaterials/Substrate/Glints2/dict_0005_0255.uasset" 5273
"../../../Engine/Content/EngineMaterials/Substrate/Glints2/dict_0006_0000.uasset" 5274
"../../../Engine/Content/EngineMaterials/Substrate/Glints2/dict_0006_0001.uasset" 5275
"../../../Engine/Content/EngineMaterials/Substrate/Glints2/dict_0006_0002.uasset" 5276
"../../../Engine/Content/EngineMaterials/Substrate/Glints2/dict_0006_0003.uasset" 5277
"../../../Engine/Content/EngineMaterials/Substrate/Glints2/dict_0006_0004.uasset" 5278
"../../../Engine/Content/EngineMaterials/Substrate/Glints2/dict_0006_0005.uasset" 5279
"../../../Engine/Content/EngineMaterials/Substrate/Glints2/dict_0006_0006.uasset" 5280
"../../../Engine/Content/EngineMaterials/Substrate/Glints2/dict_0006_0007.uasset" 5281
"../../../Engine/Content/EngineMaterials/Substrate/Glints2/dict_0006_0008.uasset" 5282
"../../../Engine/Content/EngineMaterials/Substrate/Glints2/dict_0006_0009.uasset" 5283
"../../../Engine/Content/EngineMaterials/Substrate/Glints2/dict_0006_0010.uasset" 5284
"../../../Engine/Content/EngineMaterials/Substrate/Glints2/dict_0006_0011.uasset" 5285
"../../../Engine/Content/EngineMaterials/Substrate/Glints2/dict_0006_0012.uasset" 5286
"../../../Engine/Content/EngineMaterials/Substrate/Glints2/dict_0006_0013.uasset" 5287
"../../../Engine/Content/EngineMaterials/Substrate/Glints2/dict_0006_0014.uasset" 5288
"../../../Engine/Content/EngineMaterials/Substrate/Glints2/dict_0006_0015.uasset" 5289
"../../../Engine/Content/EngineMaterials/Substrate/Glints2/dict_0006_0016.uasset" 5290
"../../../Engine/Content/EngineMaterials/Substrate/Glints2/dict_0006_0017.uasset" 5291
"../../../Engine/Content/EngineMaterials/Substrate/Glints2/dict_0006_0018.uasset" 5292
"../../../Engine/Content/EngineMaterials/Substrate/Glints2/dict_0006_0019.uasset" 5293
"../../../Engine/Content/EngineMaterials/Substrate/Glints2/dict_0006_0020.uasset" 5294
"../../../Engine/Content/EngineMaterials/Substrate/Glints2/dict_0006_0021.uasset" 5295
"../../../Engine/Content/EngineMaterials/Substrate/Glints2/dict_0006_0022.uasset" 5296
"../../../Engine/Content/EngineMaterials/Substrate/Glints2/dict_0006_0023.uasset" 5297
"../../../Engine/Content/EngineMaterials/Substrate/Glints2/dict_0006_0024.uasset" 5298
"../../../Engine/Content/EngineMaterials/Substrate/Glints2/dict_0006_0025.uasset" 5299
"../../../Engine/Content/EngineMaterials/Substrate/Glints2/dict_0006_0026.uasset" 5300
"../../../Engine/Content/EngineMaterials/Substrate/Glints2/dict_0006_0027.uasset" 5301
"../../../Engine/Content/EngineMaterials/Substrate/Glints2/dict_0006_0028.uasset" 5302
"../../../Engine/Content/EngineMaterials/Substrate/Glints2/dict_0006_0029.uasset" 5303
"../../../Engine/Content/EngineMaterials/Substrate/Glints2/dict_0006_0030.uasset" 5304
"../../../Engine/Content/EngineMaterials/Substrate/Glints2/dict_0006_0031.uasset" 5305
"../../../Engine/Content/EngineMaterials/Substrate/Glints2/dict_0006_0032.uasset" 5306
"../../../Engine/Content/EngineMaterials/Substrate/Glints2/dict_0006_0033.uasset" 5307
"../../../Engine/Content/EngineMaterials/Substrate/Glints2/dict_0006_0034.uasset" 5308
"../../../Engine/Content/EngineMaterials/Substrate/Glints2/dict_0006_0035.uasset" 5309
"../../../Engine/Content/EngineMaterials/Substrate/Glints2/dict_0006_0036.uasset" 5310
"../../../Engine/Content/EngineMaterials/Substrate/Glints2/dict_0006_0037.uasset" 5311
"../../../Engine/Content/EngineMaterials/Substrate/Glints2/dict_0006_0038.uasset" 5312
"../../../Engine/Content/EngineMaterials/Substrate/Glints2/dict_0006_0039.uasset" 5313
"../../../Engine/Content/EngineMaterials/Substrate/Glints2/dict_0006_0040.uasset" 5314
"../../../Engine/Content/EngineMaterials/Substrate/Glints2/dict_0006_0041.uasset" 5315
"../../../Engine/Content/EngineMaterials/Substrate/Glints2/dict_0006_0042.uasset" 5316
"../../../Engine/Content/EngineMaterials/Substrate/Glints2/dict_0006_0043.uasset" 5317
"../../../Engine/Content/EngineMaterials/Substrate/Glints2/dict_0006_0044.uasset" 5318
"../../../Engine/Content/EngineMaterials/Substrate/Glints2/dict_0006_0045.uasset" 5319
"../../../Engine/Content/EngineMaterials/Substrate/Glints2/dict_0006_0046.uasset" 5320
"../../../Engine/Content/EngineMaterials/Substrate/Glints2/dict_0006_0047.uasset" 5321
"../../../Engine/Content/EngineMaterials/Substrate/Glints2/dict_0006_0048.uasset" 5322
"../../../Engine/Content/EngineMaterials/Substrate/Glints2/dict_0006_0049.uasset" 5323
"../../../Engine/Content/EngineMaterials/Substrate/Glints2/dict_0006_0050.uasset" 5324
"../../../Engine/Content/EngineMaterials/Substrate/Glints2/dict_0006_0051.uasset" 5325
"../../../Engine/Content/EngineMaterials/Substrate/Glints2/dict_0006_0052.uasset" 5326
"../../../Engine/Content/EngineMaterials/Substrate/Glints2/dict_0006_0053.uasset" 5327
"../../../Engine/Content/EngineMaterials/Substrate/Glints2/dict_0006_0054.uasset" 5328
"../../../Engine/Content/EngineMaterials/Substrate/Glints2/dict_0006_0055.uasset" 5329
"../../../Engine/Content/EngineMaterials/Substrate/Glints2/dict_0006_0056.uasset" 5330
"../../../Engine/Content/EngineMaterials/Substrate/Glints2/dict_0006_0057.uasset" 5331
"../../../Engine/Content/EngineMaterials/Substrate/Glints2/dict_0006_0058.uasset" 5332
"../../../Engine/Content/EngineMaterials/Substrate/Glints2/dict_0006_0059.uasset" 5333
"../../../Engine/Content/EngineMaterials/Substrate/Glints2/dict_0006_0060.uasset" 5334
"../../../Engine/Content/EngineMaterials/Substrate/Glints2/dict_0006_0061.uasset" 5335
"../../../Engine/Content/EngineMaterials/Substrate/Glints2/dict_0006_0062.uasset" 5336
"../../../Engine/Content/EngineMaterials/Substrate/Glints2/dict_0006_0063.uasset" 5337
"../../../Engine/Content/EngineMaterials/Substrate/Glints2/dict_0006_0064.uasset" 5338
"../../../Engine/Content/EngineMaterials/Substrate/Glints2/dict_0006_0065.uasset" 5339
"../../../Engine/Content/EngineMaterials/Substrate/Glints2/dict_0006_0066.uasset" 5340
"../../../Engine/Content/EngineMaterials/Substrate/Glints2/dict_0006_0067.uasset" 5341
"../../../Engine/Content/EngineMaterials/Substrate/Glints2/dict_0006_0068.uasset" 5342
"../../../Engine/Content/EngineMaterials/Substrate/Glints2/dict_0006_0069.uasset" 5343
"../../../Engine/Content/EngineMaterials/Substrate/Glints2/dict_0006_0070.uasset" 5344
"../../../Engine/Content/EngineMaterials/Substrate/Glints2/dict_0006_0071.uasset" 5345
"../../../Engine/Content/EngineMaterials/Substrate/Glints2/dict_0006_0072.uasset" 5346
"../../../Engine/Content/EngineMaterials/Substrate/Glints2/dict_0006_0073.uasset" 5347
"../../../Engine/Content/EngineMaterials/Substrate/Glints2/dict_0006_0074.uasset" 5348
"../../../Engine/Content/EngineMaterials/Substrate/Glints2/dict_0006_0075.uasset" 5349
"../../../Engine/Content/EngineMaterials/Substrate/Glints2/dict_0006_0076.uasset" 5350
"../../../Engine/Content/EngineMaterials/Substrate/Glints2/dict_0006_0077.uasset" 5351
"../../../Engine/Content/EngineMaterials/Substrate/Glints2/dict_0006_0078.uasset" 5352
"../../../Engine/Content/EngineMaterials/Substrate/Glints2/dict_0006_0079.uasset" 5353
"../../../Engine/Content/EngineMaterials/Substrate/Glints2/dict_0006_0080.uasset" 5354
"../../../Engine/Content/EngineMaterials/Substrate/Glints2/dict_0006_0081.uasset" 5355
"../../../Engine/Content/EngineMaterials/Substrate/Glints2/dict_0006_0082.uasset" 5356
"../../../Engine/Content/EngineMaterials/Substrate/Glints2/dict_0006_0083.uasset" 5357
"../../../Engine/Content/EngineMaterials/Substrate/Glints2/dict_0006_0084.uasset" 5358
"../../../Engine/Content/EngineMaterials/Substrate/Glints2/dict_0006_0085.uasset" 5359
"../../../Engine/Content/EngineMaterials/Substrate/Glints2/dict_0006_0086.uasset" 5360
"../../../Engine/Content/EngineMaterials/Substrate/Glints2/dict_0006_0087.uasset" 5361
"../../../Engine/Content/EngineMaterials/Substrate/Glints2/dict_0006_0088.uasset" 5362
"../../../Engine/Content/EngineMaterials/Substrate/Glints2/dict_0006_0089.uasset" 5363
"../../../Engine/Content/EngineMaterials/Substrate/Glints2/dict_0006_0090.uasset" 5364
"../../../Engine/Content/EngineMaterials/Substrate/Glints2/dict_0006_0091.uasset" 5365
"../../../Engine/Content/EngineMaterials/Substrate/Glints2/dict_0006_0092.uasset" 5366
"../../../Engine/Content/EngineMaterials/Substrate/Glints2/dict_0006_0093.uasset" 5367
"../../../Engine/Content/EngineMaterials/Substrate/Glints2/dict_0006_0094.uasset" 5368
"../../../Engine/Content/EngineMaterials/Substrate/Glints2/dict_0006_0095.uasset" 5369
"../../../Engine/Content/EngineMaterials/Substrate/Glints2/dict_0006_0096.uasset" 5370
"../../../Engine/Content/EngineMaterials/Substrate/Glints2/dict_0006_0097.uasset" 5371
"../../../Engine/Content/EngineMaterials/Substrate/Glints2/dict_0006_0098.uasset" 5372
"../../../Engine/Content/EngineMaterials/Substrate/Glints2/dict_0006_0099.uasset" 5373
"../../../Engine/Content/EngineMaterials/Substrate/Glints2/dict_0006_0100.uasset" 5374
"../../../Engine/Content/EngineMaterials/Substrate/Glints2/dict_0006_0101.uasset" 5375
"../../../Engine/Content/EngineMaterials/Substrate/Glints2/dict_0006_0102.uasset" 5376
"../../../Engine/Content/EngineMaterials/Substrate/Glints2/dict_0006_0103.uasset" 5377
"../../../Engine/Content/EngineMaterials/Substrate/Glints2/dict_0006_0104.uasset" 5378
"../../../Engine/Content/EngineMaterials/Substrate/Glints2/dict_0006_0105.uasset" 5379
"../../../Engine/Content/EngineMaterials/Substrate/Glints2/dict_0006_0106.uasset" 5380
"../../../Engine/Content/EngineMaterials/Substrate/Glints2/dict_0006_0107.uasset" 5381
"../../../Engine/Content/EngineMaterials/Substrate/Glints2/dict_0006_0108.uasset" 5382
"../../../Engine/Content/EngineMaterials/Substrate/Glints2/dict_0006_0109.uasset" 5383
"../../../Engine/Content/EngineMaterials/Substrate/Glints2/dict_0006_0110.uasset" 5384
"../../../Engine/Content/EngineMaterials/Substrate/Glints2/dict_0006_0111.uasset" 5385
"../../../Engine/Content/EngineMaterials/Substrate/Glints2/dict_0006_0112.uasset" 5386
"../../../Engine/Content/EngineMaterials/Substrate/Glints2/dict_0006_0113.uasset" 5387
"../../../Engine/Content/EngineMaterials/Substrate/Glints2/dict_0006_0114.uasset" 5388
"../../../Engine/Content/EngineMaterials/Substrate/Glints2/dict_0006_0115.uasset" 5389
"../../../Engine/Content/EngineMaterials/Substrate/Glints2/dict_0006_0116.uasset" 5390
"../../../Engine/Content/EngineMaterials/Substrate/Glints2/dict_0006_0117.uasset" 5391
"../../../Engine/Content/EngineMaterials/Substrate/Glints2/dict_0006_0118.uasset" 5392
"../../../Engine/Content/EngineMaterials/Substrate/Glints2/dict_0006_0119.uasset" 5393
"../../../Engine/Content/EngineMaterials/Substrate/Glints2/dict_0006_0120.uasset" 5394
"../../../Engine/Content/EngineMaterials/Substrate/Glints2/dict_0006_0121.uasset" 5395
"../../../Engine/Content/EngineMaterials/Substrate/Glints2/dict_0006_0122.uasset" 5396
"../../../Engine/Content/EngineMaterials/Substrate/Glints2/dict_0006_0123.uasset" 5397
"../../../Engine/Content/EngineMaterials/Substrate/Glints2/dict_0006_0124.uasset" 5398
"../../../Engine/Content/EngineMaterials/Substrate/Glints2/dict_0006_0125.uasset" 5399
"../../../Engine/Content/EngineMaterials/Substrate/Glints2/dict_0006_0126.uasset" 5400
"../../../Engine/Content/EngineMaterials/Substrate/Glints2/dict_0006_0127.uasset" 5401
"../../../Engine/Content/EngineMaterials/Substrate/Glints2/dict_0006_0128.uasset" 5402
"../../../Engine/Content/EngineMaterials/Substrate/Glints2/dict_0006_0129.uasset" 5403
"../../../Engine/Content/EngineMaterials/Substrate/Glints2/dict_0006_0130.uasset" 5404
"../../../Engine/Content/EngineMaterials/Substrate/Glints2/dict_0006_0131.uasset" 5405
"../../../Engine/Content/EngineMaterials/Substrate/Glints2/dict_0006_0132.uasset" 5406
"../../../Engine/Content/EngineMaterials/Substrate/Glints2/dict_0006_0133.uasset" 5407
"../../../Engine/Content/EngineMaterials/Substrate/Glints2/dict_0006_0134.uasset" 5408
"../../../Engine/Content/EngineMaterials/Substrate/Glints2/dict_0006_0135.uasset" 5409
"../../../Engine/Content/EngineMaterials/Substrate/Glints2/dict_0006_0136.uasset" 5410
"../../../Engine/Content/EngineMaterials/Substrate/Glints2/dict_0006_0137.uasset" 5411
"../../../Engine/Content/EngineMaterials/Substrate/Glints2/dict_0006_0138.uasset" 5412
"../../../Engine/Content/EngineMaterials/Substrate/Glints2/dict_0006_0139.uasset" 5413
"../../../Engine/Content/EngineMaterials/Substrate/Glints2/dict_0006_0140.uasset" 5414
"../../../Engine/Content/EngineMaterials/Substrate/Glints2/dict_0006_0141.uasset" 5415
"../../../Engine/Content/EngineMaterials/Substrate/Glints2/dict_0006_0142.uasset" 5416
"../../../Engine/Content/EngineMaterials/Substrate/Glints2/dict_0006_0143.uasset" 5417
"../../../Engine/Content/EngineMaterials/Substrate/Glints2/dict_0006_0144.uasset" 5418
"../../../Engine/Content/EngineMaterials/Substrate/Glints2/dict_0006_0145.uasset" 5419
"../../../Engine/Content/EngineMaterials/Substrate/Glints2/dict_0006_0146.uasset" 5420
"../../../Engine/Content/EngineMaterials/Substrate/Glints2/dict_0006_0147.uasset" 5421
"../../../Engine/Content/EngineMaterials/Substrate/Glints2/dict_0006_0148.uasset" 5422
"../../../Engine/Content/EngineMaterials/Substrate/Glints2/dict_0006_0149.uasset" 5423
"../../../Engine/Content/EngineMaterials/Substrate/Glints2/dict_0006_0150.uasset" 5424
"../../../Engine/Content/EngineMaterials/Substrate/Glints2/dict_0006_0151.uasset" 5425
"../../../Engine/Content/EngineMaterials/Substrate/Glints2/dict_0006_0152.uasset" 5426
"../../../Engine/Content/EngineMaterials/Substrate/Glints2/dict_0006_0153.uasset" 5427
"../../../Engine/Content/EngineMaterials/Substrate/Glints2/dict_0006_0154.uasset" 5428
"../../../Engine/Content/EngineMaterials/Substrate/Glints2/dict_0006_0155.uasset" 5429
"../../../Engine/Content/EngineMaterials/Substrate/Glints2/dict_0006_0156.uasset" 5430
"../../../Engine/Content/EngineMaterials/Substrate/Glints2/dict_0006_0157.uasset" 5431
"../../../Engine/Content/EngineMaterials/Substrate/Glints2/dict_0006_0158.uasset" 5432
"../../../Engine/Content/EngineMaterials/Substrate/Glints2/dict_0006_0159.uasset" 5433
"../../../Engine/Content/EngineMaterials/Substrate/Glints2/dict_0006_0160.uasset" 5434
"../../../Engine/Content/EngineMaterials/Substrate/Glints2/dict_0006_0161.uasset" 5435
"../../../Engine/Content/EngineMaterials/Substrate/Glints2/dict_0006_0162.uasset" 5436
"../../../Engine/Content/EngineMaterials/Substrate/Glints2/dict_0006_0163.uasset" 5437
"../../../Engine/Content/EngineMaterials/Substrate/Glints2/dict_0006_0164.uasset" 5438
"../../../Engine/Content/EngineMaterials/Substrate/Glints2/dict_0006_0165.uasset" 5439
"../../../Engine/Content/EngineMaterials/Substrate/Glints2/dict_0006_0166.uasset" 5440
"../../../Engine/Content/EngineMaterials/Substrate/Glints2/dict_0006_0167.uasset" 5441
"../../../Engine/Content/EngineMaterials/Substrate/Glints2/dict_0006_0168.uasset" 5442
"../../../Engine/Content/EngineMaterials/Substrate/Glints2/dict_0006_0169.uasset" 5443
"../../../Engine/Content/EngineMaterials/Substrate/Glints2/dict_0006_0170.uasset" 5444
"../../../Engine/Content/EngineMaterials/Substrate/Glints2/dict_0006_0171.uasset" 5445
"../../../Engine/Content/EngineMaterials/Substrate/Glints2/dict_0006_0172.uasset" 5446
"../../../Engine/Content/EngineMaterials/Substrate/Glints2/dict_0006_0173.uasset" 5447
"../../../Engine/Content/EngineMaterials/Substrate/Glints2/dict_0006_0174.uasset" 5448
"../../../Engine/Content/EngineMaterials/Substrate/Glints2/dict_0006_0175.uasset" 5449
"../../../Engine/Content/EngineMaterials/Substrate/Glints2/dict_0006_0176.uasset" 5450
"../../../Engine/Content/EngineMaterials/Substrate/Glints2/dict_0006_0177.uasset" 5451
"../../../Engine/Content/EngineMaterials/Substrate/Glints2/dict_0006_0178.uasset" 5452
"../../../Engine/Content/EngineMaterials/Substrate/Glints2/dict_0006_0179.uasset" 5453
"../../../Engine/Content/EngineMaterials/Substrate/Glints2/dict_0006_0180.uasset" 5454
"../../../Engine/Content/EngineMaterials/Substrate/Glints2/dict_0006_0181.uasset" 5455
"../../../Engine/Content/EngineMaterials/Substrate/Glints2/dict_0006_0182.uasset" 5456
"../../../Engine/Content/EngineMaterials/Substrate/Glints2/dict_0006_0183.uasset" 5457
"../../../Engine/Content/EngineMaterials/Substrate/Glints2/dict_0006_0184.uasset" 5458
"../../../Engine/Content/EngineMaterials/Substrate/Glints2/dict_0006_0185.uasset" 5459
"../../../Engine/Content/EngineMaterials/Substrate/Glints2/dict_0006_0186.uasset" 5460
"../../../Engine/Content/EngineMaterials/Substrate/Glints2/dict_0006_0187.uasset" 5461
"../../../Engine/Content/EngineMaterials/Substrate/Glints2/dict_0006_0188.uasset" 5462
"../../../Engine/Content/EngineMaterials/Substrate/Glints2/dict_0006_0189.uasset" 5463
"../../../Engine/Content/EngineMaterials/Substrate/Glints2/dict_0006_0190.uasset" 5464
"../../../Engine/Content/EngineMaterials/Substrate/Glints2/dict_0006_0191.uasset" 5465
"../../../Engine/Content/EngineMaterials/Substrate/Glints2/dict_0006_0192.uasset" 5466
"../../../Engine/Content/EngineMaterials/Substrate/Glints2/dict_0006_0193.uasset" 5467
"../../../Engine/Content/EngineMaterials/Substrate/Glints2/dict_0006_0194.uasset" 5468
"../../../Engine/Content/EngineMaterials/Substrate/Glints2/dict_0006_0195.uasset" 5469
"../../../Engine/Content/EngineMaterials/Substrate/Glints2/dict_0006_0196.uasset" 5470
"../../../Engine/Content/EngineMaterials/Substrate/Glints2/dict_0006_0197.uasset" 5471
"../../../Engine/Content/EngineMaterials/Substrate/Glints2/dict_0006_0198.uasset" 5472
"../../../Engine/Content/EngineMaterials/Substrate/Glints2/dict_0006_0199.uasset" 5473
"../../../Engine/Content/EngineMaterials/Substrate/Glints2/dict_0006_0200.uasset" 5474
"../../../Engine/Content/EngineMaterials/Substrate/Glints2/dict_0006_0201.uasset" 5475
"../../../Engine/Content/EngineMaterials/Substrate/Glints2/dict_0006_0202.uasset" 5476
"../../../Engine/Content/EngineMaterials/Substrate/Glints2/dict_0006_0203.uasset" 5477
"../../../Engine/Content/EngineMaterials/Substrate/Glints2/dict_0006_0204.uasset" 5478
"../../../Engine/Content/EngineMaterials/Substrate/Glints2/dict_0006_0205.uasset" 5479
"../../../Engine/Content/EngineMaterials/Substrate/Glints2/dict_0006_0206.uasset" 5480
"../../../Engine/Content/EngineMaterials/Substrate/Glints2/dict_0006_0207.uasset" 5481
"../../../Engine/Content/EngineMaterials/Substrate/Glints2/dict_0006_0208.uasset" 5482
"../../../Engine/Content/EngineMaterials/Substrate/Glints2/dict_0006_0209.uasset" 5483
"../../../Engine/Content/EngineMaterials/Substrate/Glints2/dict_0006_0210.uasset" 5484
"../../../Engine/Content/EngineMaterials/Substrate/Glints2/dict_0006_0211.uasset" 5485
"../../../Engine/Content/EngineMaterials/Substrate/Glints2/dict_0006_0212.uasset" 5486
"../../../Engine/Content/EngineMaterials/Substrate/Glints2/dict_0006_0213.uasset" 5487
"../../../Engine/Content/EngineMaterials/Substrate/Glints2/dict_0006_0214.uasset" 5488
"../../../Engine/Content/EngineMaterials/Substrate/Glints2/dict_0006_0215.uasset" 5489
"../../../Engine/Content/EngineMaterials/Substrate/Glints2/dict_0006_0216.uasset" 5490
"../../../Engine/Content/EngineMaterials/Substrate/Glints2/dict_0006_0217.uasset" 5491
"../../../Engine/Content/EngineMaterials/Substrate/Glints2/dict_0006_0218.uasset" 5492
"../../../Engine/Content/EngineMaterials/Substrate/Glints2/dict_0006_0219.uasset" 5493
"../../../Engine/Content/EngineMaterials/Substrate/Glints2/dict_0006_0220.uasset" 5494
"../../../Engine/Content/EngineMaterials/Substrate/Glints2/dict_0006_0221.uasset" 5495
"../../../Engine/Content/EngineMaterials/Substrate/Glints2/dict_0006_0222.uasset" 5496
"../../../Engine/Content/EngineMaterials/Substrate/Glints2/dict_0006_0223.uasset" 5497
"../../../Engine/Content/EngineMaterials/Substrate/Glints2/dict_0006_0224.uasset" 5498
"../../../Engine/Content/EngineMaterials/Substrate/Glints2/dict_0006_0225.uasset" 5499
"../../../Engine/Content/EngineMaterials/Substrate/Glints2/dict_0006_0226.uasset" 5500
"../../../Engine/Content/EngineMaterials/Substrate/Glints2/dict_0006_0227.uasset" 5501
"../../../Engine/Content/EngineMaterials/Substrate/Glints2/dict_0006_0228.uasset" 5502
"../../../Engine/Content/EngineMaterials/Substrate/Glints2/dict_0006_0229.uasset" 5503
"../../../Engine/Content/EngineMaterials/Substrate/Glints2/dict_0006_0230.uasset" 5504
"../../../Engine/Content/EngineMaterials/Substrate/Glints2/dict_0006_0231.uasset" 5505
"../../../Engine/Content/EngineMaterials/Substrate/Glints2/dict_0006_0232.uasset" 5506
"../../../Engine/Content/EngineMaterials/Substrate/Glints2/dict_0006_0233.uasset" 5507
"../../../Engine/Content/EngineMaterials/Substrate/Glints2/dict_0006_0234.uasset" 5508
"../../../Engine/Content/EngineMaterials/Substrate/Glints2/dict_0006_0235.uasset" 5509
"../../../Engine/Content/EngineMaterials/Substrate/Glints2/dict_0006_0236.uasset" 5510
"../../../Engine/Content/EngineMaterials/Substrate/Glints2/dict_0006_0237.uasset" 5511
"../../../Engine/Content/EngineMaterials/Substrate/Glints2/dict_0006_0238.uasset" 5512
"../../../Engine/Content/EngineMaterials/Substrate/Glints2/dict_0006_0239.uasset" 5513
"../../../Engine/Content/EngineMaterials/Substrate/Glints2/dict_0006_0240.uasset" 5514
"../../../Engine/Content/EngineMaterials/Substrate/Glints2/dict_0006_0241.uasset" 5515
"../../../Engine/Content/EngineMaterials/Substrate/Glints2/dict_0006_0242.uasset" 5516
"../../../Engine/Content/EngineMaterials/Substrate/Glints2/dict_0006_0243.uasset" 5517
"../../../Engine/Content/EngineMaterials/Substrate/Glints2/dict_0006_0244.uasset" 5518
"../../../Engine/Content/EngineMaterials/Substrate/Glints2/dict_0006_0245.uasset" 5519
"../../../Engine/Content/EngineMaterials/Substrate/Glints2/dict_0006_0246.uasset" 5520
"../../../Engine/Content/EngineMaterials/Substrate/Glints2/dict_0006_0247.uasset" 5521
"../../../Engine/Content/EngineMaterials/Substrate/Glints2/dict_0006_0248.uasset" 5522
"../../../Engine/Content/EngineMaterials/Substrate/Glints2/dict_0006_0249.uasset" 5523
"../../../Engine/Content/EngineMaterials/Substrate/Glints2/dict_0006_0250.uasset" 5524
"../../../Engine/Content/EngineMaterials/Substrate/Glints2/dict_0006_0251.uasset" 5525
"../../../Engine/Content/EngineMaterials/Substrate/Glints2/dict_0006_0252.uasset" 5526
"../../../Engine/Content/EngineMaterials/Substrate/Glints2/dict_0006_0253.uasset" 5527
"../../../Engine/Content/EngineMaterials/Substrate/Glints2/dict_0006_0254.uasset" 5528
"../../../Engine/Content/EngineMaterials/Substrate/Glints2/dict_0006_0255.uasset" 5529
"../../../Engine/Content/EngineMaterials/Substrate/Glints2/dict_0007_0000.uasset" 5530
"../../../Engine/Content/EngineMaterials/Substrate/Glints2/dict_0007_0001.uasset" 5531
"../../../Engine/Content/EngineMaterials/Substrate/Glints2/dict_0007_0002.uasset" 5532
"../../../Engine/Content/EngineMaterials/Substrate/Glints2/dict_0007_0003.uasset" 5533
"../../../Engine/Content/EngineMaterials/Substrate/Glints2/dict_0007_0004.uasset" 5534
"../../../Engine/Content/EngineMaterials/Substrate/Glints2/dict_0007_0005.uasset" 5535
"../../../Engine/Content/EngineMaterials/Substrate/Glints2/dict_0007_0006.uasset" 5536
"../../../Engine/Content/EngineMaterials/Substrate/Glints2/dict_0007_0007.uasset" 5537
"../../../Engine/Content/EngineMaterials/Substrate/Glints2/dict_0007_0008.uasset" 5538
"../../../Engine/Content/EngineMaterials/Substrate/Glints2/dict_0007_0009.uasset" 5539
"../../../Engine/Content/EngineMaterials/Substrate/Glints2/dict_0007_0010.uasset" 5540
"../../../Engine/Content/EngineMaterials/Substrate/Glints2/dict_0007_0011.uasset" 5541
"../../../Engine/Content/EngineMaterials/Substrate/Glints2/dict_0007_0012.uasset" 5542
"../../../Engine/Content/EngineMaterials/Substrate/Glints2/dict_0007_0013.uasset" 5543
"../../../Engine/Content/EngineMaterials/Substrate/Glints2/dict_0007_0014.uasset" 5544
"../../../Engine/Content/EngineMaterials/Substrate/Glints2/dict_0007_0015.uasset" 5545
"../../../Engine/Content/EngineMaterials/Substrate/Glints2/dict_0007_0016.uasset" 5546
"../../../Engine/Content/EngineMaterials/Substrate/Glints2/dict_0007_0017.uasset" 5547
"../../../Engine/Content/EngineMaterials/Substrate/Glints2/dict_0007_0018.uasset" 5548
"../../../Engine/Content/EngineMaterials/Substrate/Glints2/dict_0007_0019.uasset" 5549
"../../../Engine/Content/EngineMaterials/Substrate/Glints2/dict_0007_0020.uasset" 5550
"../../../Engine/Content/EngineMaterials/Substrate/Glints2/dict_0007_0021.uasset" 5551
"../../../Engine/Content/EngineMaterials/Substrate/Glints2/dict_0007_0022.uasset" 5552
"../../../Engine/Content/EngineMaterials/Substrate/Glints2/dict_0007_0023.uasset" 5553
"../../../Engine/Content/EngineMaterials/Substrate/Glints2/dict_0007_0024.uasset" 5554
"../../../Engine/Content/EngineMaterials/Substrate/Glints2/dict_0007_0025.uasset" 5555
"../../../Engine/Content/EngineMaterials/Substrate/Glints2/dict_0007_0026.uasset" 5556
"../../../Engine/Content/EngineMaterials/Substrate/Glints2/dict_0007_0027.uasset" 5557
"../../../Engine/Content/EngineMaterials/Substrate/Glints2/dict_0007_0028.uasset" 5558
"../../../Engine/Content/EngineMaterials/Substrate/Glints2/dict_0007_0029.uasset" 5559
"../../../Engine/Content/EngineMaterials/Substrate/Glints2/dict_0007_0030.uasset" 5560
"../../../Engine/Content/EngineMaterials/Substrate/Glints2/dict_0007_0031.uasset" 5561
"../../../Engine/Content/EngineMaterials/Substrate/Glints2/dict_0007_0032.uasset" 5562
"../../../Engine/Content/EngineMaterials/Substrate/Glints2/dict_0007_0033.uasset" 5563
"../../../Engine/Content/EngineMaterials/Substrate/Glints2/dict_0007_0034.uasset" 5564
"../../../Engine/Content/EngineMaterials/Substrate/Glints2/dict_0007_0035.uasset" 5565
"../../../Engine/Content/EngineMaterials/Substrate/Glints2/dict_0007_0036.uasset" 5566
"../../../Engine/Content/EngineMaterials/Substrate/Glints2/dict_0007_0037.uasset" 5567
"../../../Engine/Content/EngineMaterials/Substrate/Glints2/dict_0007_0038.uasset" 5568
"../../../Engine/Content/EngineMaterials/Substrate/Glints2/dict_0007_0039.uasset" 5569
"../../../Engine/Content/EngineMaterials/Substrate/Glints2/dict_0007_0040.uasset" 5570
"../../../Engine/Content/EngineMaterials/Substrate/Glints2/dict_0007_0041.uasset" 5571
"../../../Engine/Content/EngineMaterials/Substrate/Glints2/dict_0007_0042.uasset" 5572
"../../../Engine/Content/EngineMaterials/Substrate/Glints2/dict_0007_0043.uasset" 5573
"../../../Engine/Content/EngineMaterials/Substrate/Glints2/dict_0007_0044.uasset" 5574
"../../../Engine/Content/EngineMaterials/Substrate/Glints2/dict_0007_0045.uasset" 5575
"../../../Engine/Content/EngineMaterials/Substrate/Glints2/dict_0007_0046.uasset" 5576
"../../../Engine/Content/EngineMaterials/Substrate/Glints2/dict_0007_0047.uasset" 5577
"../../../Engine/Content/EngineMaterials/Substrate/Glints2/dict_0007_0048.uasset" 5578
"../../../Engine/Content/EngineMaterials/Substrate/Glints2/dict_0007_0049.uasset" 5579
"../../../Engine/Content/EngineMaterials/Substrate/Glints2/dict_0007_0050.uasset" 5580
"../../../Engine/Content/EngineMaterials/Substrate/Glints2/dict_0007_0051.uasset" 5581
"../../../Engine/Content/EngineMaterials/Substrate/Glints2/dict_0007_0052.uasset" 5582
"../../../Engine/Content/EngineMaterials/Substrate/Glints2/dict_0007_0053.uasset" 5583
"../../../Engine/Content/EngineMaterials/Substrate/Glints2/dict_0007_0054.uasset" 5584
"../../../Engine/Content/EngineMaterials/Substrate/Glints2/dict_0007_0055.uasset" 5585
"../../../Engine/Content/EngineMaterials/Substrate/Glints2/dict_0007_0056.uasset" 5586
"../../../Engine/Content/EngineMaterials/Substrate/Glints2/dict_0007_0057.uasset" 5587
"../../../Engine/Content/EngineMaterials/Substrate/Glints2/dict_0007_0058.uasset" 5588
"../../../Engine/Content/EngineMaterials/Substrate/Glints2/dict_0007_0059.uasset" 5589
"../../../Engine/Content/EngineMaterials/Substrate/Glints2/dict_0007_0060.uasset" 5590
"../../../Engine/Content/EngineMaterials/Substrate/Glints2/dict_0007_0061.uasset" 5591
"../../../Engine/Content/EngineMaterials/Substrate/Glints2/dict_0007_0062.uasset" 5592
"../../../Engine/Content/EngineMaterials/Substrate/Glints2/dict_0007_0063.uasset" 5593
"../../../Engine/Content/EngineMaterials/Substrate/Glints2/dict_0007_0064.uasset" 5594
"../../../Engine/Content/EngineMaterials/Substrate/Glints2/dict_0007_0065.uasset" 5595
"../../../Engine/Content/EngineMaterials/Substrate/Glints2/dict_0007_0066.uasset" 5596
"../../../Engine/Content/EngineMaterials/Substrate/Glints2/dict_0007_0067.uasset" 5597
"../../../Engine/Content/EngineMaterials/Substrate/Glints2/dict_0007_0068.uasset" 5598
"../../../Engine/Content/EngineMaterials/Substrate/Glints2/dict_0007_0069.uasset" 5599
"../../../Engine/Content/EngineMaterials/Substrate/Glints2/dict_0007_0070.uasset" 5600
"../../../Engine/Content/EngineMaterials/Substrate/Glints2/dict_0007_0071.uasset" 5601
"../../../Engine/Content/EngineMaterials/Substrate/Glints2/dict_0007_0072.uasset" 5602
"../../../Engine/Content/EngineMaterials/Substrate/Glints2/dict_0007_0073.uasset" 5603
"../../../Engine/Content/EngineMaterials/Substrate/Glints2/dict_0007_0074.uasset" 5604
"../../../Engine/Content/EngineMaterials/Substrate/Glints2/dict_0007_0075.uasset" 5605
"../../../Engine/Content/EngineMaterials/Substrate/Glints2/dict_0007_0076.uasset" 5606
"../../../Engine/Content/EngineMaterials/Substrate/Glints2/dict_0007_0077.uasset" 5607
"../../../Engine/Content/EngineMaterials/Substrate/Glints2/dict_0007_0078.uasset" 5608
"../../../Engine/Content/EngineMaterials/Substrate/Glints2/dict_0007_0079.uasset" 5609
"../../../Engine/Content/EngineMaterials/Substrate/Glints2/dict_0007_0080.uasset" 5610
"../../../Engine/Content/EngineMaterials/Substrate/Glints2/dict_0007_0081.uasset" 5611
"../../../Engine/Content/EngineMaterials/Substrate/Glints2/dict_0007_0082.uasset" 5612
"../../../Engine/Content/EngineMaterials/Substrate/Glints2/dict_0007_0083.uasset" 5613
"../../../Engine/Content/EngineMaterials/Substrate/Glints2/dict_0007_0084.uasset" 5614
"../../../Engine/Content/EngineMaterials/Substrate/Glints2/dict_0007_0085.uasset" 5615
"../../../Engine/Content/EngineMaterials/Substrate/Glints2/dict_0007_0086.uasset" 5616
"../../../Engine/Content/EngineMaterials/Substrate/Glints2/dict_0007_0087.uasset" 5617
"../../../Engine/Content/EngineMaterials/Substrate/Glints2/dict_0007_0088.uasset" 5618
"../../../Engine/Content/EngineMaterials/Substrate/Glints2/dict_0007_0089.uasset" 5619
"../../../Engine/Content/EngineMaterials/Substrate/Glints2/dict_0007_0090.uasset" 5620
"../../../Engine/Content/EngineMaterials/Substrate/Glints2/dict_0007_0091.uasset" 5621
"../../../Engine/Content/EngineMaterials/Substrate/Glints2/dict_0007_0092.uasset" 5622
"../../../Engine/Content/EngineMaterials/Substrate/Glints2/dict_0007_0093.uasset" 5623
"../../../Engine/Content/EngineMaterials/Substrate/Glints2/dict_0007_0094.uasset" 5624
"../../../Engine/Content/EngineMaterials/Substrate/Glints2/dict_0007_0095.uasset" 5625
"../../../Engine/Content/EngineMaterials/Substrate/Glints2/dict_0007_0096.uasset" 5626
"../../../Engine/Content/EngineMaterials/Substrate/Glints2/dict_0007_0097.uasset" 5627
"../../../Engine/Content/EngineMaterials/Substrate/Glints2/dict_0007_0098.uasset" 5628
"../../../Engine/Content/EngineMaterials/Substrate/Glints2/dict_0007_0099.uasset" 5629
"../../../Engine/Content/EngineMaterials/Substrate/Glints2/dict_0007_0100.uasset" 5630
"../../../Engine/Content/EngineMaterials/Substrate/Glints2/dict_0007_0101.uasset" 5631
"../../../Engine/Content/EngineMaterials/Substrate/Glints2/dict_0007_0102.uasset" 5632
"../../../Engine/Content/EngineMaterials/Substrate/Glints2/dict_0007_0103.uasset" 5633
"../../../Engine/Content/EngineMaterials/Substrate/Glints2/dict_0007_0104.uasset" 5634
"../../../Engine/Content/EngineMaterials/Substrate/Glints2/dict_0007_0105.uasset" 5635
"../../../Engine/Content/EngineMaterials/Substrate/Glints2/dict_0007_0106.uasset" 5636
"../../../Engine/Content/EngineMaterials/Substrate/Glints2/dict_0007_0107.uasset" 5637
"../../../Engine/Content/EngineMaterials/Substrate/Glints2/dict_0007_0108.uasset" 5638
"../../../Engine/Content/EngineMaterials/Substrate/Glints2/dict_0007_0109.uasset" 5639
"../../../Engine/Content/EngineMaterials/Substrate/Glints2/dict_0007_0110.uasset" 5640
"../../../Engine/Content/EngineMaterials/Substrate/Glints2/dict_0007_0111.uasset" 5641
"../../../Engine/Content/EngineMaterials/Substrate/Glints2/dict_0007_0112.uasset" 5642
"../../../Engine/Content/EngineMaterials/Substrate/Glints2/dict_0007_0113.uasset" 5643
"../../../Engine/Content/EngineMaterials/Substrate/Glints2/dict_0007_0114.uasset" 5644
"../../../Engine/Content/EngineMaterials/Substrate/Glints2/dict_0007_0115.uasset" 5645
"../../../Engine/Content/EngineMaterials/Substrate/Glints2/dict_0007_0116.uasset" 5646
"../../../Engine/Content/EngineMaterials/Substrate/Glints2/dict_0007_0117.uasset" 5647
"../../../Engine/Content/EngineMaterials/Substrate/Glints2/dict_0007_0118.uasset" 5648
"../../../Engine/Content/EngineMaterials/Substrate/Glints2/dict_0007_0119.uasset" 5649
"../../../Engine/Content/EngineMaterials/Substrate/Glints2/dict_0007_0120.uasset" 5650
"../../../Engine/Content/EngineMaterials/Substrate/Glints2/dict_0007_0121.uasset" 5651
"../../../Engine/Content/EngineMaterials/Substrate/Glints2/dict_0007_0122.uasset" 5652
"../../../Engine/Content/EngineMaterials/Substrate/Glints2/dict_0007_0123.uasset" 5653
"../../../Engine/Content/EngineMaterials/Substrate/Glints2/dict_0007_0124.uasset" 5654
"../../../Engine/Content/EngineMaterials/Substrate/Glints2/dict_0007_0125.uasset" 5655
"../../../Engine/Content/EngineMaterials/Substrate/Glints2/dict_0007_0126.uasset" 5656
"../../../Engine/Content/EngineMaterials/Substrate/Glints2/dict_0007_0127.uasset" 5657
"../../../Engine/Content/EngineMaterials/Substrate/Glints2/dict_0007_0128.uasset" 5658
"../../../Engine/Content/EngineMaterials/Substrate/Glints2/dict_0007_0129.uasset" 5659
"../../../Engine/Content/EngineMaterials/Substrate/Glints2/dict_0007_0130.uasset" 5660
"../../../Engine/Content/EngineMaterials/Substrate/Glints2/dict_0007_0131.uasset" 5661
"../../../Engine/Content/EngineMaterials/Substrate/Glints2/dict_0007_0132.uasset" 5662
"../../../Engine/Content/EngineMaterials/Substrate/Glints2/dict_0007_0133.uasset" 5663
"../../../Engine/Content/EngineMaterials/Substrate/Glints2/dict_0007_0134.uasset" 5664
"../../../Engine/Content/EngineMaterials/Substrate/Glints2/dict_0007_0135.uasset" 5665
"../../../Engine/Content/EngineMaterials/Substrate/Glints2/dict_0007_0136.uasset" 5666
"../../../Engine/Content/EngineMaterials/Substrate/Glints2/dict_0007_0137.uasset" 5667
"../../../Engine/Content/EngineMaterials/Substrate/Glints2/dict_0007_0138.uasset" 5668
"../../../Engine/Content/EngineMaterials/Substrate/Glints2/dict_0007_0139.uasset" 5669
"../../../Engine/Content/EngineMaterials/Substrate/Glints2/dict_0007_0140.uasset" 5670
"../../../Engine/Content/EngineMaterials/Substrate/Glints2/dict_0007_0141.uasset" 5671
"../../../Engine/Content/EngineMaterials/Substrate/Glints2/dict_0007_0142.uasset" 5672
"../../../Engine/Content/EngineMaterials/Substrate/Glints2/dict_0007_0143.uasset" 5673
"../../../Engine/Content/EngineMaterials/Substrate/Glints2/dict_0007_0144.uasset" 5674
"../../../Engine/Content/EngineMaterials/Substrate/Glints2/dict_0007_0145.uasset" 5675
"../../../Engine/Content/EngineMaterials/Substrate/Glints2/dict_0007_0146.uasset" 5676
"../../../Engine/Content/EngineMaterials/Substrate/Glints2/dict_0007_0147.uasset" 5677
"../../../Engine/Content/EngineMaterials/Substrate/Glints2/dict_0007_0148.uasset" 5678
"../../../Engine/Content/EngineMaterials/Substrate/Glints2/dict_0007_0149.uasset" 5679
"../../../Engine/Content/EngineMaterials/Substrate/Glints2/dict_0007_0150.uasset" 5680
"../../../Engine/Content/EngineMaterials/Substrate/Glints2/dict_0007_0151.uasset" 5681
"../../../Engine/Content/EngineMaterials/Substrate/Glints2/dict_0007_0152.uasset" 5682
"../../../Engine/Content/EngineMaterials/Substrate/Glints2/dict_0007_0153.uasset" 5683
"../../../Engine/Content/EngineMaterials/Substrate/Glints2/dict_0007_0154.uasset" 5684
"../../../Engine/Content/EngineMaterials/Substrate/Glints2/dict_0007_0155.uasset" 5685
"../../../Engine/Content/EngineMaterials/Substrate/Glints2/dict_0007_0156.uasset" 5686
"../../../Engine/Content/EngineMaterials/Substrate/Glints2/dict_0007_0157.uasset" 5687
"../../../Engine/Content/EngineMaterials/Substrate/Glints2/dict_0007_0158.uasset" 5688
"../../../Engine/Content/EngineMaterials/Substrate/Glints2/dict_0007_0159.uasset" 5689
"../../../Engine/Content/EngineMaterials/Substrate/Glints2/dict_0007_0160.uasset" 5690
"../../../Engine/Content/EngineMaterials/Substrate/Glints2/dict_0007_0161.uasset" 5691
"../../../Engine/Content/EngineMaterials/Substrate/Glints2/dict_0007_0162.uasset" 5692
"../../../Engine/Content/EngineMaterials/Substrate/Glints2/dict_0007_0163.uasset" 5693
"../../../Engine/Content/EngineMaterials/Substrate/Glints2/dict_0007_0164.uasset" 5694
"../../../Engine/Content/EngineMaterials/Substrate/Glints2/dict_0007_0165.uasset" 5695
"../../../Engine/Content/EngineMaterials/Substrate/Glints2/dict_0007_0166.uasset" 5696
"../../../Engine/Content/EngineMaterials/Substrate/Glints2/dict_0007_0167.uasset" 5697
"../../../Engine/Content/EngineMaterials/Substrate/Glints2/dict_0007_0168.uasset" 5698
"../../../Engine/Content/EngineMaterials/Substrate/Glints2/dict_0007_0169.uasset" 5699
"../../../Engine/Content/EngineMaterials/Substrate/Glints2/dict_0007_0170.uasset" 5700
"../../../Engine/Content/EngineMaterials/Substrate/Glints2/dict_0007_0171.uasset" 5701
"../../../Engine/Content/EngineMaterials/Substrate/Glints2/dict_0007_0172.uasset" 5702
"../../../Engine/Content/EngineMaterials/Substrate/Glints2/dict_0007_0173.uasset" 5703
"../../../Engine/Content/EngineMaterials/Substrate/Glints2/dict_0007_0174.uasset" 5704
"../../../Engine/Content/EngineMaterials/Substrate/Glints2/dict_0007_0175.uasset" 5705
"../../../Engine/Content/EngineMaterials/Substrate/Glints2/dict_0007_0176.uasset" 5706
"../../../Engine/Content/EngineMaterials/Substrate/Glints2/dict_0007_0177.uasset" 5707
"../../../Engine/Content/EngineMaterials/Substrate/Glints2/dict_0007_0178.uasset" 5708
"../../../Engine/Content/EngineMaterials/Substrate/Glints2/dict_0007_0179.uasset" 5709
"../../../Engine/Content/EngineMaterials/Substrate/Glints2/dict_0007_0180.uasset" 5710
"../../../Engine/Content/EngineMaterials/Substrate/Glints2/dict_0007_0181.uasset" 5711
"../../../Engine/Content/EngineMaterials/Substrate/Glints2/dict_0007_0182.uasset" 5712
"../../../Engine/Content/EngineMaterials/Substrate/Glints2/dict_0007_0183.uasset" 5713
"../../../Engine/Content/EngineMaterials/Substrate/Glints2/dict_0007_0184.uasset" 5714
"../../../Engine/Content/EngineMaterials/Substrate/Glints2/dict_0007_0185.uasset" 5715
"../../../Engine/Content/EngineMaterials/Substrate/Glints2/dict_0007_0186.uasset" 5716
"../../../Engine/Content/EngineMaterials/Substrate/Glints2/dict_0007_0187.uasset" 5717
"../../../Engine/Content/EngineMaterials/Substrate/Glints2/dict_0007_0188.uasset" 5718
"../../../Engine/Content/EngineMaterials/Substrate/Glints2/dict_0007_0189.uasset" 5719
"../../../Engine/Content/EngineMaterials/Substrate/Glints2/dict_0007_0190.uasset" 5720
"../../../Engine/Content/EngineMaterials/Substrate/Glints2/dict_0007_0191.uasset" 5721
"../../../Engine/Content/EngineMaterials/Substrate/Glints2/dict_0007_0192.uasset" 5722
"../../../Engine/Content/EngineMaterials/Substrate/Glints2/dict_0007_0193.uasset" 5723
"../../../Engine/Content/EngineMaterials/Substrate/Glints2/dict_0007_0194.uasset" 5724
"../../../Engine/Content/EngineMaterials/Substrate/Glints2/dict_0007_0195.uasset" 5725
"../../../Engine/Content/EngineMaterials/Substrate/Glints2/dict_0007_0196.uasset" 5726
"../../../Engine/Content/EngineMaterials/Substrate/Glints2/dict_0007_0197.uasset" 5727
"../../../Engine/Content/EngineMaterials/Substrate/Glints2/dict_0007_0198.uasset" 5728
"../../../Engine/Content/EngineMaterials/Substrate/Glints2/dict_0007_0199.uasset" 5729
"../../../Engine/Content/EngineMaterials/Substrate/Glints2/dict_0007_0200.uasset" 5730
"../../../Engine/Content/EngineMaterials/Substrate/Glints2/dict_0007_0201.uasset" 5731
"../../../Engine/Content/EngineMaterials/Substrate/Glints2/dict_0007_0202.uasset" 5732
"../../../Engine/Content/EngineMaterials/Substrate/Glints2/dict_0007_0203.uasset" 5733
"../../../Engine/Content/EngineMaterials/Substrate/Glints2/dict_0007_0204.uasset" 5734
"../../../Engine/Content/EngineMaterials/Substrate/Glints2/dict_0007_0205.uasset" 5735
"../../../Engine/Content/EngineMaterials/Substrate/Glints2/dict_0007_0206.uasset" 5736
"../../../Engine/Content/EngineMaterials/Substrate/Glints2/dict_0007_0207.uasset" 5737
"../../../Engine/Content/EngineMaterials/Substrate/Glints2/dict_0007_0208.uasset" 5738
"../../../Engine/Content/EngineMaterials/Substrate/Glints2/dict_0007_0209.uasset" 5739
"../../../Engine/Content/EngineMaterials/Substrate/Glints2/dict_0007_0210.uasset" 5740
"../../../Engine/Content/EngineMaterials/Substrate/Glints2/dict_0007_0211.uasset" 5741
"../../../Engine/Content/EngineMaterials/Substrate/Glints2/dict_0007_0212.uasset" 5742
"../../../Engine/Content/EngineMaterials/Substrate/Glints2/dict_0007_0213.uasset" 5743
"../../../Engine/Content/EngineMaterials/Substrate/Glints2/dict_0007_0214.uasset" 5744
"../../../Engine/Content/EngineMaterials/Substrate/Glints2/dict_0007_0215.uasset" 5745
"../../../Engine/Content/EngineMaterials/Substrate/Glints2/dict_0007_0216.uasset" 5746
"../../../Engine/Content/EngineMaterials/Substrate/Glints2/dict_0007_0217.uasset" 5747
"../../../Engine/Content/EngineMaterials/Substrate/Glints2/dict_0007_0218.uasset" 5748
"../../../Engine/Content/EngineMaterials/Substrate/Glints2/dict_0007_0219.uasset" 5749
"../../../Engine/Content/EngineMaterials/Substrate/Glints2/dict_0007_0220.uasset" 5750
"../../../Engine/Content/EngineMaterials/Substrate/Glints2/dict_0007_0221.uasset" 5751
"../../../Engine/Content/EngineMaterials/Substrate/Glints2/dict_0007_0222.uasset" 5752
"../../../Engine/Content/EngineMaterials/Substrate/Glints2/dict_0007_0223.uasset" 5753
"../../../Engine/Content/EngineMaterials/Substrate/Glints2/dict_0007_0224.uasset" 5754
"../../../Engine/Content/EngineMaterials/Substrate/Glints2/dict_0007_0225.uasset" 5755
"../../../Engine/Content/EngineMaterials/Substrate/Glints2/dict_0007_0226.uasset" 5756
"../../../Engine/Content/EngineMaterials/Substrate/Glints2/dict_0007_0227.uasset" 5757
"../../../Engine/Content/EngineMaterials/Substrate/Glints2/dict_0007_0228.uasset" 5758
"../../../Engine/Content/EngineMaterials/Substrate/Glints2/dict_0007_0229.uasset" 5759
"../../../Engine/Content/EngineMaterials/Substrate/Glints2/dict_0007_0230.uasset" 5760
"../../../Engine/Content/EngineMaterials/Substrate/Glints2/dict_0007_0231.uasset" 5761
"../../../Engine/Content/EngineMaterials/Substrate/Glints2/dict_0007_0232.uasset" 5762
"../../../Engine/Content/EngineMaterials/Substrate/Glints2/dict_0007_0233.uasset" 5763
"../../../Engine/Content/EngineMaterials/Substrate/Glints2/dict_0007_0234.uasset" 5764
"../../../Engine/Content/EngineMaterials/Substrate/Glints2/dict_0007_0235.uasset" 5765
"../../../Engine/Content/EngineMaterials/Substrate/Glints2/dict_0007_0236.uasset" 5766
"../../../Engine/Content/EngineMaterials/Substrate/Glints2/dict_0007_0237.uasset" 5767
"../../../Engine/Content/EngineMaterials/Substrate/Glints2/dict_0007_0238.uasset" 5768
"../../../Engine/Content/EngineMaterials/Substrate/Glints2/dict_0007_0239.uasset" 5769
"../../../Engine/Content/EngineMaterials/Substrate/Glints2/dict_0007_0240.uasset" 5770
"../../../Engine/Content/EngineMaterials/Substrate/Glints2/dict_0007_0241.uasset" 5771
"../../../Engine/Content/EngineMaterials/Substrate/Glints2/dict_0007_0242.uasset" 5772
"../../../Engine/Content/EngineMaterials/Substrate/Glints2/dict_0007_0243.uasset" 5773
"../../../Engine/Content/EngineMaterials/Substrate/Glints2/dict_0007_0244.uasset" 5774
"../../../Engine/Content/EngineMaterials/Substrate/Glints2/dict_0007_0245.uasset" 5775
"../../../Engine/Content/EngineMaterials/Substrate/Glints2/dict_0007_0246.uasset" 5776
"../../../Engine/Content/EngineMaterials/Substrate/Glints2/dict_0007_0247.uasset" 5777
"../../../Engine/Content/EngineMaterials/Substrate/Glints2/dict_0007_0248.uasset" 5778
"../../../Engine/Content/EngineMaterials/Substrate/Glints2/dict_0007_0249.uasset" 5779
"../../../Engine/Content/EngineMaterials/Substrate/Glints2/dict_0007_0250.uasset" 5780
"../../../Engine/Content/EngineMaterials/Substrate/Glints2/dict_0007_0251.uasset" 5781
"../../../Engine/Content/EngineMaterials/Substrate/Glints2/dict_0007_0252.uasset" 5782
"../../../Engine/Content/EngineMaterials/Substrate/Glints2/dict_0007_0253.uasset" 5783
"../../../Engine/Content/EngineMaterials/Substrate/Glints2/dict_0007_0254.uasset" 5784
"../../../Engine/Content/EngineMaterials/Substrate/Glints2/dict_0007_0255.uasset" 5785
"/Engine/EngineMaterials/Substrate/Volume/SubstrateSimpleVolumeLUT3D" 5786
"../../../Engine/Content/EngineMaterials/Substrate/Volume/SubstrateSimpleVolumeLUT2D.uasset" 5787
"/Engine/EngineMaterials/Substrate/Volume/SubstrateSimpleVolumeEnvLUT3D" 5788
"../../../Engine/Content/EngineMaterials/Substrate/Volume/SubstrateSimpleVolumeEnvLUT2D.uasset" 5789
"/Engine/EngineMaterials/PPM_DefaultCalibrationColor" 5790
"/Game/Orgin_stuff/FirstPersonArms/Animations/FP_Jump" 5791
"/Game/Assets/UI/Game_Effects/Screen_Blood_Effect_WB" 5792
"/Game/Orgin_stuff/FirstPerson/Input/IMC_Default" 5793
"/Game/Assets/UI/Main_Menu/Main_Menu_WB" 5794
"/Engine/EditorMaterials/PreviewShadowIndicatorMaterial" 5795
"/Engine/EngineMaterials/Substrate/GLints/AGlintTex2dArray" 5796
"../../../Engine/Content/EngineMaterials/Substrate/GLints/dict_16_192_64_0p5_0p02_0000_0000.uasset" 5797
"../../../Engine/Content/EngineMaterials/Substrate/GLints/dict_16_192_64_0p5_0p02_0000_0001.uasset" 5798
"../../../Engine/Content/EngineMaterials/Substrate/GLints/dict_16_192_64_0p5_0p02_0000_0002.uasset" 5799
"../../../Engine/Content/EngineMaterials/Substrate/GLints/dict_16_192_64_0p5_0p02_0000_0003.uasset" 5800
"../../../Engine/Content/EngineMaterials/Substrate/GLints/dict_16_192_64_0p5_0p02_0000_0004.uasset" 5801
"../../../Engine/Content/EngineMaterials/Substrate/GLints/dict_16_192_64_0p5_0p02_0000_0005.uasset" 5802
"../../../Engine/Content/EngineMaterials/Substrate/GLints/dict_16_192_64_0p5_0p02_0000_0006.uasset" 5803
"../../../Engine/Content/EngineMaterials/Substrate/GLints/dict_16_192_64_0p5_0p02_0000_0007.uasset" 5804
"../../../Engine/Content/EngineMaterials/Substrate/GLints/dict_16_192_64_0p5_0p02_0000_0008.uasset" 5805
"../../../Engine/Content/EngineMaterials/Substrate/GLints/dict_16_192_64_0p5_0p02_0000_0009.uasset" 5806
"../../../Engine/Content/EngineMaterials/Substrate/GLints/dict_16_192_64_0p5_0p02_0000_0010.uasset" 5807
"../../../Engine/Content/EngineMaterials/Substrate/GLints/dict_16_192_64_0p5_0p02_0000_0011.uasset" 5808
"../../../Engine/Content/EngineMaterials/Substrate/GLints/dict_16_192_64_0p5_0p02_0000_0012.uasset" 5809
"../../../Engine/Content/EngineMaterials/Substrate/GLints/dict_16_192_64_0p5_0p02_0000_0013.uasset" 5810
"../../../Engine/Content/EngineMaterials/Substrate/GLints/dict_16_192_64_0p5_0p02_0000_0014.uasset" 5811
"../../../Engine/Content/EngineMaterials/Substrate/GLints/dict_16_192_64_0p5_0p02_0000_0015.uasset" 5812
"../../../Engine/Content/EngineMaterials/Substrate/GLints/dict_16_192_64_0p5_0p02_0001_0000.uasset" 5813
"../../../Engine/Content/EngineMaterials/Substrate/GLints/dict_16_192_64_0p5_0p02_0001_0001.uasset" 5814
"../../../Engine/Content/EngineMaterials/Substrate/GLints/dict_16_192_64_0p5_0p02_0001_0002.uasset" 5815
"../../../Engine/Content/EngineMaterials/Substrate/GLints/dict_16_192_64_0p5_0p02_0001_0003.uasset" 5816
"../../../Engine/Content/EngineMaterials/Substrate/GLints/dict_16_192_64_0p5_0p02_0001_0004.uasset" 5817
"../../../Engine/Content/EngineMaterials/Substrate/GLints/dict_16_192_64_0p5_0p02_0001_0005.uasset" 5818
"../../../Engine/Content/EngineMaterials/Substrate/GLints/dict_16_192_64_0p5_0p02_0001_0006.uasset" 5819
"../../../Engine/Content/EngineMaterials/Substrate/GLints/dict_16_192_64_0p5_0p02_0001_0007.uasset" 5820
"../../../Engine/Content/EngineMaterials/Substrate/GLints/dict_16_192_64_0p5_0p02_0001_0008.uasset" 5821
"../../../Engine/Content/EngineMaterials/Substrate/GLints/dict_16_192_64_0p5_0p02_0001_0009.uasset" 5822
"../../../Engine/Content/EngineMaterials/Substrate/GLints/dict_16_192_64_0p5_0p02_0001_0010.uasset" 5823
"../../../Engine/Content/EngineMaterials/Substrate/GLints/dict_16_192_64_0p5_0p02_0001_0011.uasset" 5824
"../../../Engine/Content/EngineMaterials/Substrate/GLints/dict_16_192_64_0p5_0p02_0001_0012.uasset" 5825
"../../../Engine/Content/EngineMaterials/Substrate/GLints/dict_16_192_64_0p5_0p02_0001_0013.uasset" 5826
"../../../Engine/Content/EngineMaterials/Substrate/GLints/dict_16_192_64_0p5_0p02_0001_0014.uasset" 5827
"../../../Engine/Content/EngineMaterials/Substrate/GLints/dict_16_192_64_0p5_0p02_0001_0015.uasset" 5828
"../../../Engine/Content/EngineMaterials/Substrate/GLints/dict_16_192_64_0p5_0p02_0002_0000.uasset" 5829
"../../../Engine/Content/EngineMaterials/Substrate/GLints/dict_16_192_64_0p5_0p02_0002_0001.uasset" 5830
"../../../Engine/Content/EngineMaterials/Substrate/GLints/dict_16_192_64_0p5_0p02_0002_0002.uasset" 5831
"../../../Engine/Content/EngineMaterials/Substrate/GLints/dict_16_192_64_0p5_0p02_0002_0003.uasset" 5832
"../../../Engine/Content/EngineMaterials/Substrate/GLints/dict_16_192_64_0p5_0p02_0002_0004.uasset" 5833
"../../../Engine/Content/EngineMaterials/Substrate/GLints/dict_16_192_64_0p5_0p02_0002_0005.uasset" 5834
"../../../Engine/Content/EngineMaterials/Substrate/GLints/dict_16_192_64_0p5_0p02_0002_0006.uasset" 5835
"../../../Engine/Content/EngineMaterials/Substrate/GLints/dict_16_192_64_0p5_0p02_0002_0007.uasset" 5836
"../../../Engine/Content/EngineMaterials/Substrate/GLints/dict_16_192_64_0p5_0p02_0002_0008.uasset" 5837
"../../../Engine/Content/EngineMaterials/Substrate/GLints/dict_16_192_64_0p5_0p02_0002_0009.uasset" 5838
"../../../Engine/Content/EngineMaterials/Substrate/GLints/dict_16_192_64_0p5_0p02_0002_0010.uasset" 5839
"../../../Engine/Content/EngineMaterials/Substrate/GLints/dict_16_192_64_0p5_0p02_0002_0011.uasset" 5840
"../../../Engine/Content/EngineMaterials/Substrate/GLints/dict_16_192_64_0p5_0p02_0002_0012.uasset" 5841
"../../../Engine/Content/EngineMaterials/Substrate/GLints/dict_16_192_64_0p5_0p02_0002_0013.uasset" 5842
"../../../Engine/Content/EngineMaterials/Substrate/GLints/dict_16_192_64_0p5_0p02_0002_0014.uasset" 5843
"../../../Engine/Content/EngineMaterials/Substrate/GLints/dict_16_192_64_0p5_0p02_0002_0015.uasset" 5844
"../../../Engine/Content/EngineMaterials/Substrate/GLints/dict_16_192_64_0p5_0p02_0003_0000.uasset" 5845
"../../../Engine/Content/EngineMaterials/Substrate/GLints/dict_16_192_64_0p5_0p02_0003_0001.uasset" 5846
"../../../Engine/Content/EngineMaterials/Substrate/GLints/dict_16_192_64_0p5_0p02_0003_0002.uasset" 5847
"../../../Engine/Content/EngineMaterials/Substrate/GLints/dict_16_192_64_0p5_0p02_0003_0003.uasset" 5848
"../../../Engine/Content/EngineMaterials/Substrate/GLints/dict_16_192_64_0p5_0p02_0003_0004.uasset" 5849
"../../../Engine/Content/EngineMaterials/Substrate/GLints/dict_16_192_64_0p5_0p02_0003_0005.uasset" 5850
"../../../Engine/Content/EngineMaterials/Substrate/GLints/dict_16_192_64_0p5_0p02_0003_0006.uasset" 5851
"../../../Engine/Content/EngineMaterials/Substrate/GLints/dict_16_192_64_0p5_0p02_0003_0007.uasset" 5852
"../../../Engine/Content/EngineMaterials/Substrate/GLints/dict_16_192_64_0p5_0p02_0003_0008.uasset" 5853
"../../../Engine/Content/EngineMaterials/Substrate/GLints/dict_16_192_64_0p5_0p02_0003_0009.uasset" 5854
"../../../Engine/Content/EngineMaterials/Substrate/GLints/dict_16_192_64_0p5_0p02_0003_0010.uasset" 5855
"../../../Engine/Content/EngineMaterials/Substrate/GLints/dict_16_192_64_0p5_0p02_0003_0011.uasset" 5856
"../../../Engine/Content/EngineMaterials/Substrate/GLints/dict_16_192_64_0p5_0p02_0003_0012.uasset" 5857
"../../../Engine/Content/EngineMaterials/Substrate/GLints/dict_16_192_64_0p5_0p02_0003_0013.uasset" 5858
"../../../Engine/Content/EngineMaterials/Substrate/GLints/dict_16_192_64_0p5_0p02_0003_0014.uasset" 5859
"../../../Engine/Content/EngineMaterials/Substrate/GLints/dict_16_192_64_0p5_0p02_0003_0015.uasset" 5860
"../../../Engine/Content/EngineMaterials/Substrate/GLints/dict_16_192_64_0p5_0p02_0004_0000.uasset" 5861
"../../../Engine/Content/EngineMaterials/Substrate/GLints/dict_16_192_64_0p5_0p02_0004_0001.uasset" 5862
"../../../Engine/Content/EngineMaterials/Substrate/GLints/dict_16_192_64_0p5_0p02_0004_0002.uasset" 5863
"../../../Engine/Content/EngineMaterials/Substrate/GLints/dict_16_192_64_0p5_0p02_0004_0003.uasset" 5864
"../../../Engine/Content/EngineMaterials/Substrate/GLints/dict_16_192_64_0p5_0p02_0004_0004.uasset" 5865
"../../../Engine/Content/EngineMaterials/Substrate/GLints/dict_16_192_64_0p5_0p02_0004_0005.uasset" 5866
"../../../Engine/Content/EngineMaterials/Substrate/GLints/dict_16_192_64_0p5_0p02_0004_0006.uasset" 5867
"../../../Engine/Content/EngineMaterials/Substrate/GLints/dict_16_192_64_0p5_0p02_0004_0007.uasset" 5868
"../../../Engine/Content/EngineMaterials/Substrate/GLints/dict_16_192_64_0p5_0p02_0004_0008.uasset" 5869
"../../../Engine/Content/EngineMaterials/Substrate/GLints/dict_16_192_64_0p5_0p02_0004_0009.uasset" 5870
"../../../Engine/Content/EngineMaterials/Substrate/GLints/dict_16_192_64_0p5_0p02_0004_0010.uasset" 5871
"../../../Engine/Content/EngineMaterials/Substrate/GLints/dict_16_192_64_0p5_0p02_0004_0011.uasset" 5872
"../../../Engine/Content/EngineMaterials/Substrate/GLints/dict_16_192_64_0p5_0p02_0004_0012.uasset" 5873
"../../../Engine/Content/EngineMaterials/Substrate/GLints/dict_16_192_64_0p5_0p02_0004_0013.uasset" 5874
"../../../Engine/Content/EngineMaterials/Substrate/GLints/dict_16_192_64_0p5_0p02_0004_0014.uasset" 5875
"../../../Engine/Content/EngineMaterials/Substrate/GLints/dict_16_192_64_0p5_0p02_0004_0015.uasset" 5876
"../../../Engine/Content/EngineMaterials/Substrate/GLints/dict_16_192_64_0p5_0p02_0005_0000.uasset" 5877
"../../../Engine/Content/EngineMaterials/Substrate/GLints/dict_16_192_64_0p5_0p02_0005_0001.uasset" 5878
"../../../Engine/Content/EngineMaterials/Substrate/GLints/dict_16_192_64_0p5_0p02_0005_0002.uasset" 5879
"../../../Engine/Content/EngineMaterials/Substrate/GLints/dict_16_192_64_0p5_0p02_0005_0003.uasset" 5880
"../../../Engine/Content/EngineMaterials/Substrate/GLints/dict_16_192_64_0p5_0p02_0005_0004.uasset" 5881
"../../../Engine/Content/EngineMaterials/Substrate/GLints/dict_16_192_64_0p5_0p02_0005_0005.uasset" 5882
"../../../Engine/Content/EngineMaterials/Substrate/GLints/dict_16_192_64_0p5_0p02_0005_0006.uasset" 5883
"../../../Engine/Content/EngineMaterials/Substrate/GLints/dict_16_192_64_0p5_0p02_0005_0007.uasset" 5884
"../../../Engine/Content/EngineMaterials/Substrate/GLints/dict_16_192_64_0p5_0p02_0005_0008.uasset" 5885
"../../../Engine/Content/EngineMaterials/Substrate/GLints/dict_16_192_64_0p5_0p02_0005_0009.uasset" 5886
"../../../Engine/Content/EngineMaterials/Substrate/GLints/dict_16_192_64_0p5_0p02_0005_0010.uasset" 5887
"../../../Engine/Content/EngineMaterials/Substrate/GLints/dict_16_192_64_0p5_0p02_0005_0011.uasset" 5888
"../../../Engine/Content/EngineMaterials/Substrate/GLints/dict_16_192_64_0p5_0p02_0005_0012.uasset" 5889
"../../../Engine/Content/EngineMaterials/Substrate/GLints/dict_16_192_64_0p5_0p02_0005_0013.uasset" 5890
"../../../Engine/Content/EngineMaterials/Substrate/GLints/dict_16_192_64_0p5_0p02_0005_0014.uasset" 5891
"../../../Engine/Content/EngineMaterials/Substrate/GLints/dict_16_192_64_0p5_0p02_0005_0015.uasset" 5892
"../../../Engine/Content/EngineMaterials/Substrate/GLints/dict_16_192_64_0p5_0p02_0006_0000.uasset" 5893
"../../../Engine/Content/EngineMaterials/Substrate/GLints/dict_16_192_64_0p5_0p02_0006_0001.uasset" 5894
"../../../Engine/Content/EngineMaterials/Substrate/GLints/dict_16_192_64_0p5_0p02_0006_0002.uasset" 5895
"../../../Engine/Content/EngineMaterials/Substrate/GLints/dict_16_192_64_0p5_0p02_0006_0003.uasset" 5896
"../../../Engine/Content/EngineMaterials/Substrate/GLints/dict_16_192_64_0p5_0p02_0006_0004.uasset" 5897
"../../../Engine/Content/EngineMaterials/Substrate/GLints/dict_16_192_64_0p5_0p02_0006_0005.uasset" 5898
"../../../Engine/Content/EngineMaterials/Substrate/GLints/dict_16_192_64_0p5_0p02_0006_0006.uasset" 5899
"../../../Engine/Content/EngineMaterials/Substrate/GLints/dict_16_192_64_0p5_0p02_0006_0007.uasset" 5900
"../../../Engine/Content/EngineMaterials/Substrate/GLints/dict_16_192_64_0p5_0p02_0006_0008.uasset" 5901
"../../../Engine/Content/EngineMaterials/Substrate/GLints/dict_16_192_64_0p5_0p02_0006_0009.uasset" 5902
"../../../Engine/Content/EngineMaterials/Substrate/GLints/dict_16_192_64_0p5_0p02_0006_0010.uasset" 5903
"../../../Engine/Content/EngineMaterials/Substrate/GLints/dict_16_192_64_0p5_0p02_0006_0011.uasset" 5904
"../../../Engine/Content/EngineMaterials/Substrate/GLints/dict_16_192_64_0p5_0p02_0006_0012.uasset" 5905
"../../../Engine/Content/EngineMaterials/Substrate/GLints/dict_16_192_64_0p5_0p02_0006_0013.uasset" 5906
"../../../Engine/Content/EngineMaterials/Substrate/GLints/dict_16_192_64_0p5_0p02_0006_0014.uasset" 5907
"../../../Engine/Content/EngineMaterials/Substrate/GLints/dict_16_192_64_0p5_0p02_0006_0015.uasset" 5908
"../../../Engine/Content/EngineMaterials/Substrate/GLints/dict_16_192_64_0p5_0p02_0007_0000.uasset" 5909
"../../../Engine/Content/EngineMaterials/Substrate/GLints/dict_16_192_64_0p5_0p02_0007_0001.uasset" 5910
"../../../Engine/Content/EngineMaterials/Substrate/GLints/dict_16_192_64_0p5_0p02_0007_0002.uasset" 5911
"../../../Engine/Content/EngineMaterials/Substrate/GLints/dict_16_192_64_0p5_0p02_0007_0003.uasset" 5912
"../../../Engine/Content/EngineMaterials/Substrate/GLints/dict_16_192_64_0p5_0p02_0007_0004.uasset" 5913
"../../../Engine/Content/EngineMaterials/Substrate/GLints/dict_16_192_64_0p5_0p02_0007_0005.uasset" 5914
"../../../Engine/Content/EngineMaterials/Substrate/GLints/dict_16_192_64_0p5_0p02_0007_0006.uasset" 5915
"../../../Engine/Content/EngineMaterials/Substrate/GLints/dict_16_192_64_0p5_0p02_0007_0007.uasset" 5916
"../../../Engine/Content/EngineMaterials/Substrate/GLints/dict_16_192_64_0p5_0p02_0007_0008.uasset" 5917
"../../../Engine/Content/EngineMaterials/Substrate/GLints/dict_16_192_64_0p5_0p02_0007_0009.uasset" 5918
"../../../Engine/Content/EngineMaterials/Substrate/GLints/dict_16_192_64_0p5_0p02_0007_0010.uasset" 5919
"../../../Engine/Content/EngineMaterials/Substrate/GLints/dict_16_192_64_0p5_0p02_0007_0011.uasset" 5920
"../../../Engine/Content/EngineMaterials/Substrate/GLints/dict_16_192_64_0p5_0p02_0007_0012.uasset" 5921
"../../../Engine/Content/EngineMaterials/Substrate/GLints/dict_16_192_64_0p5_0p02_0007_0013.uasset" 5922
"../../../Engine/Content/EngineMaterials/Substrate/GLints/dict_16_192_64_0p5_0p02_0007_0014.uasset" 5923
"../../../Engine/Content/EngineMaterials/Substrate/GLints/dict_16_192_64_0p5_0p02_0007_0015.uasset" 5924
"../../../Engine/Content/EngineMaterials/Substrate/GLints/dict_16_192_64_0p5_0p02_0008_0000.uasset" 5925
"../../../Engine/Content/EngineMaterials/Substrate/GLints/dict_16_192_64_0p5_0p02_0008_0001.uasset" 5926
"../../../Engine/Content/EngineMaterials/Substrate/GLints/dict_16_192_64_0p5_0p02_0008_0002.uasset" 5927
"../../../Engine/Content/EngineMaterials/Substrate/GLints/dict_16_192_64_0p5_0p02_0008_0003.uasset" 5928
"../../../Engine/Content/EngineMaterials/Substrate/GLints/dict_16_192_64_0p5_0p02_0008_0004.uasset" 5929
"../../../Engine/Content/EngineMaterials/Substrate/GLints/dict_16_192_64_0p5_0p02_0008_0005.uasset" 5930
"../../../Engine/Content/EngineMaterials/Substrate/GLints/dict_16_192_64_0p5_0p02_0008_0006.uasset" 5931
"../../../Engine/Content/EngineMaterials/Substrate/GLints/dict_16_192_64_0p5_0p02_0008_0007.uasset" 5932
"../../../Engine/Content/EngineMaterials/Substrate/GLints/dict_16_192_64_0p5_0p02_0008_0008.uasset" 5933
"../../../Engine/Content/EngineMaterials/Substrate/GLints/dict_16_192_64_0p5_0p02_0008_0009.uasset" 5934
"../../../Engine/Content/EngineMaterials/Substrate/GLints/dict_16_192_64_0p5_0p02_0008_0010.uasset" 5935
"../../../Engine/Content/EngineMaterials/Substrate/GLints/dict_16_192_64_0p5_0p02_0008_0011.uasset" 5936
"../../../Engine/Content/EngineMaterials/Substrate/GLints/dict_16_192_64_0p5_0p02_0008_0012.uasset" 5937
"../../../Engine/Content/EngineMaterials/Substrate/GLints/dict_16_192_64_0p5_0p02_0008_0013.uasset" 5938
"../../../Engine/Content/EngineMaterials/Substrate/GLints/dict_16_192_64_0p5_0p02_0008_0014.uasset" 5939
"../../../Engine/Content/EngineMaterials/Substrate/GLints/dict_16_192_64_0p5_0p02_0008_0015.uasset" 5940
"../../../Engine/Content/EngineMaterials/Substrate/GLints/dict_16_192_64_0p5_0p02_0009_0000.uasset" 5941
"../../../Engine/Content/EngineMaterials/Substrate/GLints/dict_16_192_64_0p5_0p02_0009_0001.uasset" 5942
"../../../Engine/Content/EngineMaterials/Substrate/GLints/dict_16_192_64_0p5_0p02_0009_0002.uasset" 5943
"../../../Engine/Content/EngineMaterials/Substrate/GLints/dict_16_192_64_0p5_0p02_0009_0003.uasset" 5944
"../../../Engine/Content/EngineMaterials/Substrate/GLints/dict_16_192_64_0p5_0p02_0009_0004.uasset" 5945
"../../../Engine/Content/EngineMaterials/Substrate/GLints/dict_16_192_64_0p5_0p02_0009_0005.uasset" 5946
"../../../Engine/Content/EngineMaterials/Substrate/GLints/dict_16_192_64_0p5_0p02_0009_0006.uasset" 5947
"../../../Engine/Content/EngineMaterials/Substrate/GLints/dict_16_192_64_0p5_0p02_0009_0007.uasset" 5948
"../../../Engine/Content/EngineMaterials/Substrate/GLints/dict_16_192_64_0p5_0p02_0009_0008.uasset" 5949
"../../../Engine/Content/EngineMaterials/Substrate/GLints/dict_16_192_64_0p5_0p02_0009_0009.uasset" 5950
"../../../Engine/Content/EngineMaterials/Substrate/GLints/dict_16_192_64_0p5_0p02_0009_0010.uasset" 5951
"../../../Engine/Content/EngineMaterials/Substrate/GLints/dict_16_192_64_0p5_0p02_0009_0011.uasset" 5952
"../../../Engine/Content/EngineMaterials/Substrate/GLints/dict_16_192_64_0p5_0p02_0009_0012.uasset" 5953
"../../../Engine/Content/EngineMaterials/Substrate/GLints/dict_16_192_64_0p5_0p02_0009_0013.uasset" 5954
"../../../Engine/Content/EngineMaterials/Substrate/GLints/dict_16_192_64_0p5_0p02_0009_0014.uasset" 5955
"../../../Engine/Content/EngineMaterials/Substrate/GLints/dict_16_192_64_0p5_0p02_0009_0015.uasset" 5956
"../../../Engine/Content/EngineMaterials/Substrate/GLints/dict_16_192_64_0p5_0p02_0010_0000.uasset" 5957
"../../../Engine/Content/EngineMaterials/Substrate/GLints/dict_16_192_64_0p5_0p02_0010_0001.uasset" 5958
"../../../Engine/Content/EngineMaterials/Substrate/GLints/dict_16_192_64_0p5_0p02_0010_0002.uasset" 5959
"../../../Engine/Content/EngineMaterials/Substrate/GLints/dict_16_192_64_0p5_0p02_0010_0003.uasset" 5960
"../../../Engine/Content/EngineMaterials/Substrate/GLints/dict_16_192_64_0p5_0p02_0010_0004.uasset" 5961
"../../../Engine/Content/EngineMaterials/Substrate/GLints/dict_16_192_64_0p5_0p02_0010_0005.uasset" 5962
"../../../Engine/Content/EngineMaterials/Substrate/GLints/dict_16_192_64_0p5_0p02_0010_0006.uasset" 5963
"../../../Engine/Content/EngineMaterials/Substrate/GLints/dict_16_192_64_0p5_0p02_0010_0007.uasset" 5964
"../../../Engine/Content/EngineMaterials/Substrate/GLints/dict_16_192_64_0p5_0p02_0010_0008.uasset" 5965
"../../../Engine/Content/EngineMaterials/Substrate/GLints/dict_16_192_64_0p5_0p02_0010_0009.uasset" 5966
"../../../Engine/Content/EngineMaterials/Substrate/GLints/dict_16_192_64_0p5_0p02_0010_0010.uasset" 5967
"../../../Engine/Content/EngineMaterials/Substrate/GLints/dict_16_192_64_0p5_0p02_0010_0011.uasset" 5968
"../../../Engine/Content/EngineMaterials/Substrate/GLints/dict_16_192_64_0p5_0p02_0010_0012.uasset" 5969
"../../../Engine/Content/EngineMaterials/Substrate/GLints/dict_16_192_64_0p5_0p02_0010_0013.uasset" 5970
"../../../Engine/Content/EngineMaterials/Substrate/GLints/dict_16_192_64_0p5_0p02_0010_0014.uasset" 5971
"../../../Engine/Content/EngineMaterials/Substrate/GLints/dict_16_192_64_0p5_0p02_0010_0015.uasset" 5972
"../../../Engine/Content/EngineMaterials/Substrate/GLints/dict_16_192_64_0p5_0p02_0011_0000.uasset" 5973
"../../../Engine/Content/EngineMaterials/Substrate/GLints/dict_16_192_64_0p5_0p02_0011_0001.uasset" 5974
"../../../Engine/Content/EngineMaterials/Substrate/GLints/dict_16_192_64_0p5_0p02_0011_0002.uasset" 5975
"../../../Engine/Content/EngineMaterials/Substrate/GLints/dict_16_192_64_0p5_0p02_0011_0003.uasset" 5976
"../../../Engine/Content/EngineMaterials/Substrate/GLints/dict_16_192_64_0p5_0p02_0011_0004.uasset" 5977
"../../../Engine/Content/EngineMaterials/Substrate/GLints/dict_16_192_64_0p5_0p02_0011_0005.uasset" 5978
"../../../Engine/Content/EngineMaterials/Substrate/GLints/dict_16_192_64_0p5_0p02_0011_0006.uasset" 5979
"../../../Engine/Content/EngineMaterials/Substrate/GLints/dict_16_192_64_0p5_0p02_0011_0007.uasset" 5980
"../../../Engine/Content/EngineMaterials/Substrate/GLints/dict_16_192_64_0p5_0p02_0011_0008.uasset" 5981
"../../../Engine/Content/EngineMaterials/Substrate/GLints/dict_16_192_64_0p5_0p02_0011_0009.uasset" 5982
"../../../Engine/Content/EngineMaterials/Substrate/GLints/dict_16_192_64_0p5_0p02_0011_0010.uasset" 5983
"../../../Engine/Content/EngineMaterials/Substrate/GLints/dict_16_192_64_0p5_0p02_0011_0011.uasset" 5984
"../../../Engine/Content/EngineMaterials/Substrate/GLints/dict_16_192_64_0p5_0p02_0011_0012.uasset" 5985
"../../../Engine/Content/EngineMaterials/Substrate/GLints/dict_16_192_64_0p5_0p02_0011_0013.uasset" 5986
"../../../Engine/Content/EngineMaterials/Substrate/GLints/dict_16_192_64_0p5_0p02_0011_0014.uasset" 5987
"../../../Engine/Content/EngineMaterials/Substrate/GLints/dict_16_192_64_0p5_0p02_0011_0015.uasset" 5988
"../../../Engine/Content/EngineMaterials/Substrate/GLints/dict_16_192_64_0p5_0p02_0012_0000.uasset" 5989
"../../../Engine/Content/EngineMaterials/Substrate/GLints/dict_16_192_64_0p5_0p02_0012_0001.uasset" 5990
"../../../Engine/Content/EngineMaterials/Substrate/GLints/dict_16_192_64_0p5_0p02_0012_0002.uasset" 5991
"../../../Engine/Content/EngineMaterials/Substrate/GLints/dict_16_192_64_0p5_0p02_0012_0003.uasset" 5992
"../../../Engine/Content/EngineMaterials/Substrate/GLints/dict_16_192_64_0p5_0p02_0012_0004.uasset" 5993
"../../../Engine/Content/EngineMaterials/Substrate/GLints/dict_16_192_64_0p5_0p02_0012_0005.uasset" 5994
"../../../Engine/Content/EngineMaterials/Substrate/GLints/dict_16_192_64_0p5_0p02_0012_0006.uasset" 5995
"../../../Engine/Content/EngineMaterials/Substrate/GLints/dict_16_192_64_0p5_0p02_0012_0007.uasset" 5996
"../../../Engine/Content/EngineMaterials/Substrate/GLints/dict_16_192_64_0p5_0p02_0012_0008.uasset" 5997
"../../../Engine/Content/EngineMaterials/Substrate/GLints/dict_16_192_64_0p5_0p02_0012_0009.uasset" 5998
"../../../Engine/Content/EngineMaterials/Substrate/GLints/dict_16_192_64_0p5_0p02_0012_0010.uasset" 5999
"../../../Engine/Content/EngineMaterials/Substrate/GLints/dict_16_192_64_0p5_0p02_0012_0011.uasset" 6000
"../../../Engine/Content/EngineMaterials/Substrate/GLints/dict_16_192_64_0p5_0p02_0012_0012.uasset" 6001
"../../../Engine/Content/EngineMaterials/Substrate/GLints/dict_16_192_64_0p5_0p02_0012_0013.uasset" 6002
"../../../Engine/Content/EngineMaterials/Substrate/GLints/dict_16_192_64_0p5_0p02_0012_0014.uasset" 6003
"../../../Engine/Content/EngineMaterials/Substrate/GLints/dict_16_192_64_0p5_0p02_0012_0015.uasset" 6004
"../../../Engine/Content/EngineMaterials/Substrate/GLints/dict_16_192_64_0p5_0p02_0013_0000.uasset" 6005
"../../../Engine/Content/EngineMaterials/Substrate/GLints/dict_16_192_64_0p5_0p02_0013_0001.uasset" 6006
"../../../Engine/Content/EngineMaterials/Substrate/GLints/dict_16_192_64_0p5_0p02_0013_0002.uasset" 6007
"../../../Engine/Content/EngineMaterials/Substrate/GLints/dict_16_192_64_0p5_0p02_0013_0003.uasset" 6008
"../../../Engine/Content/EngineMaterials/Substrate/GLints/dict_16_192_64_0p5_0p02_0013_0004.uasset" 6009
"../../../Engine/Content/EngineMaterials/Substrate/GLints/dict_16_192_64_0p5_0p02_0013_0005.uasset" 6010
"../../../Engine/Content/EngineMaterials/Substrate/GLints/dict_16_192_64_0p5_0p02_0013_0006.uasset" 6011
"../../../Engine/Content/EngineMaterials/Substrate/GLints/dict_16_192_64_0p5_0p02_0013_0007.uasset" 6012
"../../../Engine/Content/EngineMaterials/Substrate/GLints/dict_16_192_64_0p5_0p02_0013_0008.uasset" 6013
"../../../Engine/Content/EngineMaterials/Substrate/GLints/dict_16_192_64_0p5_0p02_0013_0009.uasset" 6014
"../../../Engine/Content/EngineMaterials/Substrate/GLints/dict_16_192_64_0p5_0p02_0013_0010.uasset" 6015
"../../../Engine/Content/EngineMaterials/Substrate/GLints/dict_16_192_64_0p5_0p02_0013_0011.uasset" 6016
"../../../Engine/Content/EngineMaterials/Substrate/GLints/dict_16_192_64_0p5_0p02_0013_0012.uasset" 6017
"../../../Engine/Content/EngineMaterials/Substrate/GLints/dict_16_192_64_0p5_0p02_0013_0013.uasset" 6018
"../../../Engine/Content/EngineMaterials/Substrate/GLints/dict_16_192_64_0p5_0p02_0013_0014.uasset" 6019
"../../../Engine/Content/EngineMaterials/Substrate/GLints/dict_16_192_64_0p5_0p02_0013_0015.uasset" 6020
"../../../Engine/Content/EngineMaterials/Substrate/GLints/dict_16_192_64_0p5_0p02_0014_0000.uasset" 6021
"../../../Engine/Content/EngineMaterials/Substrate/GLints/dict_16_192_64_0p5_0p02_0014_0001.uasset" 6022
"../../../Engine/Content/EngineMaterials/Substrate/GLints/dict_16_192_64_0p5_0p02_0014_0002.uasset" 6023
"../../../Engine/Content/EngineMaterials/Substrate/GLints/dict_16_192_64_0p5_0p02_0014_0003.uasset" 6024
"../../../Engine/Content/EngineMaterials/Substrate/GLints/dict_16_192_64_0p5_0p02_0014_0004.uasset" 6025
"../../../Engine/Content/EngineMaterials/Substrate/GLints/dict_16_192_64_0p5_0p02_0014_0005.uasset" 6026
"../../../Engine/Content/EngineMaterials/Substrate/GLints/dict_16_192_64_0p5_0p02_0014_0006.uasset" 6027
"../../../Engine/Content/EngineMaterials/Substrate/GLints/dict_16_192_64_0p5_0p02_0014_0007.uasset" 6028
"../../../Engine/Content/EngineMaterials/Substrate/GLints/dict_16_192_64_0p5_0p02_0014_0008.uasset" 6029
"../../../Engine/Content/EngineMaterials/Substrate/GLints/dict_16_192_64_0p5_0p02_0014_0009.uasset" 6030
"../../../Engine/Content/EngineMaterials/Substrate/GLints/dict_16_192_64_0p5_0p02_0014_0010.uasset" 6031
"../../../Engine/Content/EngineMaterials/Substrate/GLints/dict_16_192_64_0p5_0p02_0014_0011.uasset" 6032
"../../../Engine/Content/EngineMaterials/Substrate/GLints/dict_16_192_64_0p5_0p02_0014_0012.uasset" 6033
"../../../Engine/Content/EngineMaterials/Substrate/GLints/dict_16_192_64_0p5_0p02_0014_0013.uasset" 6034
"../../../Engine/Content/EngineMaterials/Substrate/GLints/dict_16_192_64_0p5_0p02_0014_0014.uasset" 6035
"../../../Engine/Content/EngineMaterials/Substrate/GLints/dict_16_192_64_0p5_0p02_0014_0015.uasset" 6036
"../../../Engine/Content/EngineMaterials/Substrate/GLints/dict_16_192_64_0p5_0p02_0015_0000.uasset" 6037
"../../../Engine/Content/EngineMaterials/Substrate/GLints/dict_16_192_64_0p5_0p02_0015_0001.uasset" 6038
"../../../Engine/Content/EngineMaterials/Substrate/GLints/dict_16_192_64_0p5_0p02_0015_0002.uasset" 6039
"../../../Engine/Content/EngineMaterials/Substrate/GLints/dict_16_192_64_0p5_0p02_0015_0003.uasset" 6040
"../../../Engine/Content/EngineMaterials/Substrate/GLints/dict_16_192_64_0p5_0p02_0015_0004.uasset" 6041
"../../../Engine/Content/EngineMaterials/Substrate/GLints/dict_16_192_64_0p5_0p02_0015_0005.uasset" 6042
"../../../Engine/Content/EngineMaterials/Substrate/GLints/dict_16_192_64_0p5_0p02_0015_0006.uasset" 6043
"../../../Engine/Content/EngineMaterials/Substrate/GLints/dict_16_192_64_0p5_0p02_0015_0007.uasset" 6044
"../../../Engine/Content/EngineMaterials/Substrate/GLints/dict_16_192_64_0p5_0p02_0015_0008.uasset" 6045
"../../../Engine/Content/EngineMaterials/Substrate/GLints/dict_16_192_64_0p5_0p02_0015_0009.uasset" 6046
"../../../Engine/Content/EngineMaterials/Substrate/GLints/dict_16_192_64_0p5_0p02_0015_0010.uasset" 6047
"../../../Engine/Content/EngineMaterials/Substrate/GLints/dict_16_192_64_0p5_0p02_0015_0011.uasset" 6048
"../../../Engine/Content/EngineMaterials/Substrate/GLints/dict_16_192_64_0p5_0p02_0015_0012.uasset" 6049
"../../../Engine/Content/EngineMaterials/Substrate/GLints/dict_16_192_64_0p5_0p02_0015_0013.uasset" 6050
"../../../Engine/Content/EngineMaterials/Substrate/GLints/dict_16_192_64_0p5_0p02_0015_0014.uasset" 6051
"../../../Engine/Content/EngineMaterials/Substrate/GLints/dict_16_192_64_0p5_0p02_0015_0015.uasset" 6052
"../../../Engine/Content/EngineMaterials/Substrate/GLints/dict_16_192_64_0p5_0p02_0016_0000.uasset" 6053
"../../../Engine/Content/EngineMaterials/Substrate/GLints/dict_16_192_64_0p5_0p02_0016_0001.uasset" 6054
"../../../Engine/Content/EngineMaterials/Substrate/GLints/dict_16_192_64_0p5_0p02_0016_0002.uasset" 6055
"../../../Engine/Content/EngineMaterials/Substrate/GLints/dict_16_192_64_0p5_0p02_0016_0003.uasset" 6056
"../../../Engine/Content/EngineMaterials/Substrate/GLints/dict_16_192_64_0p5_0p02_0016_0004.uasset" 6057
"../../../Engine/Content/EngineMaterials/Substrate/GLints/dict_16_192_64_0p5_0p02_0016_0005.uasset" 6058
"../../../Engine/Content/EngineMaterials/Substrate/GLints/dict_16_192_64_0p5_0p02_0016_0006.uasset" 6059
"../../../Engine/Content/EngineMaterials/Substrate/GLints/dict_16_192_64_0p5_0p02_0016_0007.uasset" 6060
"../../../Engine/Content/EngineMaterials/Substrate/GLints/dict_16_192_64_0p5_0p02_0016_0008.uasset" 6061
"../../../Engine/Content/EngineMaterials/Substrate/GLints/dict_16_192_64_0p5_0p02_0016_0009.uasset" 6062
"../../../Engine/Content/EngineMaterials/Substrate/GLints/dict_16_192_64_0p5_0p02_0016_0010.uasset" 6063
"../../../Engine/Content/EngineMaterials/Substrate/GLints/dict_16_192_64_0p5_0p02_0016_0011.uasset" 6064
"../../../Engine/Content/EngineMaterials/Substrate/GLints/dict_16_192_64_0p5_0p02_0016_0012.uasset" 6065
"../../../Engine/Content/EngineMaterials/Substrate/GLints/dict_16_192_64_0p5_0p02_0016_0013.uasset" 6066
"../../../Engine/Content/EngineMaterials/Substrate/GLints/dict_16_192_64_0p5_0p02_0016_0014.uasset" 6067
"../../../Engine/Content/EngineMaterials/Substrate/GLints/dict_16_192_64_0p5_0p02_0016_0015.uasset" 6068
"../../../Engine/Content/EngineMaterials/Substrate/GLints/dict_16_192_64_0p5_0p02_0017_0000.uasset" 6069
"../../../Engine/Content/EngineMaterials/Substrate/GLints/dict_16_192_64_0p5_0p02_0017_0001.uasset" 6070
"../../../Engine/Content/EngineMaterials/Substrate/GLints/dict_16_192_64_0p5_0p02_0017_0002.uasset" 6071
"../../../Engine/Content/EngineMaterials/Substrate/GLints/dict_16_192_64_0p5_0p02_0017_0003.uasset" 6072
"../../../Engine/Content/EngineMaterials/Substrate/GLints/dict_16_192_64_0p5_0p02_0017_0004.uasset" 6073
"../../../Engine/Content/EngineMaterials/Substrate/GLints/dict_16_192_64_0p5_0p02_0017_0005.uasset" 6074
"../../../Engine/Content/EngineMaterials/Substrate/GLints/dict_16_192_64_0p5_0p02_0017_0006.uasset" 6075
"../../../Engine/Content/EngineMaterials/Substrate/GLints/dict_16_192_64_0p5_0p02_0017_0007.uasset" 6076
"../../../Engine/Content/EngineMaterials/Substrate/GLints/dict_16_192_64_0p5_0p02_0017_0008.uasset" 6077
"../../../Engine/Content/EngineMaterials/Substrate/GLints/dict_16_192_64_0p5_0p02_0017_0009.uasset" 6078
"../../../Engine/Content/EngineMaterials/Substrate/GLints/dict_16_192_64_0p5_0p02_0017_0010.uasset" 6079
"../../../Engine/Content/EngineMaterials/Substrate/GLints/dict_16_192_64_0p5_0p02_0017_0011.uasset" 6080
"../../../Engine/Content/EngineMaterials/Substrate/GLints/dict_16_192_64_0p5_0p02_0017_0012.uasset" 6081
"../../../Engine/Content/EngineMaterials/Substrate/GLints/dict_16_192_64_0p5_0p02_0017_0013.uasset" 6082
"../../../Engine/Content/EngineMaterials/Substrate/GLints/dict_16_192_64_0p5_0p02_0017_0014.uasset" 6083
"../../../Engine/Content/EngineMaterials/Substrate/GLints/dict_16_192_64_0p5_0p02_0017_0015.uasset" 6084
"../../../Engine/Content/EngineMaterials/Substrate/GLints/dict_16_192_64_0p5_0p02_0018_0000.uasset" 6085
"../../../Engine/Content/EngineMaterials/Substrate/GLints/dict_16_192_64_0p5_0p02_0018_0001.uasset" 6086
"../../../Engine/Content/EngineMaterials/Substrate/GLints/dict_16_192_64_0p5_0p02_0018_0002.uasset" 6087
"../../../Engine/Content/EngineMaterials/Substrate/GLints/dict_16_192_64_0p5_0p02_0018_0003.uasset" 6088
"../../../Engine/Content/EngineMaterials/Substrate/GLints/dict_16_192_64_0p5_0p02_0018_0004.uasset" 6089
"../../../Engine/Content/EngineMaterials/Substrate/GLints/dict_16_192_64_0p5_0p02_0018_0005.uasset" 6090
"../../../Engine/Content/EngineMaterials/Substrate/GLints/dict_16_192_64_0p5_0p02_0018_0006.uasset" 6091
"../../../Engine/Content/EngineMaterials/Substrate/GLints/dict_16_192_64_0p5_0p02_0018_0007.uasset" 6092
"../../../Engine/Content/EngineMaterials/Substrate/GLints/dict_16_192_64_0p5_0p02_0018_0008.uasset" 6093
"../../../Engine/Content/EngineMaterials/Substrate/GLints/dict_16_192_64_0p5_0p02_0018_0009.uasset" 6094
"../../../Engine/Content/EngineMaterials/Substrate/GLints/dict_16_192_64_0p5_0p02_0018_0010.uasset" 6095
"../../../Engine/Content/EngineMaterials/Substrate/GLints/dict_16_192_64_0p5_0p02_0018_0011.uasset" 6096
"../../../Engine/Content/EngineMaterials/Substrate/GLints/dict_16_192_64_0p5_0p02_0018_0012.uasset" 6097
"../../../Engine/Content/EngineMaterials/Substrate/GLints/dict_16_192_64_0p5_0p02_0018_0013.uasset" 6098
"../../../Engine/Content/EngineMaterials/Substrate/GLints/dict_16_192_64_0p5_0p02_0018_0014.uasset" 6099
"../../../Engine/Content/EngineMaterials/Substrate/GLints/dict_16_192_64_0p5_0p02_0018_0015.uasset" 6100
"../../../Engine/Content/EngineMaterials/Substrate/GLints/dict_16_192_64_0p5_0p02_0019_0000.uasset" 6101
"../../../Engine/Content/EngineMaterials/Substrate/GLints/dict_16_192_64_0p5_0p02_0019_0001.uasset" 6102
"../../../Engine/Content/EngineMaterials/Substrate/GLints/dict_16_192_64_0p5_0p02_0019_0002.uasset" 6103
"../../../Engine/Content/EngineMaterials/Substrate/GLints/dict_16_192_64_0p5_0p02_0019_0003.uasset" 6104
"../../../Engine/Content/EngineMaterials/Substrate/GLints/dict_16_192_64_0p5_0p02_0019_0004.uasset" 6105
"../../../Engine/Content/EngineMaterials/Substrate/GLints/dict_16_192_64_0p5_0p02_0019_0005.uasset" 6106
"../../../Engine/Content/EngineMaterials/Substrate/GLints/dict_16_192_64_0p5_0p02_0019_0006.uasset" 6107
"../../../Engine/Content/EngineMaterials/Substrate/GLints/dict_16_192_64_0p5_0p02_0019_0007.uasset" 6108
"../../../Engine/Content/EngineMaterials/Substrate/GLints/dict_16_192_64_0p5_0p02_0019_0008.uasset" 6109
"../../../Engine/Content/EngineMaterials/Substrate/GLints/dict_16_192_64_0p5_0p02_0019_0009.uasset" 6110
"../../../Engine/Content/EngineMaterials/Substrate/GLints/dict_16_192_64_0p5_0p02_0019_0010.uasset" 6111
"../../../Engine/Content/EngineMaterials/Substrate/GLints/dict_16_192_64_0p5_0p02_0019_0011.uasset" 6112
"../../../Engine/Content/EngineMaterials/Substrate/GLints/dict_16_192_64_0p5_0p02_0019_0012.uasset" 6113
"../../../Engine/Content/EngineMaterials/Substrate/GLints/dict_16_192_64_0p5_0p02_0019_0013.uasset" 6114
"../../../Engine/Content/EngineMaterials/Substrate/GLints/dict_16_192_64_0p5_0p02_0019_0014.uasset" 6115
"../../../Engine/Content/EngineMaterials/Substrate/GLints/dict_16_192_64_0p5_0p02_0019_0015.uasset" 6116
"../../../Engine/Content/EngineMaterials/Substrate/GLints/dict_16_192_64_0p5_0p02_0020_0000.uasset" 6117
"../../../Engine/Content/EngineMaterials/Substrate/GLints/dict_16_192_64_0p5_0p02_0020_0001.uasset" 6118
"../../../Engine/Content/EngineMaterials/Substrate/GLints/dict_16_192_64_0p5_0p02_0020_0002.uasset" 6119
"../../../Engine/Content/EngineMaterials/Substrate/GLints/dict_16_192_64_0p5_0p02_0020_0003.uasset" 6120
"../../../Engine/Content/EngineMaterials/Substrate/GLints/dict_16_192_64_0p5_0p02_0020_0004.uasset" 6121
"../../../Engine/Content/EngineMaterials/Substrate/GLints/dict_16_192_64_0p5_0p02_0020_0005.uasset" 6122
"../../../Engine/Content/EngineMaterials/Substrate/GLints/dict_16_192_64_0p5_0p02_0020_0006.uasset" 6123
"../../../Engine/Content/EngineMaterials/Substrate/GLints/dict_16_192_64_0p5_0p02_0020_0007.uasset" 6124
"../../../Engine/Content/EngineMaterials/Substrate/GLints/dict_16_192_64_0p5_0p02_0020_0008.uasset" 6125
"../../../Engine/Content/EngineMaterials/Substrate/GLints/dict_16_192_64_0p5_0p02_0020_0009.uasset" 6126
"../../../Engine/Content/EngineMaterials/Substrate/GLints/dict_16_192_64_0p5_0p02_0020_0010.uasset" 6127
"../../../Engine/Content/EngineMaterials/Substrate/GLints/dict_16_192_64_0p5_0p02_0020_0011.uasset" 6128
"../../../Engine/Content/EngineMaterials/Substrate/GLints/dict_16_192_64_0p5_0p02_0020_0012.uasset" 6129
"../../../Engine/Content/EngineMaterials/Substrate/GLints/dict_16_192_64_0p5_0p02_0020_0013.uasset" 6130
"../../../Engine/Content/EngineMaterials/Substrate/GLints/dict_16_192_64_0p5_0p02_0020_0014.uasset" 6131
"../../../Engine/Content/EngineMaterials/Substrate/GLints/dict_16_192_64_0p5_0p02_0020_0015.uasset" 6132
"../../../Engine/Content/EngineMaterials/Substrate/GLints/dict_16_192_64_0p5_0p02_0021_0000.uasset" 6133
"../../../Engine/Content/EngineMaterials/Substrate/GLints/dict_16_192_64_0p5_0p02_0021_0001.uasset" 6134
"../../../Engine/Content/EngineMaterials/Substrate/GLints/dict_16_192_64_0p5_0p02_0021_0002.uasset" 6135
"../../../Engine/Content/EngineMaterials/Substrate/GLints/dict_16_192_64_0p5_0p02_0021_0003.uasset" 6136
"../../../Engine/Content/EngineMaterials/Substrate/GLints/dict_16_192_64_0p5_0p02_0021_0004.uasset" 6137
"../../../Engine/Content/EngineMaterials/Substrate/GLints/dict_16_192_64_0p5_0p02_0021_0005.uasset" 6138
"../../../Engine/Content/EngineMaterials/Substrate/GLints/dict_16_192_64_0p5_0p02_0021_0006.uasset" 6139
"../../../Engine/Content/EngineMaterials/Substrate/GLints/dict_16_192_64_0p5_0p02_0021_0007.uasset" 6140
"../../../Engine/Content/EngineMaterials/Substrate/GLints/dict_16_192_64_0p5_0p02_0021_0008.uasset" 6141
"../../../Engine/Content/EngineMaterials/Substrate/GLints/dict_16_192_64_0p5_0p02_0021_0009.uasset" 6142
"../../../Engine/Content/EngineMaterials/Substrate/GLints/dict_16_192_64_0p5_0p02_0021_0010.uasset" 6143
"../../../Engine/Content/EngineMaterials/Substrate/GLints/dict_16_192_64_0p5_0p02_0021_0011.uasset" 6144
"../../../Engine/Content/EngineMaterials/Substrate/GLints/dict_16_192_64_0p5_0p02_0021_0012.uasset" 6145
"../../../Engine/Content/EngineMaterials/Substrate/GLints/dict_16_192_64_0p5_0p02_0021_0013.uasset" 6146
"../../../Engine/Content/EngineMaterials/Substrate/GLints/dict_16_192_64_0p5_0p02_0021_0014.uasset" 6147
"../../../Engine/Content/EngineMaterials/Substrate/GLints/dict_16_192_64_0p5_0p02_0021_0015.uasset" 6148
"../../../Engine/Content/EngineMaterials/Substrate/GLints/dict_16_192_64_0p5_0p02_0022_0000.uasset" 6149
"../../../Engine/Content/EngineMaterials/Substrate/GLints/dict_16_192_64_0p5_0p02_0022_0001.uasset" 6150
"../../../Engine/Content/EngineMaterials/Substrate/GLints/dict_16_192_64_0p5_0p02_0022_0002.uasset" 6151
"../../../Engine/Content/EngineMaterials/Substrate/GLints/dict_16_192_64_0p5_0p02_0022_0003.uasset" 6152
"../../../Engine/Content/EngineMaterials/Substrate/GLints/dict_16_192_64_0p5_0p02_0022_0004.uasset" 6153
"../../../Engine/Content/EngineMaterials/Substrate/GLints/dict_16_192_64_0p5_0p02_0022_0005.uasset" 6154
"../../../Engine/Content/EngineMaterials/Substrate/GLints/dict_16_192_64_0p5_0p02_0022_0006.uasset" 6155
"../../../Engine/Content/EngineMaterials/Substrate/GLints/dict_16_192_64_0p5_0p02_0022_0007.uasset" 6156
"../../../Engine/Content/EngineMaterials/Substrate/GLints/dict_16_192_64_0p5_0p02_0022_0008.uasset" 6157
"../../../Engine/Content/EngineMaterials/Substrate/GLints/dict_16_192_64_0p5_0p02_0022_0009.uasset" 6158
"../../../Engine/Content/EngineMaterials/Substrate/GLints/dict_16_192_64_0p5_0p02_0022_0010.uasset" 6159
"../../../Engine/Content/EngineMaterials/Substrate/GLints/dict_16_192_64_0p5_0p02_0022_0011.uasset" 6160
"../../../Engine/Content/EngineMaterials/Substrate/GLints/dict_16_192_64_0p5_0p02_0022_0012.uasset" 6161
"../../../Engine/Content/EngineMaterials/Substrate/GLints/dict_16_192_64_0p5_0p02_0022_0013.uasset" 6162
"../../../Engine/Content/EngineMaterials/Substrate/GLints/dict_16_192_64_0p5_0p02_0022_0014.uasset" 6163
"../../../Engine/Content/EngineMaterials/Substrate/GLints/dict_16_192_64_0p5_0p02_0022_0015.uasset" 6164
"../../../Engine/Content/EngineMaterials/Substrate/GLints/dict_16_192_64_0p5_0p02_0023_0000.uasset" 6165
"../../../Engine/Content/EngineMaterials/Substrate/GLints/dict_16_192_64_0p5_0p02_0023_0001.uasset" 6166
"../../../Engine/Content/EngineMaterials/Substrate/GLints/dict_16_192_64_0p5_0p02_0023_0002.uasset" 6167
"../../../Engine/Content/EngineMaterials/Substrate/GLints/dict_16_192_64_0p5_0p02_0023_0003.uasset" 6168
"../../../Engine/Content/EngineMaterials/Substrate/GLints/dict_16_192_64_0p5_0p02_0023_0004.uasset" 6169
"../../../Engine/Content/EngineMaterials/Substrate/GLints/dict_16_192_64_0p5_0p02_0023_0005.uasset" 6170
"../../../Engine/Content/EngineMaterials/Substrate/GLints/dict_16_192_64_0p5_0p02_0023_0006.uasset" 6171
"../../../Engine/Content/EngineMaterials/Substrate/GLints/dict_16_192_64_0p5_0p02_0023_0007.uasset" 6172
"../../../Engine/Content/EngineMaterials/Substrate/GLints/dict_16_192_64_0p5_0p02_0023_0008.uasset" 6173
"../../../Engine/Content/EngineMaterials/Substrate/GLints/dict_16_192_64_0p5_0p02_0023_0009.uasset" 6174
"../../../Engine/Content/EngineMaterials/Substrate/GLints/dict_16_192_64_0p5_0p02_0023_0010.uasset" 6175
"../../../Engine/Content/EngineMaterials/Substrate/GLints/dict_16_192_64_0p5_0p02_0023_0011.uasset" 6176
"../../../Engine/Content/EngineMaterials/Substrate/GLints/dict_16_192_64_0p5_0p02_0023_0012.uasset" 6177
"../../../Engine/Content/EngineMaterials/Substrate/GLints/dict_16_192_64_0p5_0p02_0023_0013.uasset" 6178
"../../../Engine/Content/EngineMaterials/Substrate/GLints/dict_16_192_64_0p5_0p02_0023_0014.uasset" 6179
"../../../Engine/Content/EngineMaterials/Substrate/GLints/dict_16_192_64_0p5_0p02_0023_0015.uasset" 6180
"../../../Engine/Content/EngineMaterials/Substrate/GLints/dict_16_192_64_0p5_0p02_0024_0000.uasset" 6181
"../../../Engine/Content/EngineMaterials/Substrate/GLints/dict_16_192_64_0p5_0p02_0024_0001.uasset" 6182
"../../../Engine/Content/EngineMaterials/Substrate/GLints/dict_16_192_64_0p5_0p02_0024_0002.uasset" 6183
"../../../Engine/Content/EngineMaterials/Substrate/GLints/dict_16_192_64_0p5_0p02_0024_0003.uasset" 6184
"../../../Engine/Content/EngineMaterials/Substrate/GLints/dict_16_192_64_0p5_0p02_0024_0004.uasset" 6185
"../../../Engine/Content/EngineMaterials/Substrate/GLints/dict_16_192_64_0p5_0p02_0024_0005.uasset" 6186
"../../../Engine/Content/EngineMaterials/Substrate/GLints/dict_16_192_64_0p5_0p02_0024_0006.uasset" 6187
"../../../Engine/Content/EngineMaterials/Substrate/GLints/dict_16_192_64_0p5_0p02_0024_0007.uasset" 6188
"../../../Engine/Content/EngineMaterials/Substrate/GLints/dict_16_192_64_0p5_0p02_0024_0008.uasset" 6189
"../../../Engine/Content/EngineMaterials/Substrate/GLints/dict_16_192_64_0p5_0p02_0024_0009.uasset" 6190
"../../../Engine/Content/EngineMaterials/Substrate/GLints/dict_16_192_64_0p5_0p02_0024_0010.uasset" 6191
"../../../Engine/Content/EngineMaterials/Substrate/GLints/dict_16_192_64_0p5_0p02_0024_0011.uasset" 6192
"../../../Engine/Content/EngineMaterials/Substrate/GLints/dict_16_192_64_0p5_0p02_0024_0012.uasset" 6193
"../../../Engine/Content/EngineMaterials/Substrate/GLints/dict_16_192_64_0p5_0p02_0024_0013.uasset" 6194
"../../../Engine/Content/EngineMaterials/Substrate/GLints/dict_16_192_64_0p5_0p02_0024_0014.uasset" 6195
"../../../Engine/Content/EngineMaterials/Substrate/GLints/dict_16_192_64_0p5_0p02_0024_0015.uasset" 6196
"../../../Engine/Content/EngineMaterials/Substrate/GLints/dict_16_192_64_0p5_0p02_0025_0000.uasset" 6197
"../../../Engine/Content/EngineMaterials/Substrate/GLints/dict_16_192_64_0p5_0p02_0025_0001.uasset" 6198
"../../../Engine/Content/EngineMaterials/Substrate/GLints/dict_16_192_64_0p5_0p02_0025_0002.uasset" 6199
"../../../Engine/Content/EngineMaterials/Substrate/GLints/dict_16_192_64_0p5_0p02_0025_0003.uasset" 6200
"../../../Engine/Content/EngineMaterials/Substrate/GLints/dict_16_192_64_0p5_0p02_0025_0004.uasset" 6201
"../../../Engine/Content/EngineMaterials/Substrate/GLints/dict_16_192_64_0p5_0p02_0025_0005.uasset" 6202
"../../../Engine/Content/EngineMaterials/Substrate/GLints/dict_16_192_64_0p5_0p02_0025_0006.uasset" 6203
"../../../Engine/Content/EngineMaterials/Substrate/GLints/dict_16_192_64_0p5_0p02_0025_0007.uasset" 6204
"../../../Engine/Content/EngineMaterials/Substrate/GLints/dict_16_192_64_0p5_0p02_0025_0008.uasset" 6205
"../../../Engine/Content/EngineMaterials/Substrate/GLints/dict_16_192_64_0p5_0p02_0025_0009.uasset" 6206
"../../../Engine/Content/EngineMaterials/Substrate/GLints/dict_16_192_64_0p5_0p02_0025_0010.uasset" 6207
"../../../Engine/Content/EngineMaterials/Substrate/GLints/dict_16_192_64_0p5_0p02_0025_0011.uasset" 6208
"../../../Engine/Content/EngineMaterials/Substrate/GLints/dict_16_192_64_0p5_0p02_0025_0012.uasset" 6209
"../../../Engine/Content/EngineMaterials/Substrate/GLints/dict_16_192_64_0p5_0p02_0025_0013.uasset" 6210
"../../../Engine/Content/EngineMaterials/Substrate/GLints/dict_16_192_64_0p5_0p02_0025_0014.uasset" 6211
"../../../Engine/Content/EngineMaterials/Substrate/GLints/dict_16_192_64_0p5_0p02_0025_0015.uasset" 6212
"../../../Engine/Content/EngineMaterials/Substrate/GLints/dict_16_192_64_0p5_0p02_0026_0000.uasset" 6213
"../../../Engine/Content/EngineMaterials/Substrate/GLints/dict_16_192_64_0p5_0p02_0026_0001.uasset" 6214
"../../../Engine/Content/EngineMaterials/Substrate/GLints/dict_16_192_64_0p5_0p02_0026_0002.uasset" 6215
"../../../Engine/Content/EngineMaterials/Substrate/GLints/dict_16_192_64_0p5_0p02_0026_0003.uasset" 6216
"../../../Engine/Content/EngineMaterials/Substrate/GLints/dict_16_192_64_0p5_0p02_0026_0004.uasset" 6217
"../../../Engine/Content/EngineMaterials/Substrate/GLints/dict_16_192_64_0p5_0p02_0026_0005.uasset" 6218
"../../../Engine/Content/EngineMaterials/Substrate/GLints/dict_16_192_64_0p5_0p02_0026_0006.uasset" 6219
"../../../Engine/Content/EngineMaterials/Substrate/GLints/dict_16_192_64_0p5_0p02_0026_0007.uasset" 6220
"../../../Engine/Content/EngineMaterials/Substrate/GLints/dict_16_192_64_0p5_0p02_0026_0008.uasset" 6221
"../../../Engine/Content/EngineMaterials/Substrate/GLints/dict_16_192_64_0p5_0p02_0026_0009.uasset" 6222
"../../../Engine/Content/EngineMaterials/Substrate/GLints/dict_16_192_64_0p5_0p02_0026_0010.uasset" 6223
"../../../Engine/Content/EngineMaterials/Substrate/GLints/dict_16_192_64_0p5_0p02_0026_0011.uasset" 6224
"../../../Engine/Content/EngineMaterials/Substrate/GLints/dict_16_192_64_0p5_0p02_0026_0012.uasset" 6225
"../../../Engine/Content/EngineMaterials/Substrate/GLints/dict_16_192_64_0p5_0p02_0026_0013.uasset" 6226
"../../../Engine/Content/EngineMaterials/Substrate/GLints/dict_16_192_64_0p5_0p02_0026_0014.uasset" 6227
"../../../Engine/Content/EngineMaterials/Substrate/GLints/dict_16_192_64_0p5_0p02_0026_0015.uasset" 6228
"../../../Engine/Content/EngineMaterials/Substrate/GLints/dict_16_192_64_0p5_0p02_0027_0000.uasset" 6229
"../../../Engine/Content/EngineMaterials/Substrate/GLints/dict_16_192_64_0p5_0p02_0027_0001.uasset" 6230
"../../../Engine/Content/EngineMaterials/Substrate/GLints/dict_16_192_64_0p5_0p02_0027_0002.uasset" 6231
"../../../Engine/Content/EngineMaterials/Substrate/GLints/dict_16_192_64_0p5_0p02_0027_0003.uasset" 6232
"../../../Engine/Content/EngineMaterials/Substrate/GLints/dict_16_192_64_0p5_0p02_0027_0004.uasset" 6233
"../../../Engine/Content/EngineMaterials/Substrate/GLints/dict_16_192_64_0p5_0p02_0027_0005.uasset" 6234
"../../../Engine/Content/EngineMaterials/Substrate/GLints/dict_16_192_64_0p5_0p02_0027_0006.uasset" 6235
"../../../Engine/Content/EngineMaterials/Substrate/GLints/dict_16_192_64_0p5_0p02_0027_0007.uasset" 6236
"../../../Engine/Content/EngineMaterials/Substrate/GLints/dict_16_192_64_0p5_0p02_0027_0008.uasset" 6237
"../../../Engine/Content/EngineMaterials/Substrate/GLints/dict_16_192_64_0p5_0p02_0027_0009.uasset" 6238
"../../../Engine/Content/EngineMaterials/Substrate/GLints/dict_16_192_64_0p5_0p02_0027_0010.uasset" 6239
"../../../Engine/Content/EngineMaterials/Substrate/GLints/dict_16_192_64_0p5_0p02_0027_0011.uasset" 6240
"../../../Engine/Content/EngineMaterials/Substrate/GLints/dict_16_192_64_0p5_0p02_0027_0012.uasset" 6241
"../../../Engine/Content/EngineMaterials/Substrate/GLints/dict_16_192_64_0p5_0p02_0027_0013.uasset" 6242
"../../../Engine/Content/EngineMaterials/Substrate/GLints/dict_16_192_64_0p5_0p02_0027_0014.uasset" 6243
"../../../Engine/Content/EngineMaterials/Substrate/GLints/dict_16_192_64_0p5_0p02_0027_0015.uasset" 6244
"../../../Engine/Content/EngineMaterials/Substrate/GLints/dict_16_192_64_0p5_0p02_0028_0000.uasset" 6245
"../../../Engine/Content/EngineMaterials/Substrate/GLints/dict_16_192_64_0p5_0p02_0028_0001.uasset" 6246
"../../../Engine/Content/EngineMaterials/Substrate/GLints/dict_16_192_64_0p5_0p02_0028_0002.uasset" 6247
"../../../Engine/Content/EngineMaterials/Substrate/GLints/dict_16_192_64_0p5_0p02_0028_0003.uasset" 6248
"../../../Engine/Content/EngineMaterials/Substrate/GLints/dict_16_192_64_0p5_0p02_0028_0004.uasset" 6249
"../../../Engine/Content/EngineMaterials/Substrate/GLints/dict_16_192_64_0p5_0p02_0028_0005.uasset" 6250
"../../../Engine/Content/EngineMaterials/Substrate/GLints/dict_16_192_64_0p5_0p02_0028_0006.uasset" 6251
"../../../Engine/Content/EngineMaterials/Substrate/GLints/dict_16_192_64_0p5_0p02_0028_0007.uasset" 6252
"../../../Engine/Content/EngineMaterials/Substrate/GLints/dict_16_192_64_0p5_0p02_0028_0008.uasset" 6253
"../../../Engine/Content/EngineMaterials/Substrate/GLints/dict_16_192_64_0p5_0p02_0028_0009.uasset" 6254
"../../../Engine/Content/EngineMaterials/Substrate/GLints/dict_16_192_64_0p5_0p02_0028_0010.uasset" 6255
"../../../Engine/Content/EngineMaterials/Substrate/GLints/dict_16_192_64_0p5_0p02_0028_0011.uasset" 6256
"../../../Engine/Content/EngineMaterials/Substrate/GLints/dict_16_192_64_0p5_0p02_0028_0012.uasset" 6257
"../../../Engine/Content/EngineMaterials/Substrate/GLints/dict_16_192_64_0p5_0p02_0028_0013.uasset" 6258
"../../../Engine/Content/EngineMaterials/Substrate/GLints/dict_16_192_64_0p5_0p02_0028_0014.uasset" 6259
"../../../Engine/Content/EngineMaterials/Substrate/GLints/dict_16_192_64_0p5_0p02_0028_0015.uasset" 6260
"../../../Engine/Content/EngineMaterials/Substrate/GLints/dict_16_192_64_0p5_0p02_0029_0000.uasset" 6261
"../../../Engine/Content/EngineMaterials/Substrate/GLints/dict_16_192_64_0p5_0p02_0029_0001.uasset" 6262
"../../../Engine/Content/EngineMaterials/Substrate/GLints/dict_16_192_64_0p5_0p02_0029_0002.uasset" 6263
"../../../Engine/Content/EngineMaterials/Substrate/GLints/dict_16_192_64_0p5_0p02_0029_0003.uasset" 6264
"../../../Engine/Content/EngineMaterials/Substrate/GLints/dict_16_192_64_0p5_0p02_0029_0004.uasset" 6265
"../../../Engine/Content/EngineMaterials/Substrate/GLints/dict_16_192_64_0p5_0p02_0029_0005.uasset" 6266
"../../../Engine/Content/EngineMaterials/Substrate/GLints/dict_16_192_64_0p5_0p02_0029_0006.uasset" 6267
"../../../Engine/Content/EngineMaterials/Substrate/GLints/dict_16_192_64_0p5_0p02_0029_0007.uasset" 6268
"../../../Engine/Content/EngineMaterials/Substrate/GLints/dict_16_192_64_0p5_0p02_0029_0008.uasset" 6269
"../../../Engine/Content/EngineMaterials/Substrate/GLints/dict_16_192_64_0p5_0p02_0029_0009.uasset" 6270
"../../../Engine/Content/EngineMaterials/Substrate/GLints/dict_16_192_64_0p5_0p02_0029_0010.uasset" 6271
"../../../Engine/Content/EngineMaterials/Substrate/GLints/dict_16_192_64_0p5_0p02_0029_0011.uasset" 6272
"../../../Engine/Content/EngineMaterials/Substrate/GLints/dict_16_192_64_0p5_0p02_0029_0012.uasset" 6273
"../../../Engine/Content/EngineMaterials/Substrate/GLints/dict_16_192_64_0p5_0p02_0029_0013.uasset" 6274
"../../../Engine/Content/EngineMaterials/Substrate/GLints/dict_16_192_64_0p5_0p02_0029_0014.uasset" 6275
"../../../Engine/Content/EngineMaterials/Substrate/GLints/dict_16_192_64_0p5_0p02_0029_0015.uasset" 6276
"../../../Engine/Content/EngineMaterials/Substrate/GLints/dict_16_192_64_0p5_0p02_0030_0000.uasset" 6277
"../../../Engine/Content/EngineMaterials/Substrate/GLints/dict_16_192_64_0p5_0p02_0030_0001.uasset" 6278
"../../../Engine/Content/EngineMaterials/Substrate/GLints/dict_16_192_64_0p5_0p02_0030_0002.uasset" 6279
"../../../Engine/Content/EngineMaterials/Substrate/GLints/dict_16_192_64_0p5_0p02_0030_0003.uasset" 6280
"../../../Engine/Content/EngineMaterials/Substrate/GLints/dict_16_192_64_0p5_0p02_0030_0004.uasset" 6281
"../../../Engine/Content/EngineMaterials/Substrate/GLints/dict_16_192_64_0p5_0p02_0030_0005.uasset" 6282
"../../../Engine/Content/EngineMaterials/Substrate/GLints/dict_16_192_64_0p5_0p02_0030_0006.uasset" 6283
"../../../Engine/Content/EngineMaterials/Substrate/GLints/dict_16_192_64_0p5_0p02_0030_0007.uasset" 6284
"../../../Engine/Content/EngineMaterials/Substrate/GLints/dict_16_192_64_0p5_0p02_0030_0008.uasset" 6285
"../../../Engine/Content/EngineMaterials/Substrate/GLints/dict_16_192_64_0p5_0p02_0030_0009.uasset" 6286
"../../../Engine/Content/EngineMaterials/Substrate/GLints/dict_16_192_64_0p5_0p02_0030_0010.uasset" 6287
"../../../Engine/Content/EngineMaterials/Substrate/GLints/dict_16_192_64_0p5_0p02_0030_0011.uasset" 6288
"../../../Engine/Content/EngineMaterials/Substrate/GLints/dict_16_192_64_0p5_0p02_0030_0012.uasset" 6289
"../../../Engine/Content/EngineMaterials/Substrate/GLints/dict_16_192_64_0p5_0p02_0030_0013.uasset" 6290
"../../../Engine/Content/EngineMaterials/Substrate/GLints/dict_16_192_64_0p5_0p02_0030_0014.uasset" 6291
"../../../Engine/Content/EngineMaterials/Substrate/GLints/dict_16_192_64_0p5_0p02_0030_0015.uasset" 6292
"../../../Engine/Content/EngineMaterials/Substrate/GLints/dict_16_192_64_0p5_0p02_0031_0000.uasset" 6293
"../../../Engine/Content/EngineMaterials/Substrate/GLints/dict_16_192_64_0p5_0p02_0031_0001.uasset" 6294
"../../../Engine/Content/EngineMaterials/Substrate/GLints/dict_16_192_64_0p5_0p02_0031_0002.uasset" 6295
"../../../Engine/Content/EngineMaterials/Substrate/GLints/dict_16_192_64_0p5_0p02_0031_0003.uasset" 6296
"../../../Engine/Content/EngineMaterials/Substrate/GLints/dict_16_192_64_0p5_0p02_0031_0004.uasset" 6297
"../../../Engine/Content/EngineMaterials/Substrate/GLints/dict_16_192_64_0p5_0p02_0031_0005.uasset" 6298
"../../../Engine/Content/EngineMaterials/Substrate/GLints/dict_16_192_64_0p5_0p02_0031_0006.uasset" 6299
"../../../Engine/Content/EngineMaterials/Substrate/GLints/dict_16_192_64_0p5_0p02_0031_0007.uasset" 6300
"../../../Engine/Content/EngineMaterials/Substrate/GLints/dict_16_192_64_0p5_0p02_0031_0008.uasset" 6301
"../../../Engine/Content/EngineMaterials/Substrate/GLints/dict_16_192_64_0p5_0p02_0031_0009.uasset" 6302
"../../../Engine/Content/EngineMaterials/Substrate/GLints/dict_16_192_64_0p5_0p02_0031_0010.uasset" 6303
"../../../Engine/Content/EngineMaterials/Substrate/GLints/dict_16_192_64_0p5_0p02_0031_0011.uasset" 6304
"../../../Engine/Content/EngineMaterials/Substrate/GLints/dict_16_192_64_0p5_0p02_0031_0012.uasset" 6305
"../../../Engine/Content/EngineMaterials/Substrate/GLints/dict_16_192_64_0p5_0p02_0031_0013.uasset" 6306
"../../../Engine/Content/EngineMaterials/Substrate/GLints/dict_16_192_64_0p5_0p02_0031_0014.uasset" 6307
"../../../Engine/Content/EngineMaterials/Substrate/GLints/dict_16_192_64_0p5_0p02_0031_0015.uasset" 6308
"../../../Engine/Content/EngineMaterials/Substrate/GLints/dict_16_192_64_0p5_0p02_0032_0000.uasset" 6309
"../../../Engine/Content/EngineMaterials/Substrate/GLints/dict_16_192_64_0p5_0p02_0032_0001.uasset" 6310
"../../../Engine/Content/EngineMaterials/Substrate/GLints/dict_16_192_64_0p5_0p02_0032_0002.uasset" 6311
"../../../Engine/Content/EngineMaterials/Substrate/GLints/dict_16_192_64_0p5_0p02_0032_0003.uasset" 6312
"../../../Engine/Content/EngineMaterials/Substrate/GLints/dict_16_192_64_0p5_0p02_0032_0004.uasset" 6313
"../../../Engine/Content/EngineMaterials/Substrate/GLints/dict_16_192_64_0p5_0p02_0032_0005.uasset" 6314
"../../../Engine/Content/EngineMaterials/Substrate/GLints/dict_16_192_64_0p5_0p02_0032_0006.uasset" 6315
"../../../Engine/Content/EngineMaterials/Substrate/GLints/dict_16_192_64_0p5_0p02_0032_0007.uasset" 6316
"../../../Engine/Content/EngineMaterials/Substrate/GLints/dict_16_192_64_0p5_0p02_0032_0008.uasset" 6317
"../../../Engine/Content/EngineMaterials/Substrate/GLints/dict_16_192_64_0p5_0p02_0032_0009.uasset" 6318
"../../../Engine/Content/EngineMaterials/Substrate/GLints/dict_16_192_64_0p5_0p02_0032_0010.uasset" 6319
"../../../Engine/Content/EngineMaterials/Substrate/GLints/dict_16_192_64_0p5_0p02_0032_0011.uasset" 6320
"../../../Engine/Content/EngineMaterials/Substrate/GLints/dict_16_192_64_0p5_0p02_0032_0012.uasset" 6321
"../../../Engine/Content/EngineMaterials/Substrate/GLints/dict_16_192_64_0p5_0p02_0032_0013.uasset" 6322
"../../../Engine/Content/EngineMaterials/Substrate/GLints/dict_16_192_64_0p5_0p02_0032_0014.uasset" 6323
"../../../Engine/Content/EngineMaterials/Substrate/GLints/dict_16_192_64_0p5_0p02_0032_0015.uasset" 6324
"../../../Engine/Content/EngineMaterials/Substrate/GLints/dict_16_192_64_0p5_0p02_0033_0000.uasset" 6325
"../../../Engine/Content/EngineMaterials/Substrate/GLints/dict_16_192_64_0p5_0p02_0033_0001.uasset" 6326
"../../../Engine/Content/EngineMaterials/Substrate/GLints/dict_16_192_64_0p5_0p02_0033_0002.uasset" 6327
"../../../Engine/Content/EngineMaterials/Substrate/GLints/dict_16_192_64_0p5_0p02_0033_0003.uasset" 6328
"../../../Engine/Content/EngineMaterials/Substrate/GLints/dict_16_192_64_0p5_0p02_0033_0004.uasset" 6329
"../../../Engine/Content/EngineMaterials/Substrate/GLints/dict_16_192_64_0p5_0p02_0033_0005.uasset" 6330
"../../../Engine/Content/EngineMaterials/Substrate/GLints/dict_16_192_64_0p5_0p02_0033_0006.uasset" 6331
"../../../Engine/Content/EngineMaterials/Substrate/GLints/dict_16_192_64_0p5_0p02_0033_0007.uasset" 6332
"../../../Engine/Content/EngineMaterials/Substrate/GLints/dict_16_192_64_0p5_0p02_0033_0008.uasset" 6333
"../../../Engine/Content/EngineMaterials/Substrate/GLints/dict_16_192_64_0p5_0p02_0033_0009.uasset" 6334
"../../../Engine/Content/EngineMaterials/Substrate/GLints/dict_16_192_64_0p5_0p02_0033_0010.uasset" 6335
"../../../Engine/Content/EngineMaterials/Substrate/GLints/dict_16_192_64_0p5_0p02_0033_0011.uasset" 6336
"../../../Engine/Content/EngineMaterials/Substrate/GLints/dict_16_192_64_0p5_0p02_0033_0012.uasset" 6337
"../../../Engine/Content/EngineMaterials/Substrate/GLints/dict_16_192_64_0p5_0p02_0033_0013.uasset" 6338
"../../../Engine/Content/EngineMaterials/Substrate/GLints/dict_16_192_64_0p5_0p02_0033_0014.uasset" 6339
"../../../Engine/Content/EngineMaterials/Substrate/GLints/dict_16_192_64_0p5_0p02_0033_0015.uasset" 6340
"../../../Engine/Content/EngineMaterials/Substrate/GLints/dict_16_192_64_0p5_0p02_0034_0000.uasset" 6341
"../../../Engine/Content/EngineMaterials/Substrate/GLints/dict_16_192_64_0p5_0p02_0034_0001.uasset" 6342
"../../../Engine/Content/EngineMaterials/Substrate/GLints/dict_16_192_64_0p5_0p02_0034_0002.uasset" 6343
"../../../Engine/Content/EngineMaterials/Substrate/GLints/dict_16_192_64_0p5_0p02_0034_0003.uasset" 6344
"../../../Engine/Content/EngineMaterials/Substrate/GLints/dict_16_192_64_0p5_0p02_0034_0004.uasset" 6345
"../../../Engine/Content/EngineMaterials/Substrate/GLints/dict_16_192_64_0p5_0p02_0034_0005.uasset" 6346
"../../../Engine/Content/EngineMaterials/Substrate/GLints/dict_16_192_64_0p5_0p02_0034_0006.uasset" 6347
"../../../Engine/Content/EngineMaterials/Substrate/GLints/dict_16_192_64_0p5_0p02_0034_0007.uasset" 6348
"../../../Engine/Content/EngineMaterials/Substrate/GLints/dict_16_192_64_0p5_0p02_0034_0008.uasset" 6349
"../../../Engine/Content/EngineMaterials/Substrate/GLints/dict_16_192_64_0p5_0p02_0034_0009.uasset" 6350
"../../../Engine/Content/EngineMaterials/Substrate/GLints/dict_16_192_64_0p5_0p02_0034_0010.uasset" 6351
"../../../Engine/Content/EngineMaterials/Substrate/GLints/dict_16_192_64_0p5_0p02_0034_0011.uasset" 6352
"../../../Engine/Content/EngineMaterials/Substrate/GLints/dict_16_192_64_0p5_0p02_0034_0012.uasset" 6353
"../../../Engine/Content/EngineMaterials/Substrate/GLints/dict_16_192_64_0p5_0p02_0034_0013.uasset" 6354
"../../../Engine/Content/EngineMaterials/Substrate/GLints/dict_16_192_64_0p5_0p02_0034_0014.uasset" 6355
"../../../Engine/Content/EngineMaterials/Substrate/GLints/dict_16_192_64_0p5_0p02_0034_0015.uasset" 6356
"../../../Engine/Content/EngineMaterials/Substrate/GLints/dict_16_192_64_0p5_0p02_0035_0000.uasset" 6357
"../../../Engine/Content/EngineMaterials/Substrate/GLints/dict_16_192_64_0p5_0p02_0035_0001.uasset" 6358
"../../../Engine/Content/EngineMaterials/Substrate/GLints/dict_16_192_64_0p5_0p02_0035_0002.uasset" 6359
"../../../Engine/Content/EngineMaterials/Substrate/GLints/dict_16_192_64_0p5_0p02_0035_0003.uasset" 6360
"../../../Engine/Content/EngineMaterials/Substrate/GLints/dict_16_192_64_0p5_0p02_0035_0004.uasset" 6361
"../../../Engine/Content/EngineMaterials/Substrate/GLints/dict_16_192_64_0p5_0p02_0035_0005.uasset" 6362
"../../../Engine/Content/EngineMaterials/Substrate/GLints/dict_16_192_64_0p5_0p02_0035_0006.uasset" 6363
"../../../Engine/Content/EngineMaterials/Substrate/GLints/dict_16_192_64_0p5_0p02_0035_0007.uasset" 6364
"../../../Engine/Content/EngineMaterials/Substrate/GLints/dict_16_192_64_0p5_0p02_0035_0008.uasset" 6365
"../../../Engine/Content/EngineMaterials/Substrate/GLints/dict_16_192_64_0p5_0p02_0035_0009.uasset" 6366
"../../../Engine/Content/EngineMaterials/Substrate/GLints/dict_16_192_64_0p5_0p02_0035_0010.uasset" 6367
"../../../Engine/Content/EngineMaterials/Substrate/GLints/dict_16_192_64_0p5_0p02_0035_0011.uasset" 6368
"../../../Engine/Content/EngineMaterials/Substrate/GLints/dict_16_192_64_0p5_0p02_0035_0012.uasset" 6369
"../../../Engine/Content/EngineMaterials/Substrate/GLints/dict_16_192_64_0p5_0p02_0035_0013.uasset" 6370
"../../../Engine/Content/EngineMaterials/Substrate/GLints/dict_16_192_64_0p5_0p02_0035_0014.uasset" 6371
"../../../Engine/Content/EngineMaterials/Substrate/GLints/dict_16_192_64_0p5_0p02_0035_0015.uasset" 6372
"../../../Engine/Content/EngineMaterials/Substrate/GLints/dict_16_192_64_0p5_0p02_0036_0000.uasset" 6373
"../../../Engine/Content/EngineMaterials/Substrate/GLints/dict_16_192_64_0p5_0p02_0036_0001.uasset" 6374
"../../../Engine/Content/EngineMaterials/Substrate/GLints/dict_16_192_64_0p5_0p02_0036_0002.uasset" 6375
"../../../Engine/Content/EngineMaterials/Substrate/GLints/dict_16_192_64_0p5_0p02_0036_0003.uasset" 6376
"../../../Engine/Content/EngineMaterials/Substrate/GLints/dict_16_192_64_0p5_0p02_0036_0004.uasset" 6377
"../../../Engine/Content/EngineMaterials/Substrate/GLints/dict_16_192_64_0p5_0p02_0036_0005.uasset" 6378
"../../../Engine/Content/EngineMaterials/Substrate/GLints/dict_16_192_64_0p5_0p02_0036_0006.uasset" 6379
"../../../Engine/Content/EngineMaterials/Substrate/GLints/dict_16_192_64_0p5_0p02_0036_0007.uasset" 6380
"../../../Engine/Content/EngineMaterials/Substrate/GLints/dict_16_192_64_0p5_0p02_0036_0008.uasset" 6381
"../../../Engine/Content/EngineMaterials/Substrate/GLints/dict_16_192_64_0p5_0p02_0036_0009.uasset" 6382
"../../../Engine/Content/EngineMaterials/Substrate/GLints/dict_16_192_64_0p5_0p02_0036_0010.uasset" 6383
"../../../Engine/Content/EngineMaterials/Substrate/GLints/dict_16_192_64_0p5_0p02_0036_0011.uasset" 6384
"../../../Engine/Content/EngineMaterials/Substrate/GLints/dict_16_192_64_0p5_0p02_0036_0012.uasset" 6385
"../../../Engine/Content/EngineMaterials/Substrate/GLints/dict_16_192_64_0p5_0p02_0036_0013.uasset" 6386
"../../../Engine/Content/EngineMaterials/Substrate/GLints/dict_16_192_64_0p5_0p02_0036_0014.uasset" 6387
"../../../Engine/Content/EngineMaterials/Substrate/GLints/dict_16_192_64_0p5_0p02_0036_0015.uasset" 6388
"../../../Engine/Content/EngineMaterials/Substrate/GLints/dict_16_192_64_0p5_0p02_0037_0000.uasset" 6389
"../../../Engine/Content/EngineMaterials/Substrate/GLints/dict_16_192_64_0p5_0p02_0037_0001.uasset" 6390
"../../../Engine/Content/EngineMaterials/Substrate/GLints/dict_16_192_64_0p5_0p02_0037_0002.uasset" 6391
"../../../Engine/Content/EngineMaterials/Substrate/GLints/dict_16_192_64_0p5_0p02_0037_0003.uasset" 6392
"../../../Engine/Content/EngineMaterials/Substrate/GLints/dict_16_192_64_0p5_0p02_0037_0004.uasset" 6393
"../../../Engine/Content/EngineMaterials/Substrate/GLints/dict_16_192_64_0p5_0p02_0037_0005.uasset" 6394
"../../../Engine/Content/EngineMaterials/Substrate/GLints/dict_16_192_64_0p5_0p02_0037_0006.uasset" 6395
"../../../Engine/Content/EngineMaterials/Substrate/GLints/dict_16_192_64_0p5_0p02_0037_0007.uasset" 6396
"../../../Engine/Content/EngineMaterials/Substrate/GLints/dict_16_192_64_0p5_0p02_0037_0008.uasset" 6397
"../../../Engine/Content/EngineMaterials/Substrate/GLints/dict_16_192_64_0p5_0p02_0037_0009.uasset" 6398
"../../../Engine/Content/EngineMaterials/Substrate/GLints/dict_16_192_64_0p5_0p02_0037_0010.uasset" 6399
"../../../Engine/Content/EngineMaterials/Substrate/GLints/dict_16_192_64_0p5_0p02_0037_0011.uasset" 6400
"../../../Engine/Content/EngineMaterials/Substrate/GLints/dict_16_192_64_0p5_0p02_0037_0012.uasset" 6401
"../../../Engine/Content/EngineMaterials/Substrate/GLints/dict_16_192_64_0p5_0p02_0037_0013.uasset" 6402
"../../../Engine/Content/EngineMaterials/Substrate/GLints/dict_16_192_64_0p5_0p02_0037_0014.uasset" 6403
"../../../Engine/Content/EngineMaterials/Substrate/GLints/dict_16_192_64_0p5_0p02_0037_0015.uasset" 6404
"../../../Engine/Content/EngineMaterials/Substrate/GLints/dict_16_192_64_0p5_0p02_0038_0000.uasset" 6405
"../../../Engine/Content/EngineMaterials/Substrate/GLints/dict_16_192_64_0p5_0p02_0038_0001.uasset" 6406
"../../../Engine/Content/EngineMaterials/Substrate/GLints/dict_16_192_64_0p5_0p02_0038_0002.uasset" 6407
"../../../Engine/Content/EngineMaterials/Substrate/GLints/dict_16_192_64_0p5_0p02_0038_0003.uasset" 6408
"../../../Engine/Content/EngineMaterials/Substrate/GLints/dict_16_192_64_0p5_0p02_0038_0004.uasset" 6409
"../../../Engine/Content/EngineMaterials/Substrate/GLints/dict_16_192_64_0p5_0p02_0038_0005.uasset" 6410
"../../../Engine/Content/EngineMaterials/Substrate/GLints/dict_16_192_64_0p5_0p02_0038_0006.uasset" 6411
"../../../Engine/Content/EngineMaterials/Substrate/GLints/dict_16_192_64_0p5_0p02_0038_0007.uasset" 6412
"../../../Engine/Content/EngineMaterials/Substrate/GLints/dict_16_192_64_0p5_0p02_0038_0008.uasset" 6413
"../../../Engine/Content/EngineMaterials/Substrate/GLints/dict_16_192_64_0p5_0p02_0038_0009.uasset" 6414
"../../../Engine/Content/EngineMaterials/Substrate/GLints/dict_16_192_64_0p5_0p02_0038_0010.uasset" 6415
"../../../Engine/Content/EngineMaterials/Substrate/GLints/dict_16_192_64_0p5_0p02_0038_0011.uasset" 6416
"../../../Engine/Content/EngineMaterials/Substrate/GLints/dict_16_192_64_0p5_0p02_0038_0012.uasset" 6417
"../../../Engine/Content/EngineMaterials/Substrate/GLints/dict_16_192_64_0p5_0p02_0038_0013.uasset" 6418
"../../../Engine/Content/EngineMaterials/Substrate/GLints/dict_16_192_64_0p5_0p02_0038_0014.uasset" 6419
"../../../Engine/Content/EngineMaterials/Substrate/GLints/dict_16_192_64_0p5_0p02_0038_0015.uasset" 6420
"../../../Engine/Content/EngineMaterials/Substrate/GLints/dict_16_192_64_0p5_0p02_0039_0000.uasset" 6421
"../../../Engine/Content/EngineMaterials/Substrate/GLints/dict_16_192_64_0p5_0p02_0039_0001.uasset" 6422
"../../../Engine/Content/EngineMaterials/Substrate/GLints/dict_16_192_64_0p5_0p02_0039_0002.uasset" 6423
"../../../Engine/Content/EngineMaterials/Substrate/GLints/dict_16_192_64_0p5_0p02_0039_0003.uasset" 6424
"../../../Engine/Content/EngineMaterials/Substrate/GLints/dict_16_192_64_0p5_0p02_0039_0004.uasset" 6425
"../../../Engine/Content/EngineMaterials/Substrate/GLints/dict_16_192_64_0p5_0p02_0039_0005.uasset" 6426
"../../../Engine/Content/EngineMaterials/Substrate/GLints/dict_16_192_64_0p5_0p02_0039_0006.uasset" 6427
"../../../Engine/Content/EngineMaterials/Substrate/GLints/dict_16_192_64_0p5_0p02_0039_0007.uasset" 6428
"../../../Engine/Content/EngineMaterials/Substrate/GLints/dict_16_192_64_0p5_0p02_0039_0008.uasset" 6429
"../../../Engine/Content/EngineMaterials/Substrate/GLints/dict_16_192_64_0p5_0p02_0039_0009.uasset" 6430
"../../../Engine/Content/EngineMaterials/Substrate/GLints/dict_16_192_64_0p5_0p02_0039_0010.uasset" 6431
"../../../Engine/Content/EngineMaterials/Substrate/GLints/dict_16_192_64_0p5_0p02_0039_0011.uasset" 6432
"../../../Engine/Content/EngineMaterials/Substrate/GLints/dict_16_192_64_0p5_0p02_0039_0012.uasset" 6433
"../../../Engine/Content/EngineMaterials/Substrate/GLints/dict_16_192_64_0p5_0p02_0039_0013.uasset" 6434
"../../../Engine/Content/EngineMaterials/Substrate/GLints/dict_16_192_64_0p5_0p02_0039_0014.uasset" 6435
"../../../Engine/Content/EngineMaterials/Substrate/GLints/dict_16_192_64_0p5_0p02_0039_0015.uasset" 6436
"../../../Engine/Content/EngineMaterials/Substrate/GLints/dict_16_192_64_0p5_0p02_0040_0000.uasset" 6437
"../../../Engine/Content/EngineMaterials/Substrate/GLints/dict_16_192_64_0p5_0p02_0040_0001.uasset" 6438
"../../../Engine/Content/EngineMaterials/Substrate/GLints/dict_16_192_64_0p5_0p02_0040_0002.uasset" 6439
"../../../Engine/Content/EngineMaterials/Substrate/GLints/dict_16_192_64_0p5_0p02_0040_0003.uasset" 6440
"../../../Engine/Content/EngineMaterials/Substrate/GLints/dict_16_192_64_0p5_0p02_0040_0004.uasset" 6441
"../../../Engine/Content/EngineMaterials/Substrate/GLints/dict_16_192_64_0p5_0p02_0040_0005.uasset" 6442
"../../../Engine/Content/EngineMaterials/Substrate/GLints/dict_16_192_64_0p5_0p02_0040_0006.uasset" 6443
"../../../Engine/Content/EngineMaterials/Substrate/GLints/dict_16_192_64_0p5_0p02_0040_0007.uasset" 6444
"../../../Engine/Content/EngineMaterials/Substrate/GLints/dict_16_192_64_0p5_0p02_0040_0008.uasset" 6445
"../../../Engine/Content/EngineMaterials/Substrate/GLints/dict_16_192_64_0p5_0p02_0040_0009.uasset" 6446
"../../../Engine/Content/EngineMaterials/Substrate/GLints/dict_16_192_64_0p5_0p02_0040_0010.uasset" 6447
"../../../Engine/Content/EngineMaterials/Substrate/GLints/dict_16_192_64_0p5_0p02_0040_0011.uasset" 6448
"../../../Engine/Content/EngineMaterials/Substrate/GLints/dict_16_192_64_0p5_0p02_0040_0012.uasset" 6449
"../../../Engine/Content/EngineMaterials/Substrate/GLints/dict_16_192_64_0p5_0p02_0040_0013.uasset" 6450
"../../../Engine/Content/EngineMaterials/Substrate/GLints/dict_16_192_64_0p5_0p02_0040_0014.uasset" 6451
"../../../Engine/Content/EngineMaterials/Substrate/GLints/dict_16_192_64_0p5_0p02_0040_0015.uasset" 6452
"../../../Engine/Content/EngineMaterials/Substrate/GLints/dict_16_192_64_0p5_0p02_0041_0000.uasset" 6453
"../../../Engine/Content/EngineMaterials/Substrate/GLints/dict_16_192_64_0p5_0p02_0041_0001.uasset" 6454
"../../../Engine/Content/EngineMaterials/Substrate/GLints/dict_16_192_64_0p5_0p02_0041_0002.uasset" 6455
"../../../Engine/Content/EngineMaterials/Substrate/GLints/dict_16_192_64_0p5_0p02_0041_0003.uasset" 6456
"../../../Engine/Content/EngineMaterials/Substrate/GLints/dict_16_192_64_0p5_0p02_0041_0004.uasset" 6457
"../../../Engine/Content/EngineMaterials/Substrate/GLints/dict_16_192_64_0p5_0p02_0041_0005.uasset" 6458
"../../../Engine/Content/EngineMaterials/Substrate/GLints/dict_16_192_64_0p5_0p02_0041_0006.uasset" 6459
"../../../Engine/Content/EngineMaterials/Substrate/GLints/dict_16_192_64_0p5_0p02_0041_0007.uasset" 6460
"../../../Engine/Content/EngineMaterials/Substrate/GLints/dict_16_192_64_0p5_0p02_0041_0008.uasset" 6461
"../../../Engine/Content/EngineMaterials/Substrate/GLints/dict_16_192_64_0p5_0p02_0041_0009.uasset" 6462
"../../../Engine/Content/EngineMaterials/Substrate/GLints/dict_16_192_64_0p5_0p02_0041_0010.uasset" 6463
"../../../Engine/Content/EngineMaterials/Substrate/GLints/dict_16_192_64_0p5_0p02_0041_0011.uasset" 6464
"../../../Engine/Content/EngineMaterials/Substrate/GLints/dict_16_192_64_0p5_0p02_0041_0012.uasset" 6465
"../../../Engine/Content/EngineMaterials/Substrate/GLints/dict_16_192_64_0p5_0p02_0041_0013.uasset" 6466
"../../../Engine/Content/EngineMaterials/Substrate/GLints/dict_16_192_64_0p5_0p02_0041_0014.uasset" 6467
"../../../Engine/Content/EngineMaterials/Substrate/GLints/dict_16_192_64_0p5_0p02_0041_0015.uasset" 6468
"../../../Engine/Content/EngineMaterials/Substrate/GLints/dict_16_192_64_0p5_0p02_0042_0000.uasset" 6469
"../../../Engine/Content/EngineMaterials/Substrate/GLints/dict_16_192_64_0p5_0p02_0042_0001.uasset" 6470
"../../../Engine/Content/EngineMaterials/Substrate/GLints/dict_16_192_64_0p5_0p02_0042_0002.uasset" 6471
"../../../Engine/Content/EngineMaterials/Substrate/GLints/dict_16_192_64_0p5_0p02_0042_0003.uasset" 6472
"../../../Engine/Content/EngineMaterials/Substrate/GLints/dict_16_192_64_0p5_0p02_0042_0004.uasset" 6473
"../../../Engine/Content/EngineMaterials/Substrate/GLints/dict_16_192_64_0p5_0p02_0042_0005.uasset" 6474
"../../../Engine/Content/EngineMaterials/Substrate/GLints/dict_16_192_64_0p5_0p02_0042_0006.uasset" 6475
"../../../Engine/Content/EngineMaterials/Substrate/GLints/dict_16_192_64_0p5_0p02_0042_0007.uasset" 6476
"../../../Engine/Content/EngineMaterials/Substrate/GLints/dict_16_192_64_0p5_0p02_0042_0008.uasset" 6477
"../../../Engine/Content/EngineMaterials/Substrate/GLints/dict_16_192_64_0p5_0p02_0042_0009.uasset" 6478
"../../../Engine/Content/EngineMaterials/Substrate/GLints/dict_16_192_64_0p5_0p02_0042_0010.uasset" 6479
"../../../Engine/Content/EngineMaterials/Substrate/GLints/dict_16_192_64_0p5_0p02_0042_0011.uasset" 6480
"../../../Engine/Content/EngineMaterials/Substrate/GLints/dict_16_192_64_0p5_0p02_0042_0012.uasset" 6481
"../../../Engine/Content/EngineMaterials/Substrate/GLints/dict_16_192_64_0p5_0p02_0042_0013.uasset" 6482
"../../../Engine/Content/EngineMaterials/Substrate/GLints/dict_16_192_64_0p5_0p02_0042_0014.uasset" 6483
"../../../Engine/Content/EngineMaterials/Substrate/GLints/dict_16_192_64_0p5_0p02_0042_0015.uasset" 6484
"../../../Engine/Content/EngineMaterials/Substrate/GLints/dict_16_192_64_0p5_0p02_0043_0000.uasset" 6485
"../../../Engine/Content/EngineMaterials/Substrate/GLints/dict_16_192_64_0p5_0p02_0043_0001.uasset" 6486
"../../../Engine/Content/EngineMaterials/Substrate/GLints/dict_16_192_64_0p5_0p02_0043_0002.uasset" 6487
"../../../Engine/Content/EngineMaterials/Substrate/GLints/dict_16_192_64_0p5_0p02_0043_0003.uasset" 6488
"../../../Engine/Content/EngineMaterials/Substrate/GLints/dict_16_192_64_0p5_0p02_0043_0004.uasset" 6489
"../../../Engine/Content/EngineMaterials/Substrate/GLints/dict_16_192_64_0p5_0p02_0043_0005.uasset" 6490
"../../../Engine/Content/EngineMaterials/Substrate/GLints/dict_16_192_64_0p5_0p02_0043_0006.uasset" 6491
"../../../Engine/Content/EngineMaterials/Substrate/GLints/dict_16_192_64_0p5_0p02_0043_0007.uasset" 6492
"../../../Engine/Content/EngineMaterials/Substrate/GLints/dict_16_192_64_0p5_0p02_0043_0008.uasset" 6493
"../../../Engine/Content/EngineMaterials/Substrate/GLints/dict_16_192_64_0p5_0p02_0043_0009.uasset" 6494
"../../../Engine/Content/EngineMaterials/Substrate/GLints/dict_16_192_64_0p5_0p02_0043_0010.uasset" 6495
"../../../Engine/Content/EngineMaterials/Substrate/GLints/dict_16_192_64_0p5_0p02_0043_0011.uasset" 6496
"../../../Engine/Content/EngineMaterials/Substrate/GLints/dict_16_192_64_0p5_0p02_0043_0012.uasset" 6497
"../../../Engine/Content/EngineMaterials/Substrate/GLints/dict_16_192_64_0p5_0p02_0043_0013.uasset" 6498
"../../../Engine/Content/EngineMaterials/Substrate/GLints/dict_16_192_64_0p5_0p02_0043_0014.uasset" 6499
"../../../Engine/Content/EngineMaterials/Substrate/GLints/dict_16_192_64_0p5_0p02_0043_0015.uasset" 6500
"../../../Engine/Content/EngineMaterials/Substrate/GLints/dict_16_192_64_0p5_0p02_0044_0000.uasset" 6501
"../../../Engine/Content/EngineMaterials/Substrate/GLints/dict_16_192_64_0p5_0p02_0044_0001.uasset" 6502
"../../../Engine/Content/EngineMaterials/Substrate/GLints/dict_16_192_64_0p5_0p02_0044_0002.uasset" 6503
"../../../Engine/Content/EngineMaterials/Substrate/GLints/dict_16_192_64_0p5_0p02_0044_0003.uasset" 6504
"../../../Engine/Content/EngineMaterials/Substrate/GLints/dict_16_192_64_0p5_0p02_0044_0004.uasset" 6505
"../../../Engine/Content/EngineMaterials/Substrate/GLints/dict_16_192_64_0p5_0p02_0044_0005.uasset" 6506
"../../../Engine/Content/EngineMaterials/Substrate/GLints/dict_16_192_64_0p5_0p02_0044_0006.uasset" 6507
"../../../Engine/Content/EngineMaterials/Substrate/GLints/dict_16_192_64_0p5_0p02_0044_0007.uasset" 6508
"../../../Engine/Content/EngineMaterials/Substrate/GLints/dict_16_192_64_0p5_0p02_0044_0008.uasset" 6509
"../../../Engine/Content/EngineMaterials/Substrate/GLints/dict_16_192_64_0p5_0p02_0044_0009.uasset" 6510
"../../../Engine/Content/EngineMaterials/Substrate/GLints/dict_16_192_64_0p5_0p02_0044_0010.uasset" 6511
"../../../Engine/Content/EngineMaterials/Substrate/GLints/dict_16_192_64_0p5_0p02_0044_0011.uasset" 6512
"../../../Engine/Content/EngineMaterials/Substrate/GLints/dict_16_192_64_0p5_0p02_0044_0012.uasset" 6513
"../../../Engine/Content/EngineMaterials/Substrate/GLints/dict_16_192_64_0p5_0p02_0044_0013.uasset" 6514
"../../../Engine/Content/EngineMaterials/Substrate/GLints/dict_16_192_64_0p5_0p02_0044_0014.uasset" 6515
"../../../Engine/Content/EngineMaterials/Substrate/GLints/dict_16_192_64_0p5_0p02_0044_0015.uasset" 6516
"../../../Engine/Content/EngineMaterials/Substrate/GLints/dict_16_192_64_0p5_0p02_0045_0000.uasset" 6517
"../../../Engine/Content/EngineMaterials/Substrate/GLints/dict_16_192_64_0p5_0p02_0045_0001.uasset" 6518
"../../../Engine/Content/EngineMaterials/Substrate/GLints/dict_16_192_64_0p5_0p02_0045_0002.uasset" 6519
"../../../Engine/Content/EngineMaterials/Substrate/GLints/dict_16_192_64_0p5_0p02_0045_0003.uasset" 6520
"../../../Engine/Content/EngineMaterials/Substrate/GLints/dict_16_192_64_0p5_0p02_0045_0004.uasset" 6521
"../../../Engine/Content/EngineMaterials/Substrate/GLints/dict_16_192_64_0p5_0p02_0045_0005.uasset" 6522
"../../../Engine/Content/EngineMaterials/Substrate/GLints/dict_16_192_64_0p5_0p02_0045_0006.uasset" 6523
"../../../Engine/Content/EngineMaterials/Substrate/GLints/dict_16_192_64_0p5_0p02_0045_0007.uasset" 6524
"../../../Engine/Content/EngineMaterials/Substrate/GLints/dict_16_192_64_0p5_0p02_0045_0008.uasset" 6525
"../../../Engine/Content/EngineMaterials/Substrate/GLints/dict_16_192_64_0p5_0p02_0045_0009.uasset" 6526
"../../../Engine/Content/EngineMaterials/Substrate/GLints/dict_16_192_64_0p5_0p02_0045_0010.uasset" 6527
"../../../Engine/Content/EngineMaterials/Substrate/GLints/dict_16_192_64_0p5_0p02_0045_0011.uasset" 6528
"../../../Engine/Content/EngineMaterials/Substrate/GLints/dict_16_192_64_0p5_0p02_0045_0012.uasset" 6529
"../../../Engine/Content/EngineMaterials/Substrate/GLints/dict_16_192_64_0p5_0p02_0045_0013.uasset" 6530
"../../../Engine/Content/EngineMaterials/Substrate/GLints/dict_16_192_64_0p5_0p02_0045_0014.uasset" 6531
"../../../Engine/Content/EngineMaterials/Substrate/GLints/dict_16_192_64_0p5_0p02_0045_0015.uasset" 6532
"../../../Engine/Content/EngineMaterials/Substrate/GLints/dict_16_192_64_0p5_0p02_0046_0000.uasset" 6533
"../../../Engine/Content/EngineMaterials/Substrate/GLints/dict_16_192_64_0p5_0p02_0046_0001.uasset" 6534
"../../../Engine/Content/EngineMaterials/Substrate/GLints/dict_16_192_64_0p5_0p02_0046_0002.uasset" 6535
"../../../Engine/Content/EngineMaterials/Substrate/GLints/dict_16_192_64_0p5_0p02_0046_0003.uasset" 6536
"../../../Engine/Content/EngineMaterials/Substrate/GLints/dict_16_192_64_0p5_0p02_0046_0004.uasset" 6537
"../../../Engine/Content/EngineMaterials/Substrate/GLints/dict_16_192_64_0p5_0p02_0046_0005.uasset" 6538
"../../../Engine/Content/EngineMaterials/Substrate/GLints/dict_16_192_64_0p5_0p02_0046_0006.uasset" 6539
"../../../Engine/Content/EngineMaterials/Substrate/GLints/dict_16_192_64_0p5_0p02_0046_0007.uasset" 6540
"../../../Engine/Content/EngineMaterials/Substrate/GLints/dict_16_192_64_0p5_0p02_0046_0008.uasset" 6541
"../../../Engine/Content/EngineMaterials/Substrate/GLints/dict_16_192_64_0p5_0p02_0046_0009.uasset" 6542
"../../../Engine/Content/EngineMaterials/Substrate/GLints/dict_16_192_64_0p5_0p02_0046_0010.uasset" 6543
"../../../Engine/Content/EngineMaterials/Substrate/GLints/dict_16_192_64_0p5_0p02_0046_0011.uasset" 6544
"../../../Engine/Content/EngineMaterials/Substrate/GLints/dict_16_192_64_0p5_0p02_0046_0012.uasset" 6545
"../../../Engine/Content/EngineMaterials/Substrate/GLints/dict_16_192_64_0p5_0p02_0046_0013.uasset" 6546
"../../../Engine/Content/EngineMaterials/Substrate/GLints/dict_16_192_64_0p5_0p02_0046_0014.uasset" 6547
"../../../Engine/Content/EngineMaterials/Substrate/GLints/dict_16_192_64_0p5_0p02_0046_0015.uasset" 6548
"../../../Engine/Content/EngineMaterials/Substrate/GLints/dict_16_192_64_0p5_0p02_0047_0000.uasset" 6549
"../../../Engine/Content/EngineMaterials/Substrate/GLints/dict_16_192_64_0p5_0p02_0047_0001.uasset" 6550
"../../../Engine/Content/EngineMaterials/Substrate/GLints/dict_16_192_64_0p5_0p02_0047_0002.uasset" 6551
"../../../Engine/Content/EngineMaterials/Substrate/GLints/dict_16_192_64_0p5_0p02_0047_0003.uasset" 6552
"../../../Engine/Content/EngineMaterials/Substrate/GLints/dict_16_192_64_0p5_0p02_0047_0004.uasset" 6553
"../../../Engine/Content/EngineMaterials/Substrate/GLints/dict_16_192_64_0p5_0p02_0047_0005.uasset" 6554
"../../../Engine/Content/EngineMaterials/Substrate/GLints/dict_16_192_64_0p5_0p02_0047_0006.uasset" 6555
"../../../Engine/Content/EngineMaterials/Substrate/GLints/dict_16_192_64_0p5_0p02_0047_0007.uasset" 6556
"../../../Engine/Content/EngineMaterials/Substrate/GLints/dict_16_192_64_0p5_0p02_0047_0008.uasset" 6557
"../../../Engine/Content/EngineMaterials/Substrate/GLints/dict_16_192_64_0p5_0p02_0047_0009.uasset" 6558
"../../../Engine/Content/EngineMaterials/Substrate/GLints/dict_16_192_64_0p5_0p02_0047_0010.uasset" 6559
"../../../Engine/Content/EngineMaterials/Substrate/GLints/dict_16_192_64_0p5_0p02_0047_0011.uasset" 6560
"../../../Engine/Content/EngineMaterials/Substrate/GLints/dict_16_192_64_0p5_0p02_0047_0012.uasset" 6561
"../../../Engine/Content/EngineMaterials/Substrate/GLints/dict_16_192_64_0p5_0p02_0047_0013.uasset" 6562
"../../../Engine/Content/EngineMaterials/Substrate/GLints/dict_16_192_64_0p5_0p02_0047_0014.uasset" 6563
"../../../Engine/Content/EngineMaterials/Substrate/GLints/dict_16_192_64_0p5_0p02_0047_0015.uasset" 6564
"../../../Engine/Content/EngineMaterials/Substrate/GLints/dict_16_192_64_0p5_0p02_0048_0000.uasset" 6565
"../../../Engine/Content/EngineMaterials/Substrate/GLints/dict_16_192_64_0p5_0p02_0048_0001.uasset" 6566
"../../../Engine/Content/EngineMaterials/Substrate/GLints/dict_16_192_64_0p5_0p02_0048_0002.uasset" 6567
"../../../Engine/Content/EngineMaterials/Substrate/GLints/dict_16_192_64_0p5_0p02_0048_0003.uasset" 6568
"../../../Engine/Content/EngineMaterials/Substrate/GLints/dict_16_192_64_0p5_0p02_0048_0004.uasset" 6569
"../../../Engine/Content/EngineMaterials/Substrate/GLints/dict_16_192_64_0p5_0p02_0048_0005.uasset" 6570
"../../../Engine/Content/EngineMaterials/Substrate/GLints/dict_16_192_64_0p5_0p02_0048_0006.uasset" 6571
"../../../Engine/Content/EngineMaterials/Substrate/GLints/dict_16_192_64_0p5_0p02_0048_0007.uasset" 6572
"../../../Engine/Content/EngineMaterials/Substrate/GLints/dict_16_192_64_0p5_0p02_0048_0008.uasset" 6573
"../../../Engine/Content/EngineMaterials/Substrate/GLints/dict_16_192_64_0p5_0p02_0048_0009.uasset" 6574
"../../../Engine/Content/EngineMaterials/Substrate/GLints/dict_16_192_64_0p5_0p02_0048_0010.uasset" 6575
"../../../Engine/Content/EngineMaterials/Substrate/GLints/dict_16_192_64_0p5_0p02_0048_0011.uasset" 6576
"../../../Engine/Content/EngineMaterials/Substrate/GLints/dict_16_192_64_0p5_0p02_0048_0012.uasset" 6577
"../../../Engine/Content/EngineMaterials/Substrate/GLints/dict_16_192_64_0p5_0p02_0048_0013.uasset" 6578
"../../../Engine/Content/EngineMaterials/Substrate/GLints/dict_16_192_64_0p5_0p02_0048_0014.uasset" 6579
"../../../Engine/Content/EngineMaterials/Substrate/GLints/dict_16_192_64_0p5_0p02_0048_0015.uasset" 6580
"../../../Engine/Content/EngineMaterials/Substrate/GLints/dict_16_192_64_0p5_0p02_0049_0000.uasset" 6581
"../../../Engine/Content/EngineMaterials/Substrate/GLints/dict_16_192_64_0p5_0p02_0049_0001.uasset" 6582
"../../../Engine/Content/EngineMaterials/Substrate/GLints/dict_16_192_64_0p5_0p02_0049_0002.uasset" 6583
"../../../Engine/Content/EngineMaterials/Substrate/GLints/dict_16_192_64_0p5_0p02_0049_0003.uasset" 6584
"../../../Engine/Content/EngineMaterials/Substrate/GLints/dict_16_192_64_0p5_0p02_0049_0004.uasset" 6585
"../../../Engine/Content/EngineMaterials/Substrate/GLints/dict_16_192_64_0p5_0p02_0049_0005.uasset" 6586
"../../../Engine/Content/EngineMaterials/Substrate/GLints/dict_16_192_64_0p5_0p02_0049_0006.uasset" 6587
"../../../Engine/Content/EngineMaterials/Substrate/GLints/dict_16_192_64_0p5_0p02_0049_0007.uasset" 6588
"../../../Engine/Content/EngineMaterials/Substrate/GLints/dict_16_192_64_0p5_0p02_0049_0008.uasset" 6589
"../../../Engine/Content/EngineMaterials/Substrate/GLints/dict_16_192_64_0p5_0p02_0049_0009.uasset" 6590
"../../../Engine/Content/EngineMaterials/Substrate/GLints/dict_16_192_64_0p5_0p02_0049_0010.uasset" 6591
"../../../Engine/Content/EngineMaterials/Substrate/GLints/dict_16_192_64_0p5_0p02_0049_0011.uasset" 6592
"../../../Engine/Content/EngineMaterials/Substrate/GLints/dict_16_192_64_0p5_0p02_0049_0012.uasset" 6593
"../../../Engine/Content/EngineMaterials/Substrate/GLints/dict_16_192_64_0p5_0p02_0049_0013.uasset" 6594
"../../../Engine/Content/EngineMaterials/Substrate/GLints/dict_16_192_64_0p5_0p02_0049_0014.uasset" 6595
"../../../Engine/Content/EngineMaterials/Substrate/GLints/dict_16_192_64_0p5_0p02_0049_0015.uasset" 6596
"../../../Engine/Content/EngineMaterials/Substrate/GLints/dict_16_192_64_0p5_0p02_0050_0000.uasset" 6597
"../../../Engine/Content/EngineMaterials/Substrate/GLints/dict_16_192_64_0p5_0p02_0050_0001.uasset" 6598
"../../../Engine/Content/EngineMaterials/Substrate/GLints/dict_16_192_64_0p5_0p02_0050_0002.uasset" 6599
"../../../Engine/Content/EngineMaterials/Substrate/GLints/dict_16_192_64_0p5_0p02_0050_0003.uasset" 6600
"../../../Engine/Content/EngineMaterials/Substrate/GLints/dict_16_192_64_0p5_0p02_0050_0004.uasset" 6601
"../../../Engine/Content/EngineMaterials/Substrate/GLints/dict_16_192_64_0p5_0p02_0050_0005.uasset" 6602
"../../../Engine/Content/EngineMaterials/Substrate/GLints/dict_16_192_64_0p5_0p02_0050_0006.uasset" 6603
"../../../Engine/Content/EngineMaterials/Substrate/GLints/dict_16_192_64_0p5_0p02_0050_0007.uasset" 6604
"../../../Engine/Content/EngineMaterials/Substrate/GLints/dict_16_192_64_0p5_0p02_0050_0008.uasset" 6605
"../../../Engine/Content/EngineMaterials/Substrate/GLints/dict_16_192_64_0p5_0p02_0050_0009.uasset" 6606
"../../../Engine/Content/EngineMaterials/Substrate/GLints/dict_16_192_64_0p5_0p02_0050_0010.uasset" 6607
"../../../Engine/Content/EngineMaterials/Substrate/GLints/dict_16_192_64_0p5_0p02_0050_0011.uasset" 6608
"../../../Engine/Content/EngineMaterials/Substrate/GLints/dict_16_192_64_0p5_0p02_0050_0012.uasset" 6609
"../../../Engine/Content/EngineMaterials/Substrate/GLints/dict_16_192_64_0p5_0p02_0050_0013.uasset" 6610
"../../../Engine/Content/EngineMaterials/Substrate/GLints/dict_16_192_64_0p5_0p02_0050_0014.uasset" 6611
"../../../Engine/Content/EngineMaterials/Substrate/GLints/dict_16_192_64_0p5_0p02_0050_0015.uasset" 6612
"../../../Engine/Content/EngineMaterials/Substrate/GLints/dict_16_192_64_0p5_0p02_0051_0000.uasset" 6613
"../../../Engine/Content/EngineMaterials/Substrate/GLints/dict_16_192_64_0p5_0p02_0051_0001.uasset" 6614
"../../../Engine/Content/EngineMaterials/Substrate/GLints/dict_16_192_64_0p5_0p02_0051_0002.uasset" 6615
"../../../Engine/Content/EngineMaterials/Substrate/GLints/dict_16_192_64_0p5_0p02_0051_0003.uasset" 6616
"../../../Engine/Content/EngineMaterials/Substrate/GLints/dict_16_192_64_0p5_0p02_0051_0004.uasset" 6617
"../../../Engine/Content/EngineMaterials/Substrate/GLints/dict_16_192_64_0p5_0p02_0051_0005.uasset" 6618
"../../../Engine/Content/EngineMaterials/Substrate/GLints/dict_16_192_64_0p5_0p02_0051_0006.uasset" 6619
"../../../Engine/Content/EngineMaterials/Substrate/GLints/dict_16_192_64_0p5_0p02_0051_0007.uasset" 6620
"../../../Engine/Content/EngineMaterials/Substrate/GLints/dict_16_192_64_0p5_0p02_0051_0008.uasset" 6621
"../../../Engine/Content/EngineMaterials/Substrate/GLints/dict_16_192_64_0p5_0p02_0051_0009.uasset" 6622
"../../../Engine/Content/EngineMaterials/Substrate/GLints/dict_16_192_64_0p5_0p02_0051_0010.uasset" 6623
"../../../Engine/Content/EngineMaterials/Substrate/GLints/dict_16_192_64_0p5_0p02_0051_0011.uasset" 6624
"../../../Engine/Content/EngineMaterials/Substrate/GLints/dict_16_192_64_0p5_0p02_0051_0012.uasset" 6625
"../../../Engine/Content/EngineMaterials/Substrate/GLints/dict_16_192_64_0p5_0p02_0051_0013.uasset" 6626
"../../../Engine/Content/EngineMaterials/Substrate/GLints/dict_16_192_64_0p5_0p02_0051_0014.uasset" 6627
"../../../Engine/Content/EngineMaterials/Substrate/GLints/dict_16_192_64_0p5_0p02_0051_0015.uasset" 6628
"../../../Engine/Content/EngineMaterials/Substrate/GLints/dict_16_192_64_0p5_0p02_0052_0000.uasset" 6629
"../../../Engine/Content/EngineMaterials/Substrate/GLints/dict_16_192_64_0p5_0p02_0052_0001.uasset" 6630
"../../../Engine/Content/EngineMaterials/Substrate/GLints/dict_16_192_64_0p5_0p02_0052_0002.uasset" 6631
"../../../Engine/Content/EngineMaterials/Substrate/GLints/dict_16_192_64_0p5_0p02_0052_0003.uasset" 6632
"../../../Engine/Content/EngineMaterials/Substrate/GLints/dict_16_192_64_0p5_0p02_0052_0004.uasset" 6633
"../../../Engine/Content/EngineMaterials/Substrate/GLints/dict_16_192_64_0p5_0p02_0052_0005.uasset" 6634
"../../../Engine/Content/EngineMaterials/Substrate/GLints/dict_16_192_64_0p5_0p02_0052_0006.uasset" 6635
"../../../Engine/Content/EngineMaterials/Substrate/GLints/dict_16_192_64_0p5_0p02_0052_0007.uasset" 6636
"../../../Engine/Content/EngineMaterials/Substrate/GLints/dict_16_192_64_0p5_0p02_0052_0008.uasset" 6637
"../../../Engine/Content/EngineMaterials/Substrate/GLints/dict_16_192_64_0p5_0p02_0052_0009.uasset" 6638
"../../../Engine/Content/EngineMaterials/Substrate/GLints/dict_16_192_64_0p5_0p02_0052_0010.uasset" 6639
"../../../Engine/Content/EngineMaterials/Substrate/GLints/dict_16_192_64_0p5_0p02_0052_0011.uasset" 6640
"../../../Engine/Content/EngineMaterials/Substrate/GLints/dict_16_192_64_0p5_0p02_0052_0012.uasset" 6641
"../../../Engine/Content/EngineMaterials/Substrate/GLints/dict_16_192_64_0p5_0p02_0052_0013.uasset" 6642
"../../../Engine/Content/EngineMaterials/Substrate/GLints/dict_16_192_64_0p5_0p02_0052_0014.uasset" 6643
"../../../Engine/Content/EngineMaterials/Substrate/GLints/dict_16_192_64_0p5_0p02_0052_0015.uasset" 6644
"../../../Engine/Content/EngineMaterials/Substrate/GLints/dict_16_192_64_0p5_0p02_0053_0000.uasset" 6645
"../../../Engine/Content/EngineMaterials/Substrate/GLints/dict_16_192_64_0p5_0p02_0053_0001.uasset" 6646
"../../../Engine/Content/EngineMaterials/Substrate/GLints/dict_16_192_64_0p5_0p02_0053_0002.uasset" 6647
"../../../Engine/Content/EngineMaterials/Substrate/GLints/dict_16_192_64_0p5_0p02_0053_0003.uasset" 6648
"../../../Engine/Content/EngineMaterials/Substrate/GLints/dict_16_192_64_0p5_0p02_0053_0004.uasset" 6649
"../../../Engine/Content/EngineMaterials/Substrate/GLints/dict_16_192_64_0p5_0p02_0053_0005.uasset" 6650
"../../../Engine/Content/EngineMaterials/Substrate/GLints/dict_16_192_64_0p5_0p02_0053_0006.uasset" 6651
"../../../Engine/Content/EngineMaterials/Substrate/GLints/dict_16_192_64_0p5_0p02_0053_0007.uasset" 6652
"../../../Engine/Content/EngineMaterials/Substrate/GLints/dict_16_192_64_0p5_0p02_0053_0008.uasset" 6653
"../../../Engine/Content/EngineMaterials/Substrate/GLints/dict_16_192_64_0p5_0p02_0053_0009.uasset" 6654
"../../../Engine/Content/EngineMaterials/Substrate/GLints/dict_16_192_64_0p5_0p02_0053_0010.uasset" 6655
"../../../Engine/Content/EngineMaterials/Substrate/GLints/dict_16_192_64_0p5_0p02_0053_0011.uasset" 6656
"../../../Engine/Content/EngineMaterials/Substrate/GLints/dict_16_192_64_0p5_0p02_0053_0012.uasset" 6657
"../../../Engine/Content/EngineMaterials/Substrate/GLints/dict_16_192_64_0p5_0p02_0053_0013.uasset" 6658
"../../../Engine/Content/EngineMaterials/Substrate/GLints/dict_16_192_64_0p5_0p02_0053_0014.uasset" 6659
"../../../Engine/Content/EngineMaterials/Substrate/GLints/dict_16_192_64_0p5_0p02_0053_0015.uasset" 6660
"../../../Engine/Content/EngineMaterials/Substrate/GLints/dict_16_192_64_0p5_0p02_0054_0000.uasset" 6661
"../../../Engine/Content/EngineMaterials/Substrate/GLints/dict_16_192_64_0p5_0p02_0054_0001.uasset" 6662
"../../../Engine/Content/EngineMaterials/Substrate/GLints/dict_16_192_64_0p5_0p02_0054_0002.uasset" 6663
"../../../Engine/Content/EngineMaterials/Substrate/GLints/dict_16_192_64_0p5_0p02_0054_0003.uasset" 6664
"../../../Engine/Content/EngineMaterials/Substrate/GLints/dict_16_192_64_0p5_0p02_0054_0004.uasset" 6665
"../../../Engine/Content/EngineMaterials/Substrate/GLints/dict_16_192_64_0p5_0p02_0054_0005.uasset" 6666
"../../../Engine/Content/EngineMaterials/Substrate/GLints/dict_16_192_64_0p5_0p02_0054_0006.uasset" 6667
"../../../Engine/Content/EngineMaterials/Substrate/GLints/dict_16_192_64_0p5_0p02_0054_0007.uasset" 6668
"../../../Engine/Content/EngineMaterials/Substrate/GLints/dict_16_192_64_0p5_0p02_0054_0008.uasset" 6669
"../../../Engine/Content/EngineMaterials/Substrate/GLints/dict_16_192_64_0p5_0p02_0054_0009.uasset" 6670
"../../../Engine/Content/EngineMaterials/Substrate/GLints/dict_16_192_64_0p5_0p02_0054_0010.uasset" 6671
"../../../Engine/Content/EngineMaterials/Substrate/GLints/dict_16_192_64_0p5_0p02_0054_0011.uasset" 6672
"../../../Engine/Content/EngineMaterials/Substrate/GLints/dict_16_192_64_0p5_0p02_0054_0012.uasset" 6673
"../../../Engine/Content/EngineMaterials/Substrate/GLints/dict_16_192_64_0p5_0p02_0054_0013.uasset" 6674
"../../../Engine/Content/EngineMaterials/Substrate/GLints/dict_16_192_64_0p5_0p02_0054_0014.uasset" 6675
"../../../Engine/Content/EngineMaterials/Substrate/GLints/dict_16_192_64_0p5_0p02_0054_0015.uasset" 6676
"../../../Engine/Content/EngineMaterials/Substrate/GLints/dict_16_192_64_0p5_0p02_0055_0000.uasset" 6677
"../../../Engine/Content/EngineMaterials/Substrate/GLints/dict_16_192_64_0p5_0p02_0055_0001.uasset" 6678
"../../../Engine/Content/EngineMaterials/Substrate/GLints/dict_16_192_64_0p5_0p02_0055_0002.uasset" 6679
"../../../Engine/Content/EngineMaterials/Substrate/GLints/dict_16_192_64_0p5_0p02_0055_0003.uasset" 6680
"../../../Engine/Content/EngineMaterials/Substrate/GLints/dict_16_192_64_0p5_0p02_0055_0004.uasset" 6681
"../../../Engine/Content/EngineMaterials/Substrate/GLints/dict_16_192_64_0p5_0p02_0055_0005.uasset" 6682
"../../../Engine/Content/EngineMaterials/Substrate/GLints/dict_16_192_64_0p5_0p02_0055_0006.uasset" 6683
"../../../Engine/Content/EngineMaterials/Substrate/GLints/dict_16_192_64_0p5_0p02_0055_0007.uasset" 6684
"../../../Engine/Content/EngineMaterials/Substrate/GLints/dict_16_192_64_0p5_0p02_0055_0008.uasset" 6685
"../../../Engine/Content/EngineMaterials/Substrate/GLints/dict_16_192_64_0p5_0p02_0055_0009.uasset" 6686
"../../../Engine/Content/EngineMaterials/Substrate/GLints/dict_16_192_64_0p5_0p02_0055_0010.uasset" 6687
"../../../Engine/Content/EngineMaterials/Substrate/GLints/dict_16_192_64_0p5_0p02_0055_0011.uasset" 6688
"../../../Engine/Content/EngineMaterials/Substrate/GLints/dict_16_192_64_0p5_0p02_0055_0012.uasset" 6689
"../../../Engine/Content/EngineMaterials/Substrate/GLints/dict_16_192_64_0p5_0p02_0055_0013.uasset" 6690
"../../../Engine/Content/EngineMaterials/Substrate/GLints/dict_16_192_64_0p5_0p02_0055_0014.uasset" 6691
"../../../Engine/Content/EngineMaterials/Substrate/GLints/dict_16_192_64_0p5_0p02_0055_0015.uasset" 6692
"../../../Engine/Content/EngineMaterials/Substrate/GLints/dict_16_192_64_0p5_0p02_0056_0000.uasset" 6693
"../../../Engine/Content/EngineMaterials/Substrate/GLints/dict_16_192_64_0p5_0p02_0056_0001.uasset" 6694
"../../../Engine/Content/EngineMaterials/Substrate/GLints/dict_16_192_64_0p5_0p02_0056_0002.uasset" 6695
"../../../Engine/Content/EngineMaterials/Substrate/GLints/dict_16_192_64_0p5_0p02_0056_0003.uasset" 6696
"../../../Engine/Content/EngineMaterials/Substrate/GLints/dict_16_192_64_0p5_0p02_0056_0004.uasset" 6697
"../../../Engine/Content/EngineMaterials/Substrate/GLints/dict_16_192_64_0p5_0p02_0056_0005.uasset" 6698
"../../../Engine/Content/EngineMaterials/Substrate/GLints/dict_16_192_64_0p5_0p02_0056_0006.uasset" 6699
"../../../Engine/Content/EngineMaterials/Substrate/GLints/dict_16_192_64_0p5_0p02_0056_0007.uasset" 6700
"../../../Engine/Content/EngineMaterials/Substrate/GLints/dict_16_192_64_0p5_0p02_0056_0008.uasset" 6701
"../../../Engine/Content/EngineMaterials/Substrate/GLints/dict_16_192_64_0p5_0p02_0056_0009.uasset" 6702
"../../../Engine/Content/EngineMaterials/Substrate/GLints/dict_16_192_64_0p5_0p02_0056_0010.uasset" 6703
"../../../Engine/Content/EngineMaterials/Substrate/GLints/dict_16_192_64_0p5_0p02_0056_0011.uasset" 6704
"../../../Engine/Content/EngineMaterials/Substrate/GLints/dict_16_192_64_0p5_0p02_0056_0012.uasset" 6705
"../../../Engine/Content/EngineMaterials/Substrate/GLints/dict_16_192_64_0p5_0p02_0056_0013.uasset" 6706
"../../../Engine/Content/EngineMaterials/Substrate/GLints/dict_16_192_64_0p5_0p02_0056_0014.uasset" 6707
"../../../Engine/Content/EngineMaterials/Substrate/GLints/dict_16_192_64_0p5_0p02_0056_0015.uasset" 6708
"../../../Engine/Content/EngineMaterials/Substrate/GLints/dict_16_192_64_0p5_0p02_0057_0000.uasset" 6709
"../../../Engine/Content/EngineMaterials/Substrate/GLints/dict_16_192_64_0p5_0p02_0057_0001.uasset" 6710
"../../../Engine/Content/EngineMaterials/Substrate/GLints/dict_16_192_64_0p5_0p02_0057_0002.uasset" 6711
"../../../Engine/Content/EngineMaterials/Substrate/GLints/dict_16_192_64_0p5_0p02_0057_0003.uasset" 6712
"../../../Engine/Content/EngineMaterials/Substrate/GLints/dict_16_192_64_0p5_0p02_0057_0004.uasset" 6713
"../../../Engine/Content/EngineMaterials/Substrate/GLints/dict_16_192_64_0p5_0p02_0057_0005.uasset" 6714
"../../../Engine/Content/EngineMaterials/Substrate/GLints/dict_16_192_64_0p5_0p02_0057_0006.uasset" 6715
"../../../Engine/Content/EngineMaterials/Substrate/GLints/dict_16_192_64_0p5_0p02_0057_0007.uasset" 6716
"../../../Engine/Content/EngineMaterials/Substrate/GLints/dict_16_192_64_0p5_0p02_0057_0008.uasset" 6717
"../../../Engine/Content/EngineMaterials/Substrate/GLints/dict_16_192_64_0p5_0p02_0057_0009.uasset" 6718
"../../../Engine/Content/EngineMaterials/Substrate/GLints/dict_16_192_64_0p5_0p02_0057_0010.uasset" 6719
"../../../Engine/Content/EngineMaterials/Substrate/GLints/dict_16_192_64_0p5_0p02_0057_0011.uasset" 6720
"../../../Engine/Content/EngineMaterials/Substrate/GLints/dict_16_192_64_0p5_0p02_0057_0012.uasset" 6721
"../../../Engine/Content/EngineMaterials/Substrate/GLints/dict_16_192_64_0p5_0p02_0057_0013.uasset" 6722
"../../../Engine/Content/EngineMaterials/Substrate/GLints/dict_16_192_64_0p5_0p02_0057_0014.uasset" 6723
"../../../Engine/Content/EngineMaterials/Substrate/GLints/dict_16_192_64_0p5_0p02_0057_0015.uasset" 6724
"../../../Engine/Content/EngineMaterials/Substrate/GLints/dict_16_192_64_0p5_0p02_0058_0000.uasset" 6725
"../../../Engine/Content/EngineMaterials/Substrate/GLints/dict_16_192_64_0p5_0p02_0058_0001.uasset" 6726
"../../../Engine/Content/EngineMaterials/Substrate/GLints/dict_16_192_64_0p5_0p02_0058_0002.uasset" 6727
"../../../Engine/Content/EngineMaterials/Substrate/GLints/dict_16_192_64_0p5_0p02_0058_0003.uasset" 6728
"../../../Engine/Content/EngineMaterials/Substrate/GLints/dict_16_192_64_0p5_0p02_0058_0004.uasset" 6729
"../../../Engine/Content/EngineMaterials/Substrate/GLints/dict_16_192_64_0p5_0p02_0058_0005.uasset" 6730
"../../../Engine/Content/EngineMaterials/Substrate/GLints/dict_16_192_64_0p5_0p02_0058_0006.uasset" 6731
"../../../Engine/Content/EngineMaterials/Substrate/GLints/dict_16_192_64_0p5_0p02_0058_0007.uasset" 6732
"../../../Engine/Content/EngineMaterials/Substrate/GLints/dict_16_192_64_0p5_0p02_0058_0008.uasset" 6733
"../../../Engine/Content/EngineMaterials/Substrate/GLints/dict_16_192_64_0p5_0p02_0058_0009.uasset" 6734
"../../../Engine/Content/EngineMaterials/Substrate/GLints/dict_16_192_64_0p5_0p02_0058_0010.uasset" 6735
"../../../Engine/Content/EngineMaterials/Substrate/GLints/dict_16_192_64_0p5_0p02_0058_0011.uasset" 6736
"../../../Engine/Content/EngineMaterials/Substrate/GLints/dict_16_192_64_0p5_0p02_0058_0012.uasset" 6737
"../../../Engine/Content/EngineMaterials/Substrate/GLints/dict_16_192_64_0p5_0p02_0058_0013.uasset" 6738
"../../../Engine/Content/EngineMaterials/Substrate/GLints/dict_16_192_64_0p5_0p02_0058_0014.uasset" 6739
"../../../Engine/Content/EngineMaterials/Substrate/GLints/dict_16_192_64_0p5_0p02_0058_0015.uasset" 6740
"../../../Engine/Content/EngineMaterials/Substrate/GLints/dict_16_192_64_0p5_0p02_0059_0000.uasset" 6741
"../../../Engine/Content/EngineMaterials/Substrate/GLints/dict_16_192_64_0p5_0p02_0059_0001.uasset" 6742
"../../../Engine/Content/EngineMaterials/Substrate/GLints/dict_16_192_64_0p5_0p02_0059_0002.uasset" 6743
"../../../Engine/Content/EngineMaterials/Substrate/GLints/dict_16_192_64_0p5_0p02_0059_0003.uasset" 6744
"../../../Engine/Content/EngineMaterials/Substrate/GLints/dict_16_192_64_0p5_0p02_0059_0004.uasset" 6745
"../../../Engine/Content/EngineMaterials/Substrate/GLints/dict_16_192_64_0p5_0p02_0059_0005.uasset" 6746
"../../../Engine/Content/EngineMaterials/Substrate/GLints/dict_16_192_64_0p5_0p02_0059_0006.uasset" 6747
"../../../Engine/Content/EngineMaterials/Substrate/GLints/dict_16_192_64_0p5_0p02_0059_0007.uasset" 6748
"../../../Engine/Content/EngineMaterials/Substrate/GLints/dict_16_192_64_0p5_0p02_0059_0008.uasset" 6749
"../../../Engine/Content/EngineMaterials/Substrate/GLints/dict_16_192_64_0p5_0p02_0059_0009.uasset" 6750
"../../../Engine/Content/EngineMaterials/Substrate/GLints/dict_16_192_64_0p5_0p02_0059_0010.uasset" 6751
"../../../Engine/Content/EngineMaterials/Substrate/GLints/dict_16_192_64_0p5_0p02_0059_0011.uasset" 6752
"../../../Engine/Content/EngineMaterials/Substrate/GLints/dict_16_192_64_0p5_0p02_0059_0012.uasset" 6753
"../../../Engine/Content/EngineMaterials/Substrate/GLints/dict_16_192_64_0p5_0p02_0059_0013.uasset" 6754
"../../../Engine/Content/EngineMaterials/Substrate/GLints/dict_16_192_64_0p5_0p02_0059_0014.uasset" 6755
"../../../Engine/Content/EngineMaterials/Substrate/GLints/dict_16_192_64_0p5_0p02_0059_0015.uasset" 6756
"../../../Engine/Content/EngineMaterials/Substrate/GLints/dict_16_192_64_0p5_0p02_0060_0000.uasset" 6757
"../../../Engine/Content/EngineMaterials/Substrate/GLints/dict_16_192_64_0p5_0p02_0060_0001.uasset" 6758
"../../../Engine/Content/EngineMaterials/Substrate/GLints/dict_16_192_64_0p5_0p02_0060_0002.uasset" 6759
"../../../Engine/Content/EngineMaterials/Substrate/GLints/dict_16_192_64_0p5_0p02_0060_0003.uasset" 6760
"../../../Engine/Content/EngineMaterials/Substrate/GLints/dict_16_192_64_0p5_0p02_0060_0004.uasset" 6761
"../../../Engine/Content/EngineMaterials/Substrate/GLints/dict_16_192_64_0p5_0p02_0060_0005.uasset" 6762
"../../../Engine/Content/EngineMaterials/Substrate/GLints/dict_16_192_64_0p5_0p02_0060_0006.uasset" 6763
"../../../Engine/Content/EngineMaterials/Substrate/GLints/dict_16_192_64_0p5_0p02_0060_0007.uasset" 6764
"../../../Engine/Content/EngineMaterials/Substrate/GLints/dict_16_192_64_0p5_0p02_0060_0008.uasset" 6765
"../../../Engine/Content/EngineMaterials/Substrate/GLints/dict_16_192_64_0p5_0p02_0060_0009.uasset" 6766
"../../../Engine/Content/EngineMaterials/Substrate/GLints/dict_16_192_64_0p5_0p02_0060_0010.uasset" 6767
"../../../Engine/Content/EngineMaterials/Substrate/GLints/dict_16_192_64_0p5_0p02_0060_0011.uasset" 6768
"../../../Engine/Content/EngineMaterials/Substrate/GLints/dict_16_192_64_0p5_0p02_0060_0012.uasset" 6769
"../../../Engine/Content/EngineMaterials/Substrate/GLints/dict_16_192_64_0p5_0p02_0060_0013.uasset" 6770
"../../../Engine/Content/EngineMaterials/Substrate/GLints/dict_16_192_64_0p5_0p02_0060_0014.uasset" 6771
"../../../Engine/Content/EngineMaterials/Substrate/GLints/dict_16_192_64_0p5_0p02_0060_0015.uasset" 6772
"../../../Engine/Content/EngineMaterials/Substrate/GLints/dict_16_192_64_0p5_0p02_0061_0000.uasset" 6773
"../../../Engine/Content/EngineMaterials/Substrate/GLints/dict_16_192_64_0p5_0p02_0061_0001.uasset" 6774
"../../../Engine/Content/EngineMaterials/Substrate/GLints/dict_16_192_64_0p5_0p02_0061_0002.uasset" 6775
"../../../Engine/Content/EngineMaterials/Substrate/GLints/dict_16_192_64_0p5_0p02_0061_0003.uasset" 6776
"../../../Engine/Content/EngineMaterials/Substrate/GLints/dict_16_192_64_0p5_0p02_0061_0004.uasset" 6777
"../../../Engine/Content/EngineMaterials/Substrate/GLints/dict_16_192_64_0p5_0p02_0061_0005.uasset" 6778
"../../../Engine/Content/EngineMaterials/Substrate/GLints/dict_16_192_64_0p5_0p02_0061_0006.uasset" 6779
"../../../Engine/Content/EngineMaterials/Substrate/GLints/dict_16_192_64_0p5_0p02_0061_0007.uasset" 6780
"../../../Engine/Content/EngineMaterials/Substrate/GLints/dict_16_192_64_0p5_0p02_0061_0008.uasset" 6781
"../../../Engine/Content/EngineMaterials/Substrate/GLints/dict_16_192_64_0p5_0p02_0061_0009.uasset" 6782
"../../../Engine/Content/EngineMaterials/Substrate/GLints/dict_16_192_64_0p5_0p02_0061_0010.uasset" 6783
"../../../Engine/Content/EngineMaterials/Substrate/GLints/dict_16_192_64_0p5_0p02_0061_0011.uasset" 6784
"../../../Engine/Content/EngineMaterials/Substrate/GLints/dict_16_192_64_0p5_0p02_0061_0012.uasset" 6785
"../../../Engine/Content/EngineMaterials/Substrate/GLints/dict_16_192_64_0p5_0p02_0061_0013.uasset" 6786
"../../../Engine/Content/EngineMaterials/Substrate/GLints/dict_16_192_64_0p5_0p02_0061_0014.uasset" 6787
"../../../Engine/Content/EngineMaterials/Substrate/GLints/dict_16_192_64_0p5_0p02_0061_0015.uasset" 6788
"../../../Engine/Content/EngineMaterials/Substrate/GLints/dict_16_192_64_0p5_0p02_0062_0000.uasset" 6789
"../../../Engine/Content/EngineMaterials/Substrate/GLints/dict_16_192_64_0p5_0p02_0062_0001.uasset" 6790
"../../../Engine/Content/EngineMaterials/Substrate/GLints/dict_16_192_64_0p5_0p02_0062_0002.uasset" 6791
"../../../Engine/Content/EngineMaterials/Substrate/GLints/dict_16_192_64_0p5_0p02_0062_0003.uasset" 6792
"../../../Engine/Content/EngineMaterials/Substrate/GLints/dict_16_192_64_0p5_0p02_0062_0004.uasset" 6793
"../../../Engine/Content/EngineMaterials/Substrate/GLints/dict_16_192_64_0p5_0p02_0062_0005.uasset" 6794
"../../../Engine/Content/EngineMaterials/Substrate/GLints/dict_16_192_64_0p5_0p02_0062_0006.uasset" 6795
"../../../Engine/Content/EngineMaterials/Substrate/GLints/dict_16_192_64_0p5_0p02_0062_0007.uasset" 6796
"../../../Engine/Content/EngineMaterials/Substrate/GLints/dict_16_192_64_0p5_0p02_0062_0008.uasset" 6797
"../../../Engine/Content/EngineMaterials/Substrate/GLints/dict_16_192_64_0p5_0p02_0062_0009.uasset" 6798
"../../../Engine/Content/EngineMaterials/Substrate/GLints/dict_16_192_64_0p5_0p02_0062_0010.uasset" 6799
"../../../Engine/Content/EngineMaterials/Substrate/GLints/dict_16_192_64_0p5_0p02_0062_0011.uasset" 6800
"../../../Engine/Content/EngineMaterials/Substrate/GLints/dict_16_192_64_0p5_0p02_0062_0012.uasset" 6801
"../../../Engine/Content/EngineMaterials/Substrate/GLints/dict_16_192_64_0p5_0p02_0062_0013.uasset" 6802
"../../../Engine/Content/EngineMaterials/Substrate/GLints/dict_16_192_64_0p5_0p02_0062_0014.uasset" 6803
"../../../Engine/Content/EngineMaterials/Substrate/GLints/dict_16_192_64_0p5_0p02_0062_0015.uasset" 6804
"../../../Engine/Content/EngineMaterials/Substrate/GLints/dict_16_192_64_0p5_0p02_0063_0000.uasset" 6805
"../../../Engine/Content/EngineMaterials/Substrate/GLints/dict_16_192_64_0p5_0p02_0063_0001.uasset" 6806
"../../../Engine/Content/EngineMaterials/Substrate/GLints/dict_16_192_64_0p5_0p02_0063_0002.uasset" 6807
"../../../Engine/Content/EngineMaterials/Substrate/GLints/dict_16_192_64_0p5_0p02_0063_0003.uasset" 6808
"../../../Engine/Content/EngineMaterials/Substrate/GLints/dict_16_192_64_0p5_0p02_0063_0004.uasset" 6809
"../../../Engine/Content/EngineMaterials/Substrate/GLints/dict_16_192_64_0p5_0p02_0063_0005.uasset" 6810
"../../../Engine/Content/EngineMaterials/Substrate/GLints/dict_16_192_64_0p5_0p02_0063_0006.uasset" 6811
"../../../Engine/Content/EngineMaterials/Substrate/GLints/dict_16_192_64_0p5_0p02_0063_0007.uasset" 6812
"../../../Engine/Content/EngineMaterials/Substrate/GLints/dict_16_192_64_0p5_0p02_0063_0008.uasset" 6813
"../../../Engine/Content/EngineMaterials/Substrate/GLints/dict_16_192_64_0p5_0p02_0063_0009.uasset" 6814
"../../../Engine/Content/EngineMaterials/Substrate/GLints/dict_16_192_64_0p5_0p02_0063_0010.uasset" 6815
"../../../Engine/Content/EngineMaterials/Substrate/GLints/dict_16_192_64_0p5_0p02_0063_0011.uasset" 6816
"../../../Engine/Content/EngineMaterials/Substrate/GLints/dict_16_192_64_0p5_0p02_0063_0012.uasset" 6817
"../../../Engine/Content/EngineMaterials/Substrate/GLints/dict_16_192_64_0p5_0p02_0063_0013.uasset" 6818
"../../../Engine/Content/EngineMaterials/Substrate/GLints/dict_16_192_64_0p5_0p02_0063_0014.uasset" 6819
"../../../Engine/Content/EngineMaterials/Substrate/GLints/dict_16_192_64_0p5_0p02_0063_0015.uasset" 6820
"/Engine/EngineMaterials/PPM_DefaultCalibrationGrayscale" 6821
"/InterchangeAssets/Functions/MX_Surface" 6822
"../../../Engine/Content/Functions/MaterialLayerFunctions/MatLayerBlend_OverrideOpacity.uasset" 6823
"C:/Repos/Unreal_stealth/Unreal_stealth_proj/Stealth_game/Content/Orgin_stuff/FirstPersonArms/Animations/FP_Land.uasset" 6824
"C:/Repos/Unreal_stealth/Unreal_stealth_proj/Stealth_game/Content/Orgin_stuff/FirstPersonArms/Animations/FP_Idle.uasset" 6825
"C:/Repos/Unreal_stealth/Unreal_stealth_proj/Stealth_game/Content/Orgin_stuff/FirstPersonArms/Animations/FP_Falling.uasset" 6826
"C:/Repos/Unreal_stealth/Unreal_stealth_proj/Stealth_game/Content/Orgin_stuff/FirstPersonArms/Animations/FP_Rifle_Jump.uasset" 6827
"C:/Repos/Unreal_stealth/Unreal_stealth_proj/Stealth_game/Content/Orgin_stuff/FirstPersonArms/Animations/FP_Run_Fwd.uasset" 6828
"C:/Repos/Unreal_stealth/Unreal_stealth_proj/Stealth_game/Content/Orgin_stuff/FirstPersonArms/Animations/FP_Rifle_Falling.uasset" 6829
"C:/Repos/Unreal_stealth/Unreal_stealth_proj/Stealth_game/Content/Orgin_stuff/FirstPersonArms/Animations/FP_Rifle_Idle.uasset" 6830
"C:/Repos/Unreal_stealth/Unreal_stealth_proj/Stealth_game/Content/Orgin_stuff/FirstPersonArms/Animations/FP_Rifle_Land.uasset" 6831
"C:/Repos/Unreal_stealth/Unreal_stealth_proj/Stealth_game/Content/Orgin_stuff/FirstPersonArms/Character/Materials/Functions/CA_Mannequin.uasset" 6832
"../../../Engine/Plugins/Interchange/Assets/Content/Functions/MX_StandardSurface.uasset" 6833
"C:/Repos/Unreal_stealth/Unreal_stealth_proj/Stealth_game/Content/Orgin_stuff/FirstPersonArms/Animations/FP_Rifle_Run.uasset" 6834
"/InterchangeAssets/Functions/MX_StandardSurface" 6835
"../../Plugins/Interchange/Assets/Content/Functions/MF_OrenNayerView.uasset" 6836
"../../Plugins/Interchange/Assets/Content/Functions/MF_SchlickApprox.uasset" 6837
"/Game/Orgin_stuff/FirstPersonArms/Character/Materials/Functions/CA_Mannequin" 6838
"/Game/Orgin_stuff/FirstPersonArms/Animations/FP_Rifle_Jump" 6839
"/Game/Orgin_stuff/FirstPersonArms/Animations/FP_Rifle_Land" 6840
"/Game/Orgin_stuff/FirstPersonArms/Animations/FP_Rifle_Idle" 6841
"/Game/Orgin_stuff/FirstPersonArms/Animations/FP_Rifle_Run" 6842
"/Game/Orgin_stuff/FirstPersonArms/Animations/FP_Rifle_Falling" 6843
"/Game/Orgin_stuff/FirstPersonArms/Animations/FP_Land" 6844
"/Game/Orgin_stuff/FirstPersonArms/Animations/FP_Idle" 6845
"/Game/Orgin_stuff/FirstPersonArms/Animations/FP_Falling" 6846
"/Game/Orgin_stuff/FirstPersonArms/Animations/FP_Run_Fwd" 6847
"../../../Engine/Plugins/Animation/ControlRig/Content/Controls/ControlRig_Triangle_1mm.uasset" 6848
"../../../Engine/Plugins/Animation/ControlRig/Content/Controls/ControlRig_Triangle_3mm.uasset" 6849
"../../../Engine/Plugins/Animation/ControlRig/Content/Controls/ControlRig_Wedge_3mm.uasset" 6850
"C:/Repos/Unreal_stealth/Unreal_stealth_proj/Stealth_game/Content/Orgin_stuff/FirstPersonArms/Character/Materials/Functions/MF_logo3layers.uasset" 6851
"../../../Engine/Plugins/Animation/ControlRig/Content/Controls/ControlRig_Wedge_solid.uasset" 6852
"../../../Engine/Plugins/Animation/ControlRig/Content/Controls/ControlRig_Star4_3mm.uasset" 6853
"../../../Engine/Content/Maps/Entry.umap" 6854
"../../../Engine/Plugins/Animation/ControlRig/Content/Controls/ControlRig_Wedge_1mm.uasset" 6855
"../../../Engine/Plugins/Animation/ControlRig/Content/Controls/ControlRig_Triangle_solid.uasset" 6856
"../../../Engine/Plugins/Animation/ControlRig/Content/Controls/ControlRig_Star4_solid.uasset" 6857
"../../../Engine/Plugins/Animation/ControlRig/Content/Controls/ControlRig_Star4_1mm.uasset" 6858
"../../../Engine/Plugins/Animation/ControlRig/Content/Controls/ControlRig_Square_solid.uasset" 6859
"../../../Engine/Plugins/Animation/ControlRig/Content/Controls/ControlRig_Square_3mm.uasset" 6860
"../../../Engine/Plugins/Animation/ControlRig/Content/Controls/ControlRig_Square_1mm.uasset" 6861
"../../../Engine/Plugins/Animation/ControlRig/Content/Controls/ControlRig_Sphere_3mm.uasset" 6862
"/ControlRig/Controls/ControlRig_Square_solid" 6863
"/ControlRig/Controls/ControlRig_Star4_1mm" 6864
"/ControlRig/Controls/ControlRig_Star4_3mm" 6865
"/ControlRig/Controls/ControlRig_Star4_solid" 6866
"/ControlRig/Controls/ControlRig_Sphere_3mm" 6867
"/ControlRig/Controls/ControlRig_Square_1mm" 6868
"/ControlRig/Controls/ControlRig_Square_3mm" 6869
"/ControlRig/Controls/ControlRig_Triangle_1mm" 6870
"/ControlRig/Controls/ControlRig_Triangle_3mm" 6871
"/ControlRig/Controls/ControlRig_Triangle_solid" 6872
"/ControlRig/Controls/ControlRig_Wedge_1mm" 6873
"/ControlRig/Controls/ControlRig_Wedge_3mm" 6874
"/ControlRig/Controls/ControlRig_Wedge_solid" 6875
"/Engine/Maps/Entry" 6876
"/Game/Orgin_stuff/FirstPersonArms/Character/Materials/Functions/MF_logo3layers" 6877
"../../../Engine/Plugins/Animation/ControlRig/Content/Controls/ControlRig_Sphere_1mm.uasset" 6878
"../../../Engine/Plugins/Animation/ControlRig/Content/Controls/ControlRig_RoundedTriangle_1mm.uasset" 6879
"../../../Engine/Plugins/Animation/ControlRig/Content/Controls/ControlRig_RoundedTriangle_solid.uasset" 6880
"../../../Engine/Plugins/Animation/ControlRig/Content/Controls/ControlRig_RoundedSquare_solid.uasset" 6881
"../../../Engine/Plugins/Animation/ControlRig/Content/Controls/ControlRig_QuarterCircle_3mm.uasset" 6882
"../../../Engine/Plugins/Animation/ControlRig/Content/Controls/ControlRig_QuarterCircle_1mm.uasset" 6883
"../../../Engine/Plugins/Animation/ControlRig/Content/Controls/ControlRig_RoundedTriangle_3mm.uasset" 6884
"../../../Engine/Plugins/Animation/ControlRig/Content/Controls/ControlRig_RoundedSquare_1mm.uasset" 6885
"../../../Engine/Plugins/Animation/ControlRig/Content/Controls/ControlRig_RoundedSquare_3mm.uasset" 6886
"../../../Engine/Plugins/Animation/ControlRig/Content/Controls/ControlRig_QuarterCircle_solid.uasset" 6887
"../../../Engine/Plugins/Animation/ControlRig/Content/Controls/ControlRig_Pyramid_1mm.uasset" 6888
"../../../Engine/Plugins/Animation/ControlRig/Content/Controls/ControlRig_Pyramid_solid.uasset" 6889
"../../../Engine/Plugins/Animation/ControlRig/Content/Controls/ControlRig_Hexagon_solid.uasset" 6890
"../../../Engine/Plugins/Animation/ControlRig/Content/Controls/ControlRig_Octagon_solid.uasset" 6891
"../../../Engine/Plugins/Animation/ControlRig/Content/Controls/ControlRig_Octagon_3mm.uasset" 6892
"../../../Engine/Plugins/Animation/ControlRig/Content/Controls/ControlRig_Hexagon_3mm.uasset" 6893
"../../../Engine/Plugins/Animation/ControlRig/Content/Controls/ControlRig_Pyramid_3mm.uasset" 6894
"../../../Engine/Plugins/Animation/ControlRig/Content/Controls/ControlRig_Hexagon_1mm.uasset" 6895
"../../../Engine/Plugins/Animation/ControlRig/Content/Controls/ControlRig_Octagon_1mm.uasset" 6896
"../../../Engine/Plugins/Animation/ControlRig/Content/Controls/ControlRig_HalfCircle_solid.uasset" 6897
"../../../Engine/Plugins/Animation/ControlRig/Content/Controls/ControlRig_HalfCircle_3mm.uasset" 6898
"../../../Engine/Plugins/Animation/ControlRig/Content/Controls/ControlRig_HalfCircle_1mm.uasset" 6899
"../../../Engine/Plugins/Animation/ControlRig/Content/Controls/ControlRig_Diamond_solid.uasset" 6900
"../../../Engine/Plugins/Animation/ControlRig/Content/Controls/ControlRig_Diamond_3mm.uasset" 6901
"../../../Engine/Plugins/Animation/ControlRig/Content/Controls/ControlRig_Diamond_1mm.uasset" 6902
"../../../Engine/Plugins/Animation/ControlRig/Content/Controls/ControlRig_Circle_solid.uasset" 6903
"../../../Engine/Plugins/Animation/ControlRig/Content/Controls/ControlRig_Circle_3mm.uasset" 6904
"../../../Engine/Plugins/Animation/ControlRig/Content/Controls/ControlRig_Box_solid.uasset" 6905
"../../../Engine/Plugins/Animation/ControlRig/Content/Controls/ControlRig_Circle_1mm.uasset" 6906
"../../../Engine/Plugins/Animation/ControlRig/Content/Controls/ControlRig_Box_3mm.uasset" 6907
"../../../Engine/Plugins/Animation/ControlRig/Content/Controls/ControlRig_Box_1mm.uasset" 6908
"../../../Engine/Plugins/Animation/ControlRig/Content/Controls/ControlRig_Arrow_solid.uasset" 6909
"/ControlRig/Controls/ControlRig_Octagon_3mm" 6910
"/ControlRig/Controls/ControlRig_Octagon_solid" 6911
"/ControlRig/Controls/ControlRig_Pyramid_1mm" 6912
"/ControlRig/Controls/ControlRig_Pyramid_3mm" 6913
"/ControlRig/Controls/ControlRig_Box_1mm" 6914
"/ControlRig/Controls/ControlRig_Box_3mm" 6915
"/ControlRig/Controls/ControlRig_Box_solid" 6916
"/ControlRig/Controls/ControlRig_Circle_1mm" 6917
"/ControlRig/Controls/ControlRig_Circle_3mm" 6918
"/ControlRig/Controls/ControlRig_Circle_solid" 6919
"/ControlRig/Controls/ControlRig_Diamond_1mm" 6920
"/ControlRig/Controls/ControlRig_Diamond_3mm" 6921
"/ControlRig/Controls/ControlRig_Diamond_solid" 6922
"/ControlRig/Controls/ControlRig_HalfCircle_1mm" 6923
"/ControlRig/Controls/ControlRig_HalfCircle_3mm" 6924
"/ControlRig/Controls/ControlRig_HalfCircle_solid" 6925
"/ControlRig/Controls/ControlRig_Hexagon_1mm" 6926
"/ControlRig/Controls/ControlRig_Hexagon_3mm" 6927
"/ControlRig/Controls/ControlRig_Hexagon_solid" 6928
"/ControlRig/Controls/ControlRig_Octagon_1mm" 6929
"/ControlRig/Controls/ControlRig_Pyramid_solid" 6930
"/ControlRig/Controls/ControlRig_QuarterCircle_1mm" 6931
"/ControlRig/Controls/ControlRig_QuarterCircle_3mm" 6932
"/ControlRig/Controls/ControlRig_QuarterCircle_solid" 6933
"/ControlRig/Controls/ControlRig_RoundedSquare_1mm" 6934
"/ControlRig/Controls/ControlRig_RoundedSquare_3mm" 6935
"/ControlRig/Controls/ControlRig_RoundedSquare_solid" 6936
"/ControlRig/Controls/ControlRig_RoundedTriangle_1mm" 6937
"/ControlRig/Controls/ControlRig_RoundedTriangle_3mm" 6938
"/ControlRig/Controls/ControlRig_Arrow_solid" 6939
"/ControlRig/Controls/ControlRig_RoundedTriangle_solid" 6940
"/ControlRig/Controls/ControlRig_Sphere_1mm" 6941
"../../../Engine/Plugins/Animation/ControlRig/Content/Controls/ControlRig_Arrow_3mm.uasset" 6942
"../../../Engine/Plugins/Animation/ControlRig/Content/Controls/ControlRig_Arrow2_solid.uasset" 6943
"../../../Engine/Plugins/Animation/ControlRig/Content/Controls/ControlRig_Arrow4_solid.uasset" 6944
"../../../Engine/Plugins/Animation/ControlRig/Content/Controls/ControlRig_Arrow_1mm.uasset" 6945
"../../../Engine/Plugins/Animation/ControlRig/Content/Controls/ControlRig_Arrow4_1mm.uasset" 6946
"../../../Engine/Plugins/Animation/ControlRig/Content/Controls/ControlRig_Arrow4_3mm.uasset" 6947
"../../../Engine/Plugins/Animation/ControlRig/Content/Controls/ControlRig_Sphere_solid.uasset" 6948
"../../../Engine/Plugins/Animation/ControlRig/Content/Controls/ControlRig_Arrow2_1mm.uasset" 6949
"../../../Engine/Plugins/Animation/ControlRig/Content/Controls/ControlRig_Arrow2_3mm.uasset" 6950
"C:/Repos/Unreal_stealth/Unreal_stealth_proj/Stealth_game/Content/Maps/Menus/Options_Menu_BP.umap" 6951
"../../../Engine/Plugins/Interchange/Assets/Content/Functions/MX_OpenPBR_Opaque.uasset" 6952
"C:/Repos/Unreal_stealth/Unreal_stealth_proj/Stealth_game/Content/Maps/Menus/Main_Menu_BP.umap" 6953
"C:/Repos/Unreal_stealth/Unreal_stealth_proj/Stealth_game/Content/Orgin_stuff/FirstPersonArms/Animations/FirstPerson_AnimBP.uasset" 6954
"C:/Repos/Unreal_stealth/Unreal_stealth_proj/Stealth_game/Content/Orgin_stuff/FirstPersonArms/Character/Materials/Functions/MF_Diffraction.uasset" 6955
"../../../Engine/Plugins/Interchange/Assets/Content/Functions/MX_TransmissionSurface.uasset" 6956
"../../../Engine/Plugins/Interchange/Assets/Content/gltf/M_Unlit.uasset" 6957
"/InterchangeAssets/Functions/MX_TransmissionSurface" 6958
"../../Plugins/Interchange/Assets/Content/Functions/MX_Transmission.uasset" 6959
"../../../Engine/Content/Functions/Engine_MaterialFunctions01/Volumetrics/BeersLaw.uasset" 6960
"/InterchangeAssets/gltf/M_Unlit" 6961
"/InterchangeAssets/Functions/MX_OpenPBR_Opaque" 6962
"/Game/Orgin_stuff/FirstPersonArms/Character/Materials/Functions/MF_Diffraction" 6963
"/Game/Orgin_stuff/FirstPersonArms/Animations/FirstPerson_AnimBP" 6964
"../../../Engine/Content/EditorBlueprintResources/StandardMacros.uasset" 6965
"/Game/Maps/Menus/Main_Menu_BP" 6966
"../../../../../../Repos/Unreal_stealth/Unreal_stealth_proj/Stealth_game/Content/Maps/Menus/Main_Menu_BP.umap" 6967
"/Game/Maps/Menus/Options_Menu_BP" 6968
"../../../../../../Repos/Unreal_stealth/Unreal_stealth_proj/Stealth_game/Content/Maps/Menus/Options_Menu_BP.umap" 6969
"/ControlRig/Controls/ControlRig_Sphere_solid" 6970
"/ControlRig/Controls/ControlRig_Arrow2_1mm" 6971
"/ControlRig/Controls/ControlRig_Arrow2_3mm" 6972
"/ControlRig/Controls/ControlRig_Arrow2_solid" 6973
"/ControlRig/Controls/ControlRig_Arrow4_1mm" 6974
"/ControlRig/Controls/ControlRig_Arrow4_3mm" 6975
"/ControlRig/Controls/ControlRig_Arrow4_solid" 6976
"/ControlRig/Controls/ControlRig_Arrow_1mm" 6977
"/ControlRig/Controls/ControlRig_Arrow_3mm" 6978
"C:/Repos/Unreal_stealth/Unreal_stealth_proj/Stealth_game/Content/LevelPrototyping/Objects/RunnableWalls/BP_RunnableWall.uasset" 6979
"C:/Repos/Unreal_stealth/Unreal_stealth_proj/Stealth_game/Content/Orgin_stuff/FirstPersonArms/Character/Materials/M_Mannequin.uasset" 6980
"../../../Engine/Plugins/Interchange/Assets/Content/gltf/MaterialInstances/MI_Unlit_Blend_DS.uasset" 6981
"../../../Engine/Plugins/Interchange/Assets/Content/gltf/MaterialInstances/MI_Unlit_Mask_DS.uasset" 6982
"../../../Engine/Plugins/Interchange/Assets/Content/gltf/MaterialInstances/MI_Unlit_Opaque_DS.uasset" 6983
"../../../Engine/Plugins/Interchange/Assets/Content/gltf/MaterialInstances/MI_Unlit_Blend.uasset" 6984
"../../../Engine/Plugins/Interchange/Assets/Content/gltf/MaterialInstances/MI_Unlit_Mask.uasset" 6985
"../../../Engine/Plugins/Interchange/Assets/Content/gltf/MaterialInstances/MI_Unlit_Opaque.uasset" 6986
"../../../Engine/Plugins/Interchange/Assets/Content/Functions/MX_OpenPBR_Translucent.uasset" 6987
"C:/Repos/Unreal_stealth/Unreal_stealth_proj/Stealth_game/Content/Orgin_stuff/FirstPersonArms/Character/Materials/Instances/Manny/MI_Manny_01.uasset" 6988
"../../../Engine/Plugins/Interchange/Assets/Content/gltf/M_SpecularGlossiness.uasset" 6989
"../../../Engine/Plugins/Interchange/Assets/Content/gltf/M_Transmission.uasset" 6990
"../../../Engine/Plugins/Interchange/Assets/Content/gltf/M_Sheen.uasset" 6991
"../../../Engine/Plugins/Interchange/Assets/Content/gltf/M_ClearCoat.uasset" 6992
"../../../Engine/Plugins/Interchange/Assets/Content/gltf/M_Default.uasset" 6993
"C:/Repos/Unreal_stealth/Unreal_stealth_proj/Stealth_game/Content/Orgin_stuff/FirstPersonArms/Character/Materials/Instances/Manny/MI_Manny_02.uasset" 6994
"../../../Engine/Plugins/Interchange/Assets/Content/gltf/MaterialInstances/MI_SpecularGlossiness_Blend_DS.uasset" 6995
"../../../Engine/Plugins/Interchange/Assets/Content/gltf/MaterialInstances/MI_SpecularGlossiness_Mask_DS.uasset" 6996
"../../../Engine/Plugins/Interchange/Assets/Content/gltf/MaterialInstances/MI_SpecularGlossiness_Opaque_DS.uasset" 6997
"../../../Engine/Plugins/Interchange/Assets/Content/gltf/MaterialInstances/MI_SpecularGlossiness_Blend.uasset" 6998
"../../../Engine/Plugins/Interchange/Assets/Content/gltf/MaterialInstances/MI_SpecularGlossiness_Mask.uasset" 6999
"../../../Engine/Plugins/Interchange/Assets/Content/gltf/MaterialInstances/MI_SpecularGlossiness_Opaque.uasset" 7000
"../../../Engine/Plugins/Interchange/Assets/Content/gltf/MaterialInstances/MI_Transmission_DS.uasset" 7001
"../../../Engine/Plugins/Interchange/Assets/Content/gltf/MaterialInstances/MI_Transmission.uasset" 7002
"/InterchangeAssets/gltf/MaterialInstances/MI_Transmission" 7003
"/InterchangeAssets/gltf/MaterialInstances/MI_Transmission_DS" 7004
"/InterchangeAssets/gltf/MaterialInstances/MI_SpecularGlossiness_Opaque" 7005
"/InterchangeAssets/gltf/MaterialInstances/MI_SpecularGlossiness_Mask" 7006
"/InterchangeAssets/gltf/MaterialInstances/MI_SpecularGlossiness_Blend" 7007
"/InterchangeAssets/gltf/MaterialInstances/MI_SpecularGlossiness_Opaque_DS" 7008
"/InterchangeAssets/gltf/MaterialInstances/MI_SpecularGlossiness_Mask_DS" 7009
"/InterchangeAssets/gltf/MaterialInstances/MI_SpecularGlossiness_Blend_DS" 7010
"/Game/Orgin_stuff/FirstPersonArms/Character/Materials/Instances/Manny/MI_Manny_02" 7011
"/InterchangeAssets/gltf/M_Default" 7012
"/InterchangeAssets/gltf/M_ClearCoat" 7013
"/InterchangeAssets/gltf/M_Sheen" 7014
"/InterchangeAssets/Functions/MX_OpenPBR_Translucent" 7015
"/InterchangeAssets/gltf/MaterialInstances/MI_Unlit_Opaque" 7016
"/InterchangeAssets/gltf/MaterialInstances/MI_Unlit_Mask" 7017
"/InterchangeAssets/gltf/MaterialInstances/MI_Unlit_Blend" 7018
"/InterchangeAssets/gltf/MaterialInstances/MI_Unlit_Opaque_DS" 7019
"/InterchangeAssets/gltf/MaterialInstances/MI_Unlit_Mask_DS" 7020
"/InterchangeAssets/gltf/MaterialInstances/MI_Unlit_Blend_DS" 7021
"/Game/LevelPrototyping/Objects/RunnableWalls/BP_RunnableWall" 7022
"../../../Engine/Plugins/Interchange/Assets/Content/gltf/MaterialInstances/MI_Sheen_Mask_DS.uasset" 7023
"../../../Engine/Plugins/Interchange/Assets/Content/gltf/MaterialInstances/MI_Sheen_Blend_DS.uasset" 7024
"../../../Engine/Plugins/Interchange/Assets/Content/gltf/MaterialInstances/MI_Sheen_Mask.uasset" 7025
"../../../Engine/Plugins/Interchange/Assets/Content/gltf/MaterialInstances/MI_Sheen_Blend.uasset" 7026
"../../../Engine/Plugins/Interchange/Assets/Content/gltf/MaterialInstances/MI_ClearCoat_Mask_DS.uasset" 7027
"../../../Engine/Plugins/Interchange/Assets/Content/gltf/MaterialInstances/MI_ClearCoat_Blend.uasset" 7028
"../../../Engine/Plugins/Interchange/Assets/Content/gltf/MaterialInstances/MI_Sheen_Opaque.uasset" 7029
"../../../Engine/Plugins/Interchange/Assets/Content/gltf/MaterialInstances/MI_ClearCoat_Opaque_DS.uasset" 7030
"../../../Engine/Plugins/Interchange/Assets/Content/gltf/MaterialInstances/MI_Sheen_Opaque_DS.uasset" 7031
"../../../Engine/Plugins/Interchange/Assets/Content/gltf/MaterialInstances/MI_ClearCoat_Opaque.uasset" 7032
"../../../Engine/Plugins/Interchange/Assets/Content/gltf/MaterialInstances/MI_ClearCoat_Mask.uasset" 7033
"../../../Engine/Plugins/Interchange/Assets/Content/gltf/MaterialInstances/MI_ClearCoat_Blend_DS.uasset" 7034
"../../../Engine/Plugins/Interchange/Assets/Content/gltf/MaterialInstances/MI_Default_Blend_DS.uasset" 7035
"../../../Engine/Plugins/Interchange/Assets/Content/gltf/MaterialInstances/MI_Default_Mask_DS.uasset" 7036
"C:/Repos/Unreal_stealth/Unreal_stealth_proj/Stealth_game/Content/Player/BP_Player.uasset" 7037
"../../../Engine/Plugins/Interchange/Assets/Content/gltf/MaterialInstances/MI_Default_Opaque_DS.uasset" 7038
"C:/Repos/Unreal_stealth/Unreal_stealth_proj/Stealth_game/Content/__ExternalObjects__/Maps/Levels/Level_0/A/MP/B8GDFX1E1LVOZO8PTZOXW3.uasset" 7039
"C:/Repos/Unreal_stealth/Unreal_stealth_proj/Stealth_game/Content/Maps/Levels/Level_0.umap" 7040
"C:/Repos/Unreal_stealth/Unreal_stealth_proj/Stealth_game/Content/Orgin_stuff/FirstPerson/Blueprints/BP_FirstPersonGameMode.uasset" 7041
"C:/Repos/Unreal_stealth/Unreal_stealth_proj/Stealth_game/Content/__ExternalObjects__/Maps/Levels/Level_0/1/7R/DSM1TZKP0A7KSQE0QPHWER.uasset" 7042
"../../../Engine/Plugins/Interchange/Assets/Content/gltf/MaterialInstances/MI_Default_Mask.uasset" 7043
"../../../Engine/Plugins/Interchange/Assets/Content/gltf/MaterialInstances/MI_Default_Opaque.uasset" 7044
"C:/Repos/Unreal_stealth/Unreal_stealth_proj/Stealth_game/Content/__ExternalObjects__/Maps/Levels/Level_0/0/OF/IOKRTEU1942D762L1CH3N5.uasset" 7045
"C:/Repos/Unreal_stealth/Unreal_stealth_proj/Stealth_game/Content/Orgin_stuff/FirstPersonArms/Character/Mesh/SK_Mannequin_Arms.uasset" 7046
"../../../Engine/Plugins/Interchange/Assets/Content/gltf/MaterialInstances/MI_Default_Blend.uasset" 7047
"C:/Repos/Unreal_stealth/Unreal_stealth_proj/Stealth_game/Content/__ExternalObjects__/Maps/Levels/Level_0/2/3O/09QIUSMKUXXWVXVH3CFUUX.uasset" 7048
"C:/Repos/Unreal_stealth/Unreal_stealth_proj/Stealth_game/Content/__ExternalObjects__/Maps/Levels/Level_0/8/WU/COHTLTFXZ6MBY10UVKYR6W.uasset" 7049
"C:/Repos/Unreal_stealth/Unreal_stealth_proj/Stealth_game/Content/__ExternalObjects__/Maps/Levels/Level_0/3/2M/2H74XS9SYRL99MV6RPERLV.uasset" 7050
"C:/Repos/Unreal_stealth/Unreal_stealth_proj/Stealth_game/Content/__ExternalObjects__/Maps/Levels/Level_0/E/UO/BN223AEQ0K6ICD4DMEWLUG.uasset" 7051
"C:/Repos/Unreal_stealth/Unreal_stealth_proj/Stealth_game/Content/__ExternalObjects__/Maps/Levels/Level_0/6/Z6/A18NU7V2Q9C4BSPRKLG76A.uasset" 7052
"C:/Repos/Unreal_stealth/Unreal_stealth_proj/Stealth_game/Content/__ExternalObjects__/Maps/Levels/Level_0/D/9Y/N3YG907STQKG1MZ2ALOCDM.uasset" 7053
"C:/Repos/Unreal_stealth/Unreal_stealth_proj/Stealth_game/Content/__ExternalObjects__/Maps/Levels/Level_0/0/4H/SVCLGKH87W7JEN4QB4RM8W.uasset" 7054
"/Game/__ExternalObjects__/Maps/Levels/Level_0/6/Z6/A18NU7V2Q9C4BSPRKLG76A" 7055
"../../../Engine/Content/Maps/Templates/HLODs/HLODLayer_Instanced.uasset" 7056
"../../../Engine/Content/Maps/Templates/HLODs/HLODLayer_Merged.uasset" 7057
"../../../../../../Repos/Unreal_stealth/Unreal_stealth_proj/Stealth_game/Content/__ExternalActors__/Maps/Levels/Level_0/0/48/9XC4D19GWDXB6L5QOFCG4C.uasset" 7058
"/Game/__ExternalObjects__/Maps/Levels/Level_0/E/UO/BN223AEQ0K6ICD4DMEWLUG" 7059
"/Game/__ExternalObjects__/Maps/Levels/Level_0/3/2M/2H74XS9SYRL99MV6RPERLV" 7060
"/Game/__ExternalObjects__/Maps/Levels/Level_0/8/WU/COHTLTFXZ6MBY10UVKYR6W" 7061
"/Game/__ExternalObjects__/Maps/Levels/Level_0/0/4H/SVCLGKH87W7JEN4QB4RM8W" 7062
"/Game/__ExternalObjects__/Maps/Levels/Level_0/2/3O/09QIUSMKUXXWVXVH3CFUUX" 7063
"/Game/__ExternalObjects__/Maps/Levels/Level_0/D/9Y/N3YG907STQKG1MZ2ALOCDM" 7064
"/Game/__ExternalObjects__/Maps/Levels/Level_0/0/OF/IOKRTEU1942D762L1CH3N5" 7065
"/Game/__ExternalObjects__/Maps/Levels/Level_0/1/7R/DSM1TZKP0A7KSQE0QPHWER" 7066
"/Game/__ExternalObjects__/Maps/Levels/Level_0/A/MP/B8GDFX1E1LVOZO8PTZOXW3" 7067
"/InterchangeAssets/gltf/MaterialInstances/MI_Default_Opaque" 7068
"/InterchangeAssets/gltf/MaterialInstances/MI_Default_Mask" 7069
"/InterchangeAssets/gltf/MaterialInstances/MI_Default_Blend" 7070
"/InterchangeAssets/gltf/MaterialInstances/MI_Default_Opaque_DS" 7071
"/InterchangeAssets/gltf/MaterialInstances/MI_Default_Mask_DS" 7072
"/InterchangeAssets/gltf/MaterialInstances/MI_Default_Blend_DS" 7073
"/InterchangeAssets/gltf/MaterialInstances/MI_ClearCoat_Opaque" 7074
"/InterchangeAssets/gltf/MaterialInstances/MI_ClearCoat_Mask" 7075
"/InterchangeAssets/gltf/MaterialInstances/MI_ClearCoat_Blend" 7076
"/InterchangeAssets/gltf/MaterialInstances/MI_ClearCoat_Opaque_DS" 7077
"/InterchangeAssets/gltf/MaterialInstances/MI_ClearCoat_Mask_DS" 7078
"/InterchangeAssets/gltf/MaterialInstances/MI_ClearCoat_Blend_DS" 7079
"/InterchangeAssets/gltf/MaterialInstances/MI_Sheen_Opaque" 7080
"/InterchangeAssets/gltf/MaterialInstances/MI_Sheen_Mask" 7081
"/InterchangeAssets/gltf/MaterialInstances/MI_Sheen_Blend" 7082
"/InterchangeAssets/gltf/MaterialInstances/MI_Sheen_Opaque_DS" 7083
"/Game/__ExternalActors__/Maps/Levels/Level_0/0/BJ/BU0OSNDR6STKGL18YCTO28" 7084
"../../../../../../Repos/Unreal_stealth/Unreal_stealth_proj/Stealth_game/Content/__ExternalActors__/Maps/Levels/Level_0/0/BJ/BU0OSNDR6STKGL18YCTO28.uasset" 7085
"../../../../../../Repos/Unreal_stealth/Unreal_stealth_proj/Stealth_game/Content/LevelPrototyping/Objects/Meshes/Basic_blocks/SM_QuarterCylinder.uasset" 7086
"../../../../../../Repos/Unreal_stealth/Unreal_stealth_proj/Stealth_game/Content/LevelPrototyping/Materials/MI_PrototypeGrid_Gray.uasset" 7087
"../../../../../../Repos/Unreal_stealth/Unreal_stealth_proj/Stealth_game/Content/LevelPrototyping/Materials/M_PrototypeGrid.uasset" 7088
"../../../../../../Repos/Unreal_stealth/Unreal_stealth_proj/Stealth_game/Content/LevelPrototyping/Materials/MF_ProcGrid.uasset" 7089
"../../../Engine/Content/Functions/Engine_MaterialFunctions01/ImageAdjustment/CheapContrast.uasset" 7090
"../../../../../../Repos/Unreal_stealth/Unreal_stealth_proj/Stealth_game/Content/LevelPrototyping/Textures/T_GridChecker_A.uasset" 7091
"../../../Engine/Content/Functions/Engine_MaterialFunctions01/Gradient/LinearGradient.uasset" 7092
"/Game/__ExternalActors__/Maps/Levels/Level_0/0/VN/9KX163D4S3BX3I37TOPRYI" 7093
"../../../../../../Repos/Unreal_stealth/Unreal_stealth_proj/Stealth_game/Content/__ExternalActors__/Maps/Levels/Level_0/0/VN/9KX163D4S3BX3I37TOPRYI.uasset" 7094
"/Game/__ExternalActors__/Maps/Levels/Level_0/0/YZ/8F0ZKA13WWF7GXWAIIKD6V" 7095
"../../../../../../Repos/Unreal_stealth/Unreal_stealth_proj/Stealth_game/Content/__ExternalActors__/Maps/Levels/Level_0/0/YZ/8F0ZKA13WWF7GXWAIIKD6V.uasset" 7096
"/Game/__ExternalActors__/Maps/Levels/Level_0/1/JO/J63GTLXZ7D2XBAPYEI53KY" 7097
"../../../../../../Repos/Unreal_stealth/Unreal_stealth_proj/Stealth_game/Content/__ExternalActors__/Maps/Levels/Level_0/1/JO/J63GTLXZ7D2XBAPYEI53KY.uasset" 7098
"../../../../../../Repos/Unreal_stealth/Unreal_stealth_proj/Stealth_game/Content/LevelPrototyping/Objects/Utilities/Change_level_trigger_BP.uasset" 7099
"../../../../../../Repos/Unreal_stealth/Unreal_stealth_proj/Stealth_game/Content/Assets/Materials/Glowing_Portal.uasset" 7100
"/Game/__ExternalActors__/Maps/Levels/Level_0/1/Y0/V1W0DEBQPZ9ONPQYRPZWE8" 7101
"../../../../../../Repos/Unreal_stealth/Unreal_stealth_proj/Stealth_game/Content/__ExternalActors__/Maps/Levels/Level_0/1/Y0/V1W0DEBQPZ9ONPQYRPZWE8.uasset" 7102
"/Game/__ExternalActors__/Maps/Levels/Level_0/1/ZK/5IRXBSCP2KUBX82G4ZVU9T" 7103
"../../../../../../Repos/Unreal_stealth/Unreal_stealth_proj/Stealth_game/Content/__ExternalActors__/Maps/Levels/Level_0/1/ZK/5IRXBSCP2KUBX82G4ZVU9T.uasset" 7104
"../../../../../../Repos/Unreal_stealth/Unreal_stealth_proj/Stealth_game/Content/LevelPrototyping/Objects/Meshes/Basic_blocks/SM_Cylinder.uasset" 7105
"/Game/__ExternalActors__/Maps/Levels/Level_0/2/5C/Z2XKM06EYEJINU0YQTQL5C" 7106
"../../../../../../Repos/Unreal_stealth/Unreal_stealth_proj/Stealth_game/Content/__ExternalActors__/Maps/Levels/Level_0/2/5C/Z2XKM06EYEJINU0YQTQL5C.uasset" 7107
"../../../../../../Repos/Unreal_stealth/Unreal_stealth_proj/Stealth_game/Content/LevelPrototyping/Objects/Meshes/Basic_blocks/SM_Cube.uasset" 7108
"/Game/__ExternalActors__/Maps/Levels/Level_0/2/6Z/WYX115H1HNHO2OJYUZ3FD0" 7109
"../../../../../../Repos/Unreal_stealth/Unreal_stealth_proj/Stealth_game/Content/__ExternalActors__/Maps/Levels/Level_0/2/6Z/WYX115H1HNHO2OJYUZ3FD0.uasset" 7110
"/Game/__ExternalActors__/Maps/Levels/Level_0/2/GX/E8BICYG8QDBATTP2AJ3YIM" 7111
"../../../../../../Repos/Unreal_stealth/Unreal_stealth_proj/Stealth_game/Content/__ExternalActors__/Maps/Levels/Level_0/2/GX/E8BICYG8QDBATTP2AJ3YIM.uasset" 7112
"/Game/__ExternalActors__/Maps/Levels/Level_0/2/IO/KTOVQ23W06858VHXTT0JH0" 7113
"../../../../../../Repos/Unreal_stealth/Unreal_stealth_proj/Stealth_game/Content/__ExternalActors__/Maps/Levels/Level_0/2/IO/KTOVQ23W06858VHXTT0JH0.uasset" 7114
"/Game/__ExternalActors__/Maps/Levels/Level_0/2/K2/S87PHDWDS66ZZNL4MU03PW" 7115
"../../../../../../Repos/Unreal_stealth/Unreal_stealth_proj/Stealth_game/Content/__ExternalActors__/Maps/Levels/Level_0/2/K2/S87PHDWDS66ZZNL4MU03PW.uasset" 7116
"/Game/__ExternalActors__/Maps/Levels/Level_0/2/P2/V13IVTF9URRRBTKCV88L4W" 7117
"../../../../../../Repos/Unreal_stealth/Unreal_stealth_proj/Stealth_game/Content/__ExternalActors__/Maps/Levels/Level_0/2/P2/V13IVTF9URRRBTKCV88L4W.uasset" 7118
"/Game/__ExternalActors__/Maps/Levels/Level_0/2/WP/YIQHLV2X37V0PNORKVJEB8" 7119
"../../../../../../Repos/Unreal_stealth/Unreal_stealth_proj/Stealth_game/Content/__ExternalActors__/Maps/Levels/Level_0/2/WP/YIQHLV2X37V0PNORKVJEB8.uasset" 7120
"/Game/__ExternalActors__/Maps/Levels/Level_0/3/39/P0XKGC4T3YSTBSIGTNCTO9" 7121
"../../../../../../Repos/Unreal_stealth/Unreal_stealth_proj/Stealth_game/Content/__ExternalActors__/Maps/Levels/Level_0/3/39/P0XKGC4T3YSTBSIGTNCTO9.uasset" 7122
"/Game/__ExternalActors__/Maps/Levels/Level_0/3/7B/9QIAF8SP388WB5VG1RGH8O" 7123
"../../../../../../Repos/Unreal_stealth/Unreal_stealth_proj/Stealth_game/Content/__ExternalActors__/Maps/Levels/Level_0/3/7B/9QIAF8SP388WB5VG1RGH8O.uasset" 7124
"/Game/__ExternalActors__/Maps/Levels/Level_0/3/DL/CTWR1MRMIIGLRH8DGK3ZTF" 7125
"../../../../../../Repos/Unreal_stealth/Unreal_stealth_proj/Stealth_game/Content/__ExternalActors__/Maps/Levels/Level_0/3/DL/CTWR1MRMIIGLRH8DGK3ZTF.uasset" 7126
"/Game/__ExternalActors__/Maps/Levels/Level_0/3/KD/6E9GX5XKEJWGNPAPRMRLLL" 7127
"../../../../../../Repos/Unreal_stealth/Unreal_stealth_proj/Stealth_game/Content/__ExternalActors__/Maps/Levels/Level_0/3/KD/6E9GX5XKEJWGNPAPRMRLLL.uasset" 7128
"/Game/__ExternalActors__/Maps/Levels/Level_0/3/S8/XMC9MYZMKZH4S9OCLX5XZZ" 7129
"../../../../../../Repos/Unreal_stealth/Unreal_stealth_proj/Stealth_game/Content/__ExternalActors__/Maps/Levels/Level_0/3/S8/XMC9MYZMKZH4S9OCLX5XZZ.uasset" 7130
"/Game/__ExternalActors__/Maps/Levels/Level_0/4/0D/TBDF3ZKMPX3WJN7G7L04N6" 7131
"../../../../../../Repos/Unreal_stealth/Unreal_stealth_proj/Stealth_game/Content/__ExternalActors__/Maps/Levels/Level_0/4/0D/TBDF3ZKMPX3WJN7G7L04N6.uasset" 7132
"/Game/__ExternalActors__/Maps/Levels/Level_0/4/4E/Y4HL5ZDVYQSM818ZUI7T12" 7133
"../../../../../../Repos/Unreal_stealth/Unreal_stealth_proj/Stealth_game/Content/__ExternalActors__/Maps/Levels/Level_0/4/4E/Y4HL5ZDVYQSM818ZUI7T12.uasset" 7134
"/Game/__ExternalActors__/Maps/Levels/Level_0/4/82/C148S0INTICY6P8GEZM4ZI" 7135
"../../../../../../Repos/Unreal_stealth/Unreal_stealth_proj/Stealth_game/Content/__ExternalActors__/Maps/Levels/Level_0/4/82/C148S0INTICY6P8GEZM4ZI.uasset" 7136
"/Game/__ExternalActors__/Maps/Levels/Level_0/4/DH/LMJTZJL65FV1SQQ6OEM8AD" 7137
"../../../../../../Repos/Unreal_stealth/Unreal_stealth_proj/Stealth_game/Content/__ExternalActors__/Maps/Levels/Level_0/4/DH/LMJTZJL65FV1SQQ6OEM8AD.uasset" 7138
"/Game/__ExternalActors__/Maps/Levels/Level_0/4/WD/T82POQCIDCQRQQI3TAD9HY" 7139
"../../../../../../Repos/Unreal_stealth/Unreal_stealth_proj/Stealth_game/Content/__ExternalActors__/Maps/Levels/Level_0/4/WD/T82POQCIDCQRQQI3TAD9HY.uasset" 7140
"../../../../../../Repos/Unreal_stealth/Unreal_stealth_proj/Stealth_game/Content/Orgin_stuff/StarterContent/Props/SM_Couch.uasset" 7141
"../../../../../../Repos/Unreal_stealth/Unreal_stealth_proj/Stealth_game/Content/Orgin_stuff/StarterContent/Props/Materials/M_Chair.uasset" 7142
"../../../../../../Repos/Unreal_stealth/Unreal_stealth_proj/Stealth_game/Content/Orgin_stuff/StarterContent/Textures/T_Chair_M.uasset" 7143
"../../../../../../Repos/Unreal_stealth/Unreal_stealth_proj/Stealth_game/Content/Orgin_stuff/StarterContent/Textures/T_Chair_N.uasset" 7144
"/Game/__ExternalActors__/Maps/Levels/Level_0/5/CE/88J1SHWC2VBDBRTQCZH4TO" 7145
"../../../../../../Repos/Unreal_stealth/Unreal_stealth_proj/Stealth_game/Content/__ExternalActors__/Maps/Levels/Level_0/5/CE/88J1SHWC2VBDBRTQCZH4TO.uasset" 7146
"/Game/__ExternalActors__/Maps/Levels/Level_0/5/E1/FAIW02I8D088386VTL0RCR" 7147
"../../../../../../Repos/Unreal_stealth/Unreal_stealth_proj/Stealth_game/Content/__ExternalActors__/Maps/Levels/Level_0/5/E1/FAIW02I8D088386VTL0RCR.uasset" 7148
"/Game/__ExternalActors__/Maps/Levels/Level_0/5/RF/J009BJO6XHBUG9AHT8TOIY" 7149
"../../../../../../Repos/Unreal_stealth/Unreal_stealth_proj/Stealth_game/Content/__ExternalActors__/Maps/Levels/Level_0/5/RF/J009BJO6XHBUG9AHT8TOIY.uasset" 7150
"/Game/__ExternalActors__/Maps/Levels/Level_0/6/ML/ZVZGAFR3X2P2CZ7N4912PP" 7151
"../../../../../../Repos/Unreal_stealth/Unreal_stealth_proj/Stealth_game/Content/__ExternalActors__/Maps/Levels/Level_0/6/ML/ZVZGAFR3X2P2CZ7N4912PP.uasset" 7152
"/Game/__ExternalActors__/Maps/Levels/Level_0/6/PV/LHD6RY71UB5VY1GZRYVG07" 7153
"../../../../../../Repos/Unreal_stealth/Unreal_stealth_proj/Stealth_game/Content/__ExternalActors__/Maps/Levels/Level_0/6/PV/LHD6RY71UB5VY1GZRYVG07.uasset" 7154
"/Game/__ExternalActors__/Maps/Levels/Level_0/7/14/HPAU9B183ZVP097JYZNHOK" 7155
"../../../../../../Repos/Unreal_stealth/Unreal_stealth_proj/Stealth_game/Content/__ExternalActors__/Maps/Levels/Level_0/7/14/HPAU9B183ZVP097JYZNHOK.uasset" 7156
"/Game/__ExternalActors__/Maps/Levels/Level_0/7/7J/JBHUZVY177JEK3MOQREB4W" 7157
"../../../../../../Repos/Unreal_stealth/Unreal_stealth_proj/Stealth_game/Content/__ExternalActors__/Maps/Levels/Level_0/7/7J/JBHUZVY177JEK3MOQREB4W.uasset" 7158
"../../../../../../Repos/Unreal_stealth/Unreal_stealth_proj/Stealth_game/Content/Misc/Vsync_Enabler_BP.uasset" 7159
"/Game/__ExternalActors__/Maps/Levels/Level_0/7/7Q/9LTE3X0BH2VX2WMZTL1U1E" 7160
"../../../../../../Repos/Unreal_stealth/Unreal_stealth_proj/Stealth_game/Content/__ExternalActors__/Maps/Levels/Level_0/7/7Q/9LTE3X0BH2VX2WMZTL1U1E.uasset" 7161
"/Game/__ExternalActors__/Maps/Levels/Level_0/7/A8/B8VJCRTH30TZG7CZAC7WDE" 7162
"../../../../../../Repos/Unreal_stealth/Unreal_stealth_proj/Stealth_game/Content/__ExternalActors__/Maps/Levels/Level_0/7/A8/B8VJCRTH30TZG7CZAC7WDE.uasset" 7163
"/Game/__ExternalActors__/Maps/Levels/Level_0/7/F3/CZSUJXR5FZK4PB5W23IXZJ" 7164
"../../../../../../Repos/Unreal_stealth/Unreal_stealth_proj/Stealth_game/Content/__ExternalActors__/Maps/Levels/Level_0/7/F3/CZSUJXR5FZK4PB5W23IXZJ.uasset" 7165
"/Game/__ExternalActors__/Maps/Levels/Level_0/7/OW/QJ9SNGMCT5C8LN7RFKN56S" 7166
"../../../../../../Repos/Unreal_stealth/Unreal_stealth_proj/Stealth_game/Content/__ExternalActors__/Maps/Levels/Level_0/7/OW/QJ9SNGMCT5C8LN7RFKN56S.uasset" 7167
"/Game/__ExternalActors__/Maps/Levels/Level_0/7/RP/14YJ7X39KT18WLDF7H5FY2" 7168
"../../../../../../Repos/Unreal_stealth/Unreal_stealth_proj/Stealth_game/Content/__ExternalActors__/Maps/Levels/Level_0/7/RP/14YJ7X39KT18WLDF7H5FY2.uasset" 7169
"/Game/__ExternalActors__/Maps/Levels/Level_0/7/TP/AXABTR0A686NHVADTJ8983" 7170
"../../../../../../Repos/Unreal_stealth/Unreal_stealth_proj/Stealth_game/Content/__ExternalActors__/Maps/Levels/Level_0/7/TP/AXABTR0A686NHVADTJ8983.uasset" 7171
"/Game/__ExternalActors__/Maps/Levels/Level_0/7/VM/J93ZEV3A8953J03XGHZCOZ" 7172
"../../../../../../Repos/Unreal_stealth/Unreal_stealth_proj/Stealth_game/Content/__ExternalActors__/Maps/Levels/Level_0/7/VM/J93ZEV3A8953J03XGHZCOZ.uasset" 7173
"/Game/__ExternalActors__/Maps/Levels/Level_0/8/0H/HGLRZFDVTG0KXGHIHS653Q" 7174
"../../../../../../Repos/Unreal_stealth/Unreal_stealth_proj/Stealth_game/Content/__ExternalActors__/Maps/Levels/Level_0/8/0H/HGLRZFDVTG0KXGHIHS653Q.uasset" 7175
"/Game/__ExternalActors__/Maps/Levels/Level_0/8/53/FB9F4KTTG6J46XB3XPK46N" 7176
"../../../../../../Repos/Unreal_stealth/Unreal_stealth_proj/Stealth_game/Content/__ExternalActors__/Maps/Levels/Level_0/8/53/FB9F4KTTG6J46XB3XPK46N.uasset" 7177
"/Game/__ExternalActors__/Maps/Levels/Level_0/8/GH/II3QDF18UMA3RBSQ8G3LUG" 7178
"../../../../../../Repos/Unreal_stealth/Unreal_stealth_proj/Stealth_game/Content/__ExternalActors__/Maps/Levels/Level_0/8/GH/II3QDF18UMA3RBSQ8G3LUG.uasset" 7179
"/Game/__ExternalActors__/Maps/Levels/Level_0/8/MA/Y2LQ53HA0GPIW0VC00UCMM" 7180
"../../../../../../Repos/Unreal_stealth/Unreal_stealth_proj/Stealth_game/Content/__ExternalActors__/Maps/Levels/Level_0/8/MA/Y2LQ53HA0GPIW0VC00UCMM.uasset" 7181
"/Game/__ExternalActors__/Maps/Levels/Level_0/8/MF/LRRTECLDY7OR9V5SWRMGHV" 7182
"../../../../../../Repos/Unreal_stealth/Unreal_stealth_proj/Stealth_game/Content/__ExternalActors__/Maps/Levels/Level_0/8/MF/LRRTECLDY7OR9V5SWRMGHV.uasset" 7183
"/Game/__ExternalActors__/Maps/Levels/Level_0/8/S1/BZXH550AJLR5O6UTXCL7SE" 7184
"../../../../../../Repos/Unreal_stealth/Unreal_stealth_proj/Stealth_game/Content/__ExternalActors__/Maps/Levels/Level_0/8/S1/BZXH550AJLR5O6UTXCL7SE.uasset" 7185
"../../../../../../Repos/Unreal_stealth/Unreal_stealth_proj/Stealth_game/Content/Orgin_stuff/StarterContent/Props/SM_Door.uasset" 7186
"../../../../../../Repos/Unreal_stealth/Unreal_stealth_proj/Stealth_game/Content/Orgin_stuff/StarterContent/Materials/M_Glass.uasset" 7187
"../../../../../../Repos/Unreal_stealth/Unreal_stealth_proj/Stealth_game/Content/Orgin_stuff/StarterContent/Props/Materials/M_Door.uasset" 7188
"../../../../../../Repos/Unreal_stealth/Unreal_stealth_proj/Stealth_game/Content/Orgin_stuff/StarterContent/Textures/T_Door_M.uasset" 7189
"../../../../../../Repos/Unreal_stealth/Unreal_stealth_proj/Stealth_game/Content/Orgin_stuff/StarterContent/Textures/T_Door_N.uasset" 7190
"/Game/__ExternalActors__/Maps/Levels/Level_0/9/4E/D1TYK5L3NMBTK05Y74M3MX" 7191
"../../../../../../Repos/Unreal_stealth/Unreal_stealth_proj/Stealth_game/Content/__ExternalActors__/Maps/Levels/Level_0/9/4E/D1TYK5L3NMBTK05Y74M3MX.uasset" 7192
"/Game/__ExternalActors__/Maps/Levels/Level_0/9/7M/HG2K72MKH9JRSLJ5XTIC13" 7193
"../../../../../../Repos/Unreal_stealth/Unreal_stealth_proj/Stealth_game/Content/__ExternalActors__/Maps/Levels/Level_0/9/7M/HG2K72MKH9JRSLJ5XTIC13.uasset" 7194
"/Game/__ExternalActors__/Maps/Levels/Level_0/9/BO/HCNUOEUFA7ANZEFU8AKK80" 7195
"../../../../../../Repos/Unreal_stealth/Unreal_stealth_proj/Stealth_game/Content/__ExternalActors__/Maps/Levels/Level_0/9/BO/HCNUOEUFA7ANZEFU8AKK80.uasset" 7196
"/Game/__ExternalActors__/Maps/Levels/Level_0/9/KY/VEVB87F3ALVTOCK99ZTHXL" 7197
"../../../../../../Repos/Unreal_stealth/Unreal_stealth_proj/Stealth_game/Content/__ExternalActors__/Maps/Levels/Level_0/9/KY/VEVB87F3ALVTOCK99ZTHXL.uasset" 7198
"/Game/__ExternalActors__/Maps/Levels/Level_0/9/TC/IQEP4E1UULP7LRRQLBNDS7" 7199
"../../../../../../Repos/Unreal_stealth/Unreal_stealth_proj/Stealth_game/Content/__ExternalActors__/Maps/Levels/Level_0/9/TC/IQEP4E1UULP7LRRQLBNDS7.uasset" 7200
"/Game/__ExternalActors__/Maps/Levels/Level_0/9/X1/M6J3PS391CA4X8GENE0S9H" 7201
"../../../../../../Repos/Unreal_stealth/Unreal_stealth_proj/Stealth_game/Content/__ExternalActors__/Maps/Levels/Level_0/9/X1/M6J3PS391CA4X8GENE0S9H.uasset" 7202
"../../../Engine/Content/EngineSky/M_SimpleSkyDome.uasset" 7203
"../../../Engine/Content/EngineSky/SM_SkySphere.uasset" 7204
"../../../Engine/Content/EngineSky/M_Sky_Panning_Clouds2.uasset" 7205
"../../../Engine/Content/EngineSky/T_Sky_Blue.uasset" 7206
"../../../Engine/Content/EngineSky/T_Sky_Clouds_M.uasset" 7207
"../../../Engine/Content/EngineSky/T_Sky_Stars.uasset" 7208
"/Game/__ExternalActors__/Maps/Levels/Level_0/A/74/YQZIR2UAAK8EYEG36E42QH" 7209
"../../../../../../Repos/Unreal_stealth/Unreal_stealth_proj/Stealth_game/Content/__ExternalActors__/Maps/Levels/Level_0/A/74/YQZIR2UAAK8EYEG36E42QH.uasset" 7210
"/Game/__ExternalActors__/Maps/Levels/Level_0/A/CX/IH40ACPI4CJEP56D81YLOR" 7211
"../../../../../../Repos/Unreal_stealth/Unreal_stealth_proj/Stealth_game/Content/__ExternalActors__/Maps/Levels/Level_0/A/CX/IH40ACPI4CJEP56D81YLOR.uasset" 7212
"/Game/__ExternalActors__/Maps/Levels/Level_0/A/TT/R9LKSJIIWVIP36DKZBKB9U" 7213
"../../../../../../Repos/Unreal_stealth/Unreal_stealth_proj/Stealth_game/Content/__ExternalActors__/Maps/Levels/Level_0/A/TT/R9LKSJIIWVIP36DKZBKB9U.uasset" 7214
"../../../../../../Repos/Unreal_stealth/Unreal_stealth_proj/Stealth_game/Content/Orgin_stuff/StarterContent/Props/SM_DoorFrame.uasset" 7215
"../../../../../../Repos/Unreal_stealth/Unreal_stealth_proj/Stealth_game/Content/Orgin_stuff/StarterContent/Props/Materials/M_Frame.uasset" 7216
"../../../../../../Repos/Unreal_stealth/Unreal_stealth_proj/Stealth_game/Content/Orgin_stuff/StarterContent/Textures/T_Frame_M.uasset" 7217
"../../../../../../Repos/Unreal_stealth/Unreal_stealth_proj/Stealth_game/Content/Orgin_stuff/StarterContent/Textures/T_Frame_N.uasset" 7218
"/Game/__ExternalActors__/Maps/Levels/Level_0/A/XA/1HRO1EUSYI6ZADFDURWL1V" 7219
"../../../../../../Repos/Unreal_stealth/Unreal_stealth_proj/Stealth_game/Content/__ExternalActors__/Maps/Levels/Level_0/A/XA/1HRO1EUSYI6ZADFDURWL1V.uasset" 7220
"/Game/__ExternalActors__/Maps/Levels/Level_0/A/YI/MO84P7VIJUK2VOQ1WDXF9T" 7221
"../../../../../../Repos/Unreal_stealth/Unreal_stealth_proj/Stealth_game/Content/__ExternalActors__/Maps/Levels/Level_0/A/YI/MO84P7VIJUK2VOQ1WDXF9T.uasset" 7222
"/Game/__ExternalActors__/Maps/Levels/Level_0/B/2F/28FE0PU90ZV9S5DJ3KCSMF" 7223
"../../../../../../Repos/Unreal_stealth/Unreal_stealth_proj/Stealth_game/Content/__ExternalActors__/Maps/Levels/Level_0/B/2F/28FE0PU90ZV9S5DJ3KCSMF.uasset" 7224
"/Game/__ExternalActors__/Maps/Levels/Level_0/B/K9/T1SDW6FMIO53WAFCY9HWL0" 7225
"../../../../../../Repos/Unreal_stealth/Unreal_stealth_proj/Stealth_game/Content/__ExternalActors__/Maps/Levels/Level_0/B/K9/T1SDW6FMIO53WAFCY9HWL0.uasset" 7226
"/Game/__ExternalActors__/Maps/Levels/Level_0/B/PQ/DT1119N6BTPUTZWHVN2XXD" 7227
"../../../../../../Repos/Unreal_stealth/Unreal_stealth_proj/Stealth_game/Content/__ExternalActors__/Maps/Levels/Level_0/B/PQ/DT1119N6BTPUTZWHVN2XXD.uasset" 7228
"/Game/__ExternalActors__/Maps/Levels/Level_0/C/5G/XLS8W8OQE679WLJUK6VRQ6" 7229
"../../../../../../Repos/Unreal_stealth/Unreal_stealth_proj/Stealth_game/Content/__ExternalActors__/Maps/Levels/Level_0/C/5G/XLS8W8OQE679WLJUK6VRQ6.uasset" 7230
"/Game/__ExternalActors__/Maps/Levels/Level_0/C/BW/29OMPNLQE9I53Q3MJLWQC5" 7231
"../../../../../../Repos/Unreal_stealth/Unreal_stealth_proj/Stealth_game/Content/__ExternalActors__/Maps/Levels/Level_0/C/BW/29OMPNLQE9I53Q3MJLWQC5.uasset" 7232
"../../../../../../Repos/Unreal_stealth/Unreal_stealth_proj/Stealth_game/Content/Orgin_stuff/StarterContent/Props/SM_TableRound.uasset" 7233
"../../../../../../Repos/Unreal_stealth/Unreal_stealth_proj/Stealth_game/Content/Orgin_stuff/StarterContent/Props/Materials/M_TableRound.uasset" 7234
"../../../../../../Repos/Unreal_stealth/Unreal_stealth_proj/Stealth_game/Content/Orgin_stuff/StarterContent/Textures/T_TableRound_M.uasset" 7235
"../../../../../../Repos/Unreal_stealth/Unreal_stealth_proj/Stealth_game/Content/Orgin_stuff/StarterContent/Textures/T_TableRound_N.uasset" 7236
"/Game/__ExternalActors__/Maps/Levels/Level_0/C/VB/UBSB9P1H1QRXW30ISSMFDR" 7237
"../../../../../../Repos/Unreal_stealth/Unreal_stealth_proj/Stealth_game/Content/__ExternalActors__/Maps/Levels/Level_0/C/VB/UBSB9P1H1QRXW30ISSMFDR.uasset" 7238
"../../../../../../Repos/Unreal_stealth/Unreal_stealth_proj/Stealth_game/Content/Orgin_stuff/StarterContent/Props/SM_Lamp_Ceiling.uasset" 7239
"../../../../../../Repos/Unreal_stealth/Unreal_stealth_proj/Stealth_game/Content/Orgin_stuff/StarterContent/Props/Materials/M_Lamp.uasset" 7240
"../../../../../../Repos/Unreal_stealth/Unreal_stealth_proj/Stealth_game/Content/Orgin_stuff/StarterContent/Textures/T_Lamp_M.uasset" 7241
"../../../../../../Repos/Unreal_stealth/Unreal_stealth_proj/Stealth_game/Content/Orgin_stuff/StarterContent/Textures/T_Lamp_N.uasset" 7242
"/Game/__ExternalActors__/Maps/Levels/Level_0/D/82/SGURCZOGUCZ8HDOMV1NOC1" 7243
"../../../../../../Repos/Unreal_stealth/Unreal_stealth_proj/Stealth_game/Content/__ExternalActors__/Maps/Levels/Level_0/D/82/SGURCZOGUCZ8HDOMV1NOC1.uasset" 7244
"/Game/__ExternalActors__/Maps/Levels/Level_0/D/EP/1MQ8S8IMSOPW3HBOL85NUR" 7245
"../../../../../../Repos/Unreal_stealth/Unreal_stealth_proj/Stealth_game/Content/__ExternalActors__/Maps/Levels/Level_0/D/EP/1MQ8S8IMSOPW3HBOL85NUR.uasset" 7246
"/Game/__ExternalActors__/Maps/Levels/Level_0/E/CH/76HRKY73Q4PE55PWJZCYI8" 7247
"../../../../../../Repos/Unreal_stealth/Unreal_stealth_proj/Stealth_game/Content/__ExternalActors__/Maps/Levels/Level_0/E/CH/76HRKY73Q4PE55PWJZCYI8.uasset" 7248
"/Game/__ExternalActors__/Maps/Levels/Level_0/E/EJ/5J80PTGLEIWLCQQ23TTRD4" 7249
"../../../../../../Repos/Unreal_stealth/Unreal_stealth_proj/Stealth_game/Content/__ExternalActors__/Maps/Levels/Level_0/E/EJ/5J80PTGLEIWLCQQ23TTRD4.uasset" 7250
"/Game/__ExternalActors__/Maps/Levels/Level_0/E/HM/QUM8890RR8IRU0EAYZIBQ4" 7251
"../../../../../../Repos/Unreal_stealth/Unreal_stealth_proj/Stealth_game/Content/__ExternalActors__/Maps/Levels/Level_0/E/HM/QUM8890RR8IRU0EAYZIBQ4.uasset" 7252
"/Game/__ExternalActors__/Maps/Levels/Level_0/E/J3/H8646B0B1BUULZSYOG9M9C" 7253
"../../../../../../Repos/Unreal_stealth/Unreal_stealth_proj/Stealth_game/Content/__ExternalActors__/Maps/Levels/Level_0/E/J3/H8646B0B1BUULZSYOG9M9C.uasset" 7254
"/Game/__ExternalActors__/Maps/Levels/Level_0/E/TK/YN9MFZP0UJJUR7FPYEA1GD" 7255
"../../../../../../Repos/Unreal_stealth/Unreal_stealth_proj/Stealth_game/Content/__ExternalActors__/Maps/Levels/Level_0/E/TK/YN9MFZP0UJJUR7FPYEA1GD.uasset" 7256
"/Engine/EditorResources/EmptyActor" 7257
"../../../Engine/Content/EditorResources/EmptyActor.uasset" 7258
"/Engine/EditorResources/LightIcons/S_LightError" 7259
"../../../Engine/Content/EditorResources/LightIcons/S_LightError.uasset" 7260
"/InterchangeAssets/gltf/MaterialInstances/MI_Sheen_Mask_DS" 7261
"/InterchangeAssets/gltf/MaterialInstances/MI_Sheen_Blend_DS" 7262
"C:/Repos/Unreal_stealth/Unreal_stealth_proj/Stealth_game/Content/__ExternalObjects__/Maps/Levels/Level_0/1/HZ/7FHVAR7MXH5ZS1094ELS6M.uasset" 7263
"C:/Repos/Unreal_stealth/Unreal_stealth_proj/Stealth_game/Content/__ExternalObjects__/Maps/Levels/Level_0/A/4T/XKPCNPIWUJ5D39WJRMJ5RZ.uasset" 7264
"../../../Engine/Content/EngineSounds/Submixes/MasterReverbSubmixDefault.uasset" 7265
"../../../Engine/Content/EngineSounds/Submixes/MasterSubmixDefault.uasset" 7266
"../../../Engine/Content/EngineSounds/Submixes/MasterEQSubmixDefault.uasset" 7267
"C:/Repos/Unreal_stealth/Unreal_stealth_proj/Stealth_game/Content/__ExternalObjects__/Maps/Levels/Level_0/0/23/K99RDXI8TDABP1ZJ1ERJYT.uasset" 7268
"C:/Repos/Unreal_stealth/Unreal_stealth_proj/Stealth_game/Content/__ExternalObjects__/Maps/Levels/Level_1/D/MA/QP9UAXZE8YNQ6VN0S5DOPP.uasset" 7269
"C:/Repos/Unreal_stealth/Unreal_stealth_proj/Stealth_game/Content/__ExternalObjects__/Maps/Levels/Level_1/B/JE/U1JGBN23QJINQ1Q43M9DTO.uasset" 7270
"C:/Repos/Unreal_stealth/Unreal_stealth_proj/Stealth_game/Content/__ExternalObjects__/Maps/Levels/Level_1/9/WD/YN751AUUPVRYFGVASO7D6F.uasset" 7271
"C:/Repos/Unreal_stealth/Unreal_stealth_proj/Stealth_game/Content/__ExternalObjects__/Maps/Levels/Level_1/C/80/4AFCQKHTA4QWZO52RMQ5KE.uasset" 7272
"C:/Repos/Unreal_stealth/Unreal_stealth_proj/Stealth_game/Content/__ExternalObjects__/Maps/Levels/Level_1/A/V5/RNUXAMOAKB3NFOO67SG1B4.uasset" 7273
"C:/Repos/Unreal_stealth/Unreal_stealth_proj/Stealth_game/Content/__ExternalObjects__/Maps/Levels/Level_1/1/P5/70TV1P8HCZCCHPB3HUKYHX.uasset" 7274
"C:/Repos/Unreal_stealth/Unreal_stealth_proj/Stealth_game/Content/__ExternalObjects__/Maps/Levels/Level_1/3/GH/XUKAZLFH1HZFO5VTHUBIQJ.uasset" 7275
"C:/Repos/Unreal_stealth/Unreal_stealth_proj/Stealth_game/Content/__ExternalObjects__/Maps/Levels/Level_1/B/RX/H57DYLNNLMCQGT32PW3KFD.uasset" 7276
"C:/Repos/Unreal_stealth/Unreal_stealth_proj/Stealth_game/Content/__ExternalObjects__/Maps/Levels/Level_1/D/4G/RQMZONW0B3XT6JV9TTGWM0.uasset" 7277
"C:/Repos/Unreal_stealth/Unreal_stealth_proj/Stealth_game/Content/__ExternalObjects__/Maps/Levels/Level_1/9/01/HC9IOAVNFE8VBZE1JLMQBG.uasset" 7278
"C:/Repos/Unreal_stealth/Unreal_stealth_proj/Stealth_game/Content/__ExternalObjects__/Maps/Levels/Level_1/A/GM/6S5C5C21US6RSBEG7RZX4K.uasset" 7279
"C:/Repos/Unreal_stealth/Unreal_stealth_proj/Stealth_game/Content/__ExternalObjects__/Maps/Levels/Level_1/C/EH/X1B2T51GK5TKTCG8FHEMCR.uasset" 7280
"C:/Repos/Unreal_stealth/Unreal_stealth_proj/Stealth_game/Content/__ExternalObjects__/Maps/Levels/Level_1/8/UL/B1CLOTSDZVVZS5CQAJLIR1.uasset" 7281
"C:/Repos/Unreal_stealth/Unreal_stealth_proj/Stealth_game/Content/Maps/Levels/Level_1.umap" 7282
"/Game/__ExternalObjects__/Maps/Levels/Level_1/A/V5/RNUXAMOAKB3NFOO67SG1B4" 7283
"C:/Repos/Unreal_stealth/Unreal_stealth_proj/Stealth_game/Content/__ExternalObjects__/Maps/Levels/Level_1/8/UI/SZHIAFYY4L7EM71VNMGK78.uasset" 7284
"C:/Repos/Unreal_stealth/Unreal_stealth_proj/Stealth_game/Content/__ExternalObjects__/Maps/Levels/Level_1/0/23/D5CBSQX7R4GVX65EAWZUVP.uasset" 7285
"../../../../../../Repos/Unreal_stealth/Unreal_stealth_proj/Stealth_game/Content/Maps/Levels/Level_1.umap" 7286
"../../../../../../Repos/Unreal_stealth/Unreal_stealth_proj/Stealth_game/Content/__ExternalActors__/Maps/Levels/Level_1/3/G7/JP7MFOO2PUALB65ZTM3D6P.uasset" 7287
"/Game/__ExternalObjects__/Maps/Levels/Level_1/C/80/4AFCQKHTA4QWZO52RMQ5KE" 7288
"/Game/__ExternalObjects__/Maps/Levels/Level_1/9/WD/YN751AUUPVRYFGVASO7D6F" 7289
"/Game/__ExternalObjects__/Maps/Levels/Level_1/D/MA/QP9UAXZE8YNQ6VN0S5DOPP" 7290
"/Engine/EngineSounds/Submixes/MasterReverbSubmixDefault" 7291
"/Game/__ExternalObjects__/Maps/Levels/Level_0/A/4T/XKPCNPIWUJ5D39WJRMJ5RZ" 7292
"/Game/__ExternalObjects__/Maps/Levels/Level_0/0/23/K99RDXI8TDABP1ZJ1ERJYT" 7293
"/Game/__ExternalObjects__/Maps/Levels/Level_0/1/HZ/7FHVAR7MXH5ZS1094ELS6M" 7294
"/Game/__ExternalObjects__/Maps/Levels/Level_1/8/UL/B1CLOTSDZVVZS5CQAJLIR1" 7295
"/Game/__ExternalObjects__/Maps/Levels/Level_1/8/UI/SZHIAFYY4L7EM71VNMGK78" 7296
"/Game/__ExternalObjects__/Maps/Levels/Level_1/0/23/D5CBSQX7R4GVX65EAWZUVP" 7297
"/Game/__ExternalActors__/Maps/Levels/Level_1/0/3V/9XCYF1FKFWEY1MGHUOZAYL" 7298
"../../../../../../Repos/Unreal_stealth/Unreal_stealth_proj/Stealth_game/Content/__ExternalActors__/Maps/Levels/Level_1/0/3V/9XCYF1FKFWEY1MGHUOZAYL.uasset" 7299
"/Game/__ExternalActors__/Maps/Levels/Level_1/0/CE/R2J6ZR6YACA8GFTDF4NV99" 7300
"../../../../../../Repos/Unreal_stealth/Unreal_stealth_proj/Stealth_game/Content/__ExternalActors__/Maps/Levels/Level_1/0/CE/R2J6ZR6YACA8GFTDF4NV99.uasset" 7301
"/Game/__ExternalActors__/Maps/Levels/Level_1/0/F5/AV4859C6KZ9IS6CU8SKVV7" 7302
"../../../../../../Repos/Unreal_stealth/Unreal_stealth_proj/Stealth_game/Content/__ExternalActors__/Maps/Levels/Level_1/0/F5/AV4859C6KZ9IS6CU8SKVV7.uasset" 7303
"/Game/__ExternalActors__/Maps/Levels/Level_1/0/MC/L4P508Y3DXETIUHWT1ZHYD" 7304
"../../../../../../Repos/Unreal_stealth/Unreal_stealth_proj/Stealth_game/Content/__ExternalActors__/Maps/Levels/Level_1/0/MC/L4P508Y3DXETIUHWT1ZHYD.uasset" 7305
"/Game/__ExternalActors__/Maps/Levels/Level_1/0/QQ/0DULLZSPN9UJZ4VGRZWM7W" 7306
"../../../../../../Repos/Unreal_stealth/Unreal_stealth_proj/Stealth_game/Content/__ExternalActors__/Maps/Levels/Level_1/0/QQ/0DULLZSPN9UJZ4VGRZWM7W.uasset" 7307
"/Game/__ExternalActors__/Maps/Levels/Level_1/0/RJ/KMGWK0NM39RCCHEH7KW5B9" 7308
"../../../../../../Repos/Unreal_stealth/Unreal_stealth_proj/Stealth_game/Content/__ExternalActors__/Maps/Levels/Level_1/0/RJ/KMGWK0NM39RCCHEH7KW5B9.uasset" 7309
"/Game/__ExternalActors__/Maps/Levels/Level_1/1/14/C61D9AR07CZ317CCPM9G50" 7310
"../../../../../../Repos/Unreal_stealth/Unreal_stealth_proj/Stealth_game/Content/__ExternalActors__/Maps/Levels/Level_1/1/14/C61D9AR07CZ317CCPM9G50.uasset" 7311
"/Game/__ExternalActors__/Maps/Levels/Level_1/1/E2/32GZDRQL1EAR2ZRCE7VU3K" 7312
"../../../../../../Repos/Unreal_stealth/Unreal_stealth_proj/Stealth_game/Content/__ExternalActors__/Maps/Levels/Level_1/1/E2/32GZDRQL1EAR2ZRCE7VU3K.uasset" 7313
"../../../../../../Repos/Unreal_stealth/Unreal_stealth_proj/Stealth_game/Content/Enemies/Enemy_Base_BP.uasset" 7314
"../../../../../../Repos/Unreal_stealth/Unreal_stealth_proj/Stealth_game/Content/Assets/Animations/Anim_BPs/Enemy_Anim/Base/Enemy_Base_ABP.uasset" 7315
"../../../../../../Repos/Unreal_stealth/Unreal_stealth_proj/Stealth_game/Content/Assets/Weapons/Round_home_hammer/BP_Hammer.uasset" 7316
"../../../../../../Repos/Unreal_stealth/Unreal_stealth_proj/Stealth_game/Content/Enemies/AI/Enemy_AI_BPI.uasset" 7317
"../../../../../../Repos/Unreal_stealth/Unreal_stealth_proj/Stealth_game/Content/Enemies/AI/Enemy_Base/Enemy_Base_AI_Controller.uasset" 7318
"../../../../../../Repos/Unreal_stealth/Unreal_stealth_proj/Stealth_game/Content/Enemies/AI/Random_Stuff/Patrol_Path_BP.uasset" 7319
"../../../../../../Repos/Unreal_stealth/Unreal_stealth_proj/Stealth_game/Content/Assets/Characters/Mannequins/Meshes/SKM_Manny.uasset" 7320
"../../../../../../Repos/Unreal_stealth/Unreal_stealth_proj/Stealth_game/Content/Enemies/AI/Random_Stuff/AI_Movement_Speed_E.uasset" 7321
"../../../../../../Repos/Unreal_stealth/Unreal_stealth_proj/Stealth_game/Content/Assets/Animations/Anim_BPs/Enemy_Anim/Base/Enemy_Base_Move_BS.uasset" 7322
"../../../../../../Repos/Unreal_stealth/Unreal_stealth_proj/Stealth_game/Content/Assets/Characters/Mannequins/Meshes/SK_Mannequin.uasset" 7323
"../../../../../../Repos/Unreal_stealth/Unreal_stealth_proj/Stealth_game/Content/Assets/Weapons/Round_home_hammer/round_home_hammer.uasset" 7324
"../../../../../../Repos/Unreal_stealth/Unreal_stealth_proj/Stealth_game/Content/Enemies/AI/Enemy_Base/Enemy_Base_BT.uasset" 7325
"../../../../../../Repos/Unreal_stealth/Unreal_stealth_proj/Stealth_game/Content/Enemies/AI/Random_Stuff/AI_Sense_E.uasset" 7326
"../../../../../../Repos/Unreal_stealth/Unreal_stealth_proj/Stealth_game/Content/Enemies/AI/Random_Stuff/AI_States_E.uasset" 7327
"../../../../../../Repos/Unreal_stealth/Unreal_stealth_proj/Stealth_game/Content/Assets/Characters/Mannequins/Rigs/ABP_Manny_PostProcess.uasset" 7328
"../../../../../../Repos/Unreal_stealth/Unreal_stealth_proj/Stealth_game/Content/Assets/Characters/Mannequins/Materials/Instances/Manny/MI_Manny_01.uasset" 7329
"../../../../../../Repos/Unreal_stealth/Unreal_stealth_proj/Stealth_game/Content/Assets/Characters/Mannequins/Materials/Instances/Manny/MI_Manny_02.uasset" 7330
"../../../../../../Repos/Unreal_stealth/Unreal_stealth_proj/Stealth_game/Content/Assets/Characters/Mannequins/Rigs/PA_Mannequin.uasset" 7331
"../../../../../../Repos/Unreal_stealth/Unreal_stealth_proj/Stealth_game/Content/Assets/Characters/Mannequins/Animations/Manny/MM_Idle.uasset" 7332
"../../../../../../Repos/Unreal_stealth/Unreal_stealth_proj/Stealth_game/Content/Assets/Characters/Mannequins/Animations/Manny/MM_Walk_Fwd.uasset" 7333
"../../../../../../Repos/Unreal_stealth/Unreal_stealth_proj/Stealth_game/Content/Assets/Characters/Mannequins/Animations/Manny/MM_Walk_Slow_Fwd.uasset" 7334
"../../../../../../Repos/Unreal_stealth/Unreal_stealth_proj/Stealth_game/Content/Assets/Characters/Mannequins/Animations/Quinn/MF_Run_Fwd.uasset" 7335
"../../../../../../Repos/Unreal_stealth/Unreal_stealth_proj/Stealth_game/Content/Assets/Weapons/Round_home_hammer/hammer_u1_v1.uasset" 7336
"../../../../../../Repos/Unreal_stealth/Unreal_stealth_proj/Stealth_game/Content/Enemies/AI/Enemy_Base/Enemy_Base_BB.uasset" 7337
"../../../../../../Repos/Unreal_stealth/Unreal_stealth_proj/Stealth_game/Content/Enemies/AI/Decorators/BTDecorator_Has_Patrol_Route.uasset" 7338
"../../../../../../Repos/Unreal_stealth/Unreal_stealth_proj/Stealth_game/Content/Enemies/AI/Decorators/BTDecorator_Is_Target_In_Range.uasset" 7339
"../../../../../../Repos/Unreal_stealth/Unreal_stealth_proj/Stealth_game/Content/Enemies/AI/Decorators/BTDecorator_Is_Wielding_Weapon.uasset" 7340
"../../../../../../Repos/Unreal_stealth/Unreal_stealth_proj/Stealth_game/Content/Enemies/AI/Tasks/BTTask_chase_player.uasset" 7341
"../../../../../../Repos/Unreal_stealth/Unreal_stealth_proj/Stealth_game/Content/Enemies/AI/Tasks/BTTask_Follow_Patrol_Route.uasset" 7342
"../../../../../../Repos/Unreal_stealth/Unreal_stealth_proj/Stealth_game/Content/Enemies/AI/Tasks/BTTask_Melee_Weapon_Light_Attack.uasset" 7343
"../../../../../../Repos/Unreal_stealth/Unreal_stealth_proj/Stealth_game/Content/Enemies/AI/Tasks/BTTask_set_movement_speed.uasset" 7344
"../../../../../../Repos/Unreal_stealth/Unreal_stealth_proj/Stealth_game/Content/Enemies/AI/Tasks/BTTask_Set_State_as_patrol.uasset" 7345
"../../../../../../Repos/Unreal_stealth/Unreal_stealth_proj/Stealth_game/Content/Enemies/AI/Tasks/BTTask_Wield_Hammer.uasset" 7346
"../../../../../../Repos/Unreal_stealth/Unreal_stealth_proj/Stealth_game/Content/Assets/Characters/Mannequins/Rigs/CR_Mannequin_Procedural.uasset" 7347
"../../../../../../Repos/Unreal_stealth/Unreal_stealth_proj/Stealth_game/Content/Assets/Characters/Mannequins/Rigs/Poses/Manny/Manny_calf_l_pose.uasset" 7348
"../../../../../../Repos/Unreal_stealth/Unreal_stealth_proj/Stealth_game/Content/Assets/Characters/Mannequins/Rigs/Poses/Manny/Manny_calf_r_pose.uasset" 7349
"../../../../../../Repos/Unreal_stealth/Unreal_stealth_proj/Stealth_game/Content/Assets/Characters/Mannequins/Rigs/Poses/Manny/Manny_clavicle_l_pose.uasset" 7350
"../../../../../../Repos/Unreal_stealth/Unreal_stealth_proj/Stealth_game/Content/Assets/Characters/Mannequins/Rigs/Poses/Manny/Manny_clavicle_r_pose.uasset" 7351
"../../../../../../Repos/Unreal_stealth/Unreal_stealth_proj/Stealth_game/Content/Assets/Characters/Mannequins/Rigs/Poses/Manny/Manny_foot_l_pose.uasset" 7352
"../../../../../../Repos/Unreal_stealth/Unreal_stealth_proj/Stealth_game/Content/Assets/Characters/Mannequins/Rigs/Poses/Manny/Manny_foot_r_pose.uasset" 7353
"../../../../../../Repos/Unreal_stealth/Unreal_stealth_proj/Stealth_game/Content/Assets/Characters/Mannequins/Rigs/Poses/Manny/Manny_hand_l_pose.uasset" 7354
"../../../../../../Repos/Unreal_stealth/Unreal_stealth_proj/Stealth_game/Content/Assets/Characters/Mannequins/Rigs/Poses/Manny/Manny_hand_r_pose.uasset" 7355
"../../../../../../Repos/Unreal_stealth/Unreal_stealth_proj/Stealth_game/Content/Assets/Characters/Mannequins/Rigs/Poses/Manny/Manny_lowerarm_l_pose.uasset" 7356
"../../../../../../Repos/Unreal_stealth/Unreal_stealth_proj/Stealth_game/Content/Assets/Characters/Mannequins/Rigs/Poses/Manny/Manny_lowerarm_r_pose.uasset" 7357
"../../../../../../Repos/Unreal_stealth/Unreal_stealth_proj/Stealth_game/Content/Assets/Characters/Mannequins/Rigs/Poses/Manny/Manny_thigh_l_pose.uasset" 7358
"../../../../../../Repos/Unreal_stealth/Unreal_stealth_proj/Stealth_game/Content/Assets/Characters/Mannequins/Rigs/Poses/Manny/Manny_thigh_r_pose.uasset" 7359
"../../../../../../Repos/Unreal_stealth/Unreal_stealth_proj/Stealth_game/Content/Assets/Characters/Mannequins/Rigs/Poses/Manny/Manny_upperarm_l_pose.uasset" 7360
"../../../../../../Repos/Unreal_stealth/Unreal_stealth_proj/Stealth_game/Content/Assets/Characters/Mannequins/Rigs/Poses/Manny/Manny_upperarm_r_pose.uasset" 7361
"../../../../../../Repos/Unreal_stealth/Unreal_stealth_proj/Stealth_game/Content/Assets/Characters/Mannequins/Materials/M_Mannequin.uasset" 7362
"../../../../../../Repos/Unreal_stealth/Unreal_stealth_proj/Stealth_game/Content/Assets/Characters/Mannequins/Textures/Manny/T_Manny_01_ASAOPMASK_MSK.uasset" 7363
"../../../../../../Repos/Unreal_stealth/Unreal_stealth_proj/Stealth_game/Content/Assets/Characters/Mannequins/Textures/Manny/T_Manny_01_BN.uasset" 7364
"../../../../../../Repos/Unreal_stealth/Unreal_stealth_proj/Stealth_game/Content/Assets/Characters/Mannequins/Textures/Manny/T_Manny_01_CCRCCPlastic_MSK.uasset" 7365
"../../../../../../Repos/Unreal_stealth/Unreal_stealth_proj/Stealth_game/Content/Assets/Characters/Mannequins/Textures/Manny/T_Manny_01_D.uasset" 7366
"../../../../../../Repos/Unreal_stealth/Unreal_stealth_proj/Stealth_game/Content/Assets/Characters/Mannequins/Textures/Manny/T_Manny_01_MSR_MSK.uasset" 7367
"../../../../../../Repos/Unreal_stealth/Unreal_stealth_proj/Stealth_game/Content/Assets/Characters/Mannequins/Textures/Manny/T_Manny_01_N.uasset" 7368
"../../../../../../Repos/Unreal_stealth/Unreal_stealth_proj/Stealth_game/Content/Assets/Characters/Mannequins/Textures/Manny/T_Manny_01_Tan.uasset" 7369
"../../../../../../Repos/Unreal_stealth/Unreal_stealth_proj/Stealth_game/Content/Assets/Characters/Mannequins/Textures/Manny/T_Manny_02_ASAOPMASK_MSK.uasset" 7370
"../../../../../../Repos/Unreal_stealth/Unreal_stealth_proj/Stealth_game/Content/Assets/Characters/Mannequins/Textures/Manny/T_Manny_02_BN.uasset" 7371
"../../../../../../Repos/Unreal_stealth/Unreal_stealth_proj/Stealth_game/Content/Assets/Characters/Mannequins/Textures/Manny/T_Manny_02_CCRCCPlastic_MSK.uasset" 7372
"../../../../../../Repos/Unreal_stealth/Unreal_stealth_proj/Stealth_game/Content/Assets/Characters/Mannequins/Textures/Manny/T_Manny_02_D.uasset" 7373
"../../../../../../Repos/Unreal_stealth/Unreal_stealth_proj/Stealth_game/Content/Assets/Characters/Mannequins/Textures/Manny/T_Manny_02_MSR_MSK.uasset" 7374
"../../../../../../Repos/Unreal_stealth/Unreal_stealth_proj/Stealth_game/Content/Assets/Characters/Mannequins/Textures/Manny/T_Manny_02_N.uasset" 7375
"../../../../../../Repos/Unreal_stealth/Unreal_stealth_proj/Stealth_game/Content/Assets/Characters/Mannequins/Textures/Manny/T_Manny_02_Tan.uasset" 7376
"../../../../../../Repos/Unreal_stealth/Unreal_stealth_proj/Stealth_game/Content/Assets/Weapons/Round_home_hammer/round_home_hammer_texture_0.uasset" 7377
"../../../../../../Repos/Unreal_stealth/Unreal_stealth_proj/Stealth_game/Content/Assets/Animations/Melee_Weapon_Light_Attack_Montage.uasset" 7378
"../../Plugins/Animation/ControlRig/Content/Controls/DefaultGizmoLibrary.uasset" 7379
"../../../../../../Repos/Unreal_stealth/Unreal_stealth_proj/Stealth_game/Content/Assets/Characters/Mannequins/Rigs/Poses/Manny/Manny_calf_l_anim.uasset" 7380
"../../../../../../Repos/Unreal_stealth/Unreal_stealth_proj/Stealth_game/Content/Assets/Characters/Mannequins/Rigs/Poses/Manny/Manny_calf_r_anim.uasset" 7381
"../../../../../../Repos/Unreal_stealth/Unreal_stealth_proj/Stealth_game/Content/Assets/Characters/Mannequins/Rigs/Poses/Manny/Manny_clavicle_l_anim.uasset" 7382
"../../../../../../Repos/Unreal_stealth/Unreal_stealth_proj/Stealth_game/Content/Assets/Characters/Mannequins/Rigs/Poses/Manny/Manny_clavicle_r_anim.uasset" 7383
"../../../../../../Repos/Unreal_stealth/Unreal_stealth_proj/Stealth_game/Content/Assets/Characters/Mannequins/Rigs/Poses/Manny/Manny_foot_l_anim.uasset" 7384
"../../../../../../Repos/Unreal_stealth/Unreal_stealth_proj/Stealth_game/Content/Assets/Characters/Mannequins/Rigs/Poses/Manny/Manny_foot_r_anim.uasset" 7385
"../../../../../../Repos/Unreal_stealth/Unreal_stealth_proj/Stealth_game/Content/Assets/Characters/Mannequins/Rigs/Poses/Manny/Manny_hand_l_anim.uasset" 7386
"../../../../../../Repos/Unreal_stealth/Unreal_stealth_proj/Stealth_game/Content/Assets/Characters/Mannequins/Rigs/Poses/Manny/Manny_hand_r_anim.uasset" 7387
"../../../../../../Repos/Unreal_stealth/Unreal_stealth_proj/Stealth_game/Content/Assets/Characters/Mannequins/Rigs/Poses/Manny/Manny_lowerarm_l_anim.uasset" 7388
"../../../../../../Repos/Unreal_stealth/Unreal_stealth_proj/Stealth_game/Content/Assets/Characters/Mannequins/Rigs/Poses/Manny/Manny_lowerarm_r_anim.uasset" 7389
"../../../../../../Repos/Unreal_stealth/Unreal_stealth_proj/Stealth_game/Content/Assets/Characters/Mannequins/Rigs/Poses/Manny/Manny_thigh_l_anim.uasset" 7390
"../../../../../../Repos/Unreal_stealth/Unreal_stealth_proj/Stealth_game/Content/Assets/Characters/Mannequins/Rigs/Poses/Manny/Manny_thigh_r_anim.uasset" 7391
"../../../../../../Repos/Unreal_stealth/Unreal_stealth_proj/Stealth_game/Content/Assets/Characters/Mannequins/Rigs/Poses/Manny/Manny_upperarm_l_anim.uasset" 7392
"../../../../../../Repos/Unreal_stealth/Unreal_stealth_proj/Stealth_game/Content/Assets/Characters/Mannequins/Rigs/Poses/Manny/Manny_upperarm_r_anim.uasset" 7393
"../../../../../../Repos/Unreal_stealth/Unreal_stealth_proj/Stealth_game/Content/Assets/Characters/Mannequins/Materials/Functions/CA_Mannequin.uasset" 7394
"../../../../../../Repos/Unreal_stealth/Unreal_stealth_proj/Stealth_game/Content/Assets/Characters/Mannequins/Materials/Functions/MF_Diffraction.uasset" 7395
"../../../../../../Repos/Unreal_stealth/Unreal_stealth_proj/Stealth_game/Content/Assets/Characters/Mannequins/Materials/Functions/MF_logo3layers.uasset" 7396
"../../../../../../Repos/Unreal_stealth/Unreal_stealth_proj/Stealth_game/Content/Assets/Characters/Mannequins/Materials/Functions/ML_BaseColorFallOff.uasset" 7397
"../../../../../../Repos/Unreal_stealth/Unreal_stealth_proj/Stealth_game/Content/Assets/Characters/Mannequins/Textures/Shared/T_UE_Logo_M.uasset" 7398
"../../../../../../Repos/Unreal_stealth/Unreal_stealth_proj/Stealth_game/Content/Assets/Animations/Sword_Animation/Animations/anim_attack_light_01.uasset" 7399
"../../../../../../Repos/Unreal_stealth/Unreal_stealth_proj/Stealth_game/Content/Assets/Animations/Sword_Animation/Demo/Characters/Mannequins/Meshes/SK_Mannequin.uasset" 7400
"../../../../../../Repos/Unreal_stealth/Unreal_stealth_proj/Stealth_game/Content/Assets/Characters/Mannequins/Materials/Functions/ChromaticCurve.uasset" 7401
"/Game/__ExternalActors__/Maps/Levels/Level_1/1/SI/P2NYA83ARZBXEXUSYCW5PR" 7402
"../../../../../../Repos/Unreal_stealth/Unreal_stealth_proj/Stealth_game/Content/__ExternalActors__/Maps/Levels/Level_1/1/SI/P2NYA83ARZBXEXUSYCW5PR.uasset" 7403
"/Game/__ExternalActors__/Maps/Levels/Level_1/2/2T/YKBMJBM10NCW40Q48N5B2E" 7404
"../../../../../../Repos/Unreal_stealth/Unreal_stealth_proj/Stealth_game/Content/__ExternalActors__/Maps/Levels/Level_1/2/2T/YKBMJBM10NCW40Q48N5B2E.uasset" 7405
"/Game/__ExternalActors__/Maps/Levels/Level_1/2/XA/I42F8KFMF3GAPOE3MSNMTV" 7406
"../../../../../../Repos/Unreal_stealth/Unreal_stealth_proj/Stealth_game/Content/__ExternalActors__/Maps/Levels/Level_1/2/XA/I42F8KFMF3GAPOE3MSNMTV.uasset" 7407
"/Game/__ExternalActors__/Maps/Levels/Level_1/3/9K/OMP0IRRYUATH2KEEL3S2SX" 7408
"../../../../../../Repos/Unreal_stealth/Unreal_stealth_proj/Stealth_game/Content/__ExternalActors__/Maps/Levels/Level_1/3/9K/OMP0IRRYUATH2KEEL3S2SX.uasset" 7409
"/Game/__ExternalActors__/Maps/Levels/Level_1/3/E0/EQI4JSDRE9LG6W6S9LEX48" 7410
"../../../../../../Repos/Unreal_stealth/Unreal_stealth_proj/Stealth_game/Content/__ExternalActors__/Maps/Levels/Level_1/3/E0/EQI4JSDRE9LG6W6S9LEX48.uasset" 7411
"/Game/__ExternalActors__/Maps/Levels/Level_1/3/N0/Q9UC75GWFD0OMNUYGQPAAE" 7412
"../../../../../../Repos/Unreal_stealth/Unreal_stealth_proj/Stealth_game/Content/__ExternalActors__/Maps/Levels/Level_1/3/N0/Q9UC75GWFD0OMNUYGQPAAE.uasset" 7413
"/Game/__ExternalActors__/Maps/Levels/Level_1/4/43/VM6KGQC9PHKDD183B1MS38" 7414
"../../../../../../Repos/Unreal_stealth/Unreal_stealth_proj/Stealth_game/Content/__ExternalActors__/Maps/Levels/Level_1/4/43/VM6KGQC9PHKDD183B1MS38.uasset" 7415
"/Game/__ExternalActors__/Maps/Levels/Level_1/4/F8/VB3ENXSFJYEJ40DNIB2KN6" 7416
"../../../../../../Repos/Unreal_stealth/Unreal_stealth_proj/Stealth_game/Content/__ExternalActors__/Maps/Levels/Level_1/4/F8/VB3ENXSFJYEJ40DNIB2KN6.uasset" 7417
"/Game/__ExternalActors__/Maps/Levels/Level_1/4/JQ/N1XY79NA5EUOMIZW30ZANW" 7418
"../../../../../../Repos/Unreal_stealth/Unreal_stealth_proj/Stealth_game/Content/__ExternalActors__/Maps/Levels/Level_1/4/JQ/N1XY79NA5EUOMIZW30ZANW.uasset" 7419
"/Game/__ExternalActors__/Maps/Levels/Level_1/4/TZ/ZUHVI0NUTPY3JFTS86JW2W" 7420
"../../../../../../Repos/Unreal_stealth/Unreal_stealth_proj/Stealth_game/Content/__ExternalActors__/Maps/Levels/Level_1/4/TZ/ZUHVI0NUTPY3JFTS86JW2W.uasset" 7421
"/Game/__ExternalActors__/Maps/Levels/Level_1/4/XP/A6DXHE4IVA58XBHGT8HMJA" 7422
"../../../../../../Repos/Unreal_stealth/Unreal_stealth_proj/Stealth_game/Content/__ExternalActors__/Maps/Levels/Level_1/4/XP/A6DXHE4IVA58XBHGT8HMJA.uasset" 7423
"/Game/__ExternalActors__/Maps/Levels/Level_1/5/0A/R85HQDAJEA34XG73X8YD3S" 7424
"../../../../../../Repos/Unreal_stealth/Unreal_stealth_proj/Stealth_game/Content/__ExternalActors__/Maps/Levels/Level_1/5/0A/R85HQDAJEA34XG73X8YD3S.uasset" 7425
"/Game/__ExternalActors__/Maps/Levels/Level_1/5/GK/LYZGC8JROWU4JA8UV2PEFF" 7426
"../../../../../../Repos/Unreal_stealth/Unreal_stealth_proj/Stealth_game/Content/__ExternalActors__/Maps/Levels/Level_1/5/GK/LYZGC8JROWU4JA8UV2PEFF.uasset" 7427
"/Game/__ExternalActors__/Maps/Levels/Level_1/5/U2/PEH2B81YJNYKWKCCVKU0PC" 7428
"../../../../../../Repos/Unreal_stealth/Unreal_stealth_proj/Stealth_game/Content/__ExternalActors__/Maps/Levels/Level_1/5/U2/PEH2B81YJNYKWKCCVKU0PC.uasset" 7429
"/Game/__ExternalActors__/Maps/Levels/Level_1/6/R5/337OPE6OD9UDTP1O5RV712" 7430
"../../../../../../Repos/Unreal_stealth/Unreal_stealth_proj/Stealth_game/Content/__ExternalActors__/Maps/Levels/Level_1/6/R5/337OPE6OD9UDTP1O5RV712.uasset" 7431
"/Game/__ExternalActors__/Maps/Levels/Level_1/6/TH/XW0A3OPUHACIYWZC1D7FW5" 7432
"../../../../../../Repos/Unreal_stealth/Unreal_stealth_proj/Stealth_game/Content/__ExternalActors__/Maps/Levels/Level_1/6/TH/XW0A3OPUHACIYWZC1D7FW5.uasset" 7433
"/Game/__ExternalActors__/Maps/Levels/Level_1/6/YX/5E69D4TSCFOZBMRE3KJ7CQ" 7434
"../../../../../../Repos/Unreal_stealth/Unreal_stealth_proj/Stealth_game/Content/__ExternalActors__/Maps/Levels/Level_1/6/YX/5E69D4TSCFOZBMRE3KJ7CQ.uasset" 7435
"/Game/__ExternalActors__/Maps/Levels/Level_1/7/1H/4K53VTS9KIPOCUYGFXT50L" 7436
"../../../../../../Repos/Unreal_stealth/Unreal_stealth_proj/Stealth_game/Content/__ExternalActors__/Maps/Levels/Level_1/7/1H/4K53VTS9KIPOCUYGFXT50L.uasset" 7437
"/Game/__ExternalActors__/Maps/Levels/Level_1/7/Q0/B6P21NWMTBLD4Y71MVNXZY" 7438
"../../../../../../Repos/Unreal_stealth/Unreal_stealth_proj/Stealth_game/Content/__ExternalActors__/Maps/Levels/Level_1/7/Q0/B6P21NWMTBLD4Y71MVNXZY.uasset" 7439
"/Game/__ExternalActors__/Maps/Levels/Level_1/8/78/QKTLCBQUCQYK9OJUYKJZ62" 7440
"../../../../../../Repos/Unreal_stealth/Unreal_stealth_proj/Stealth_game/Content/__ExternalActors__/Maps/Levels/Level_1/8/78/QKTLCBQUCQYK9OJUYKJZ62.uasset" 7441
"/Game/__ExternalActors__/Maps/Levels/Level_1/8/D1/WXVCVJOD0Y7JQU71TE316P" 7442
"../../../../../../Repos/Unreal_stealth/Unreal_stealth_proj/Stealth_game/Content/__ExternalActors__/Maps/Levels/Level_1/8/D1/WXVCVJOD0Y7JQU71TE316P.uasset" 7443
"/Game/__ExternalActors__/Maps/Levels/Level_1/8/EY/DYTMHD2BT78M09ECXQ1WFQ" 7444
"../../../../../../Repos/Unreal_stealth/Unreal_stealth_proj/Stealth_game/Content/__ExternalActors__/Maps/Levels/Level_1/8/EY/DYTMHD2BT78M09ECXQ1WFQ.uasset" 7445
"/Game/__ExternalActors__/Maps/Levels/Level_1/9/5Q/MCRTI4PYH8AUD76SICRM7Z" 7446
"../../../../../../Repos/Unreal_stealth/Unreal_stealth_proj/Stealth_game/Content/__ExternalActors__/Maps/Levels/Level_1/9/5Q/MCRTI4PYH8AUD76SICRM7Z.uasset" 7447
"/Game/__ExternalActors__/Maps/Levels/Level_1/9/BH/1E7K1WQLXYAXVTK1PCA8CD" 7448
"../../../../../../Repos/Unreal_stealth/Unreal_stealth_proj/Stealth_game/Content/__ExternalActors__/Maps/Levels/Level_1/9/BH/1E7K1WQLXYAXVTK1PCA8CD.uasset" 7449
"/Game/__ExternalActors__/Maps/Levels/Level_1/9/D7/KEL1E4YB99ZORINC28GCGU" 7450
"../../../../../../Repos/Unreal_stealth/Unreal_stealth_proj/Stealth_game/Content/__ExternalActors__/Maps/Levels/Level_1/9/D7/KEL1E4YB99ZORINC28GCGU.uasset" 7451
"/Game/__ExternalActors__/Maps/Levels/Level_1/9/K1/VDPP9EBRZRVC0I2O8MK287" 7452
"../../../../../../Repos/Unreal_stealth/Unreal_stealth_proj/Stealth_game/Content/__ExternalActors__/Maps/Levels/Level_1/9/K1/VDPP9EBRZRVC0I2O8MK287.uasset" 7453
"/Game/__ExternalActors__/Maps/Levels/Level_1/9/L5/WM3GADEUIRE0RGG1XQ9WP1" 7454
"../../../../../../Repos/Unreal_stealth/Unreal_stealth_proj/Stealth_game/Content/__ExternalActors__/Maps/Levels/Level_1/9/L5/WM3GADEUIRE0RGG1XQ9WP1.uasset" 7455
"/Game/__ExternalActors__/Maps/Levels/Level_1/9/M1/QP33Q10VLGJN8RGD244BO8" 7456
"../../../../../../Repos/Unreal_stealth/Unreal_stealth_proj/Stealth_game/Content/__ExternalActors__/Maps/Levels/Level_1/9/M1/QP33Q10VLGJN8RGD244BO8.uasset" 7457
"/Game/__ExternalActors__/Maps/Levels/Level_1/9/PO/65W209OKPRNCBQ5Z30BMAI" 7458
"../../../../../../Repos/Unreal_stealth/Unreal_stealth_proj/Stealth_game/Content/__ExternalActors__/Maps/Levels/Level_1/9/PO/65W209OKPRNCBQ5Z30BMAI.uasset" 7459
"/Game/__ExternalActors__/Maps/Levels/Level_1/A/4L/Q5Y8F6O3YMSW01FXR01YF4" 7460
"../../../../../../Repos/Unreal_stealth/Unreal_stealth_proj/Stealth_game/Content/__ExternalActors__/Maps/Levels/Level_1/A/4L/Q5Y8F6O3YMSW01FXR01YF4.uasset" 7461
"/Game/__ExternalActors__/Maps/Levels/Level_1/A/X1/J7UB8PEMNFKX9KTG58AX9A" 7462
"../../../../../../Repos/Unreal_stealth/Unreal_stealth_proj/Stealth_game/Content/__ExternalActors__/Maps/Levels/Level_1/A/X1/J7UB8PEMNFKX9KTG58AX9A.uasset" 7463
"/Game/__ExternalActors__/Maps/Levels/Level_1/B/XZ/EDHOU9A9N9QHKFBPSHF8ZY" 7464
"../../../../../../Repos/Unreal_stealth/Unreal_stealth_proj/Stealth_game/Content/__ExternalActors__/Maps/Levels/Level_1/B/XZ/EDHOU9A9N9QHKFBPSHF8ZY.uasset" 7465
"/Game/__ExternalActors__/Maps/Levels/Level_1/C/10/MLI3FQ1LB0AGRN41SSKUSM" 7466
"../../../../../../Repos/Unreal_stealth/Unreal_stealth_proj/Stealth_game/Content/__ExternalActors__/Maps/Levels/Level_1/C/10/MLI3FQ1LB0AGRN41SSKUSM.uasset" 7467
"/Game/__ExternalActors__/Maps/Levels/Level_1/C/AW/MBL5JCB1M0U1CIZUTO60KL" 7468
"../../../../../../Repos/Unreal_stealth/Unreal_stealth_proj/Stealth_game/Content/__ExternalActors__/Maps/Levels/Level_1/C/AW/MBL5JCB1M0U1CIZUTO60KL.uasset" 7469
"/Game/__ExternalActors__/Maps/Levels/Level_1/C/EW/LUX0I1OPF6X1M2HA825U6L" 7470
"../../../../../../Repos/Unreal_stealth/Unreal_stealth_proj/Stealth_game/Content/__ExternalActors__/Maps/Levels/Level_1/C/EW/LUX0I1OPF6X1M2HA825U6L.uasset" 7471
"/Game/__ExternalActors__/Maps/Levels/Level_1/C/Q7/ZK17NVHFSSYG7WNY3K3TG3" 7472
"../../../../../../Repos/Unreal_stealth/Unreal_stealth_proj/Stealth_game/Content/__ExternalActors__/Maps/Levels/Level_1/C/Q7/ZK17NVHFSSYG7WNY3K3TG3.uasset" 7473
"/Game/__ExternalActors__/Maps/Levels/Level_1/D/AK/H01KS1SYDP5J0B3Z72DZLG" 7474
"../../../../../../Repos/Unreal_stealth/Unreal_stealth_proj/Stealth_game/Content/__ExternalActors__/Maps/Levels/Level_1/D/AK/H01KS1SYDP5J0B3Z72DZLG.uasset" 7475
"/Game/__ExternalActors__/Maps/Levels/Level_1/D/L9/LIB3PHNBU1CSVLMAIYMJ5S" 7476
"../../../../../../Repos/Unreal_stealth/Unreal_stealth_proj/Stealth_game/Content/__ExternalActors__/Maps/Levels/Level_1/D/L9/LIB3PHNBU1CSVLMAIYMJ5S.uasset" 7477
"/Game/__ExternalActors__/Maps/Levels/Level_1/E/0D/IS00SZQVR10HRSJXY75DA3" 7478
"../../../../../../Repos/Unreal_stealth/Unreal_stealth_proj/Stealth_game/Content/__ExternalActors__/Maps/Levels/Level_1/E/0D/IS00SZQVR10HRSJXY75DA3.uasset" 7479
"/Game/__ExternalActors__/Maps/Levels/Level_1/E/HR/FE7J43J6RJ9OYZOZ4TXTCD" 7480
"../../../../../../Repos/Unreal_stealth/Unreal_stealth_proj/Stealth_game/Content/__ExternalActors__/Maps/Levels/Level_1/E/HR/FE7J43J6RJ9OYZOZ4TXTCD.uasset" 7481
"/Game/__ExternalActors__/Maps/Levels/Level_1/E/KH/7NU2VF09RCE84YT4OBW4J1" 7482
"../../../../../../Repos/Unreal_stealth/Unreal_stealth_proj/Stealth_game/Content/__ExternalActors__/Maps/Levels/Level_1/E/KH/7NU2VF09RCE84YT4OBW4J1.uasset" 7483
"/Game/__ExternalActors__/Maps/Levels/Level_1/E/VH/NIUM8R6WKRL8ZWMJIKN3K9" 7484
"../../../../../../Repos/Unreal_stealth/Unreal_stealth_proj/Stealth_game/Content/__ExternalActors__/Maps/Levels/Level_1/E/VH/NIUM8R6WKRL8ZWMJIKN3K9.uasset" 7485
"/Game/__ExternalObjects__/Maps/Levels/Level_1/D/4G/RQMZONW0B3XT6JV9TTGWM0" 7486
"/Game/__ExternalObjects__/Maps/Levels/Level_1/A/GM/6S5C5C21US6RSBEG7RZX4K" 7487
"/Game/__ExternalObjects__/Maps/Levels/Level_1/C/EH/X1B2T51GK5TKTCG8FHEMCR" 7488
"/Game/__ExternalObjects__/Maps/Levels/Level_1/9/01/HC9IOAVNFE8VBZE1JLMQBG" 7489
"/Game/__ExternalObjects__/Maps/Levels/Level_1/1/P5/70TV1P8HCZCCHPB3HUKYHX" 7490
"/Game/__ExternalObjects__/Maps/Levels/Level_1/3/GH/XUKAZLFH1HZFO5VTHUBIQJ" 7491
"/Game/__ExternalObjects__/Maps/Levels/Level_1/B/RX/H57DYLNNLMCQGT32PW3KFD" 7492
"/Game/__ExternalObjects__/Maps/Levels/Level_1/B/JE/U1JGBN23QJINQ1Q43M9DTO" 7493
"C:/Repos/Unreal_stealth/Unreal_stealth_proj/Stealth_game/Content/__ExternalObjects__/Maps/Levels/Level_2/8/79/4F8L9NQEDI8BDK980C3WBB.uasset" 7494
"C:/Repos/Unreal_stealth/Unreal_stealth_proj/Stealth_game/Content/__ExternalObjects__/Maps/Levels/Level_2/5/SO/G9Y320XPZ257RCZO03NIF2.uasset" 7495
"C:/Repos/Unreal_stealth/Unreal_stealth_proj/Stealth_game/Content/__ExternalObjects__/Maps/Levels/Level_2/0/2U/IC6QVF3C8QY4U7BU33Q202.uasset" 7496
"C:/Repos/Unreal_stealth/Unreal_stealth_proj/Stealth_game/Content/__ExternalObjects__/Maps/Levels/Level_2/7/ON/OB10C7D0S3WUNTL2L8BWXK.uasset" 7497
"C:/Repos/Unreal_stealth/Unreal_stealth_proj/Stealth_game/Content/__ExternalObjects__/Maps/Levels/Level_2/F/0E/33RI9QXXYGFMXGM41QX3IL.uasset" 7498
"C:/Repos/Unreal_stealth/Unreal_stealth_proj/Stealth_game/Content/__ExternalObjects__/Maps/Levels/Level_2/A/BJ/WTV9CSVOIKE3RZW37BF0C6.uasset" 7499
"C:/Repos/Unreal_stealth/Unreal_stealth_proj/Stealth_game/Content/__ExternalObjects__/Maps/Levels/Level_2/0/FY/9OTB1J0DTWDAGQWPW1MODH.uasset" 7500
"C:/Repos/Unreal_stealth/Unreal_stealth_proj/Stealth_game/Content/__ExternalObjects__/Maps/Levels/Level_2/D/TP/9NURPNO2KVTNJTSV1M6D5T.uasset" 7501
"C:/Repos/Unreal_stealth/Unreal_stealth_proj/Stealth_game/Content/__ExternalObjects__/Maps/Levels/Level_2/1/42/8AQRF7C7KPNIT0X9AJD19J.uasset" 7502
"C:/Repos/Unreal_stealth/Unreal_stealth_proj/Stealth_game/Content/__ExternalObjects__/Maps/Levels/Level_2/B/80/JN298SZPA4ZHC5X328XIOG.uasset" 7503
"C:/Repos/Unreal_stealth/Unreal_stealth_proj/Stealth_game/Content/__ExternalObjects__/Maps/Levels/Level_2/6/W2/JQJ4XIQ82QQ8GSIESUT8QU.uasset" 7504
"C:/Repos/Unreal_stealth/Unreal_stealth_proj/Stealth_game/Content/__ExternalObjects__/Maps/Levels/Level_2/6/R4/OAXM34MTRHA7DCHNJW6JNY.uasset" 7505
"C:/Repos/Unreal_stealth/Unreal_stealth_proj/Stealth_game/Content/__ExternalObjects__/Maps/Levels/Level_2/3/7I/7FJ2Q3TGO0SQ6KU0C6OZT2.uasset" 7506
"C:/Repos/Unreal_stealth/Unreal_stealth_proj/Stealth_game/Content/Maps/Levels/Level_2.umap" 7507
"C:/Repos/Unreal_stealth/Unreal_stealth_proj/Stealth_game/Content/__ExternalObjects__/Maps/Levels/Level_2/7/X7/CV9AHGSM2YGOJ6M77F07IV.uasset" 7508
"C:/Repos/Unreal_stealth/Unreal_stealth_proj/Stealth_game/Content/__ExternalObjects__/Maps/Levels/Level_2/D/W0/4DGS3N8CD2YWOO90NE90FX.uasset" 7509
"/Game/__ExternalObjects__/Maps/Levels/Level_2/1/42/8AQRF7C7KPNIT0X9AJD19J" 7510
"../../../../../../Repos/Unreal_stealth/Unreal_stealth_proj/Stealth_game/Content/__ExternalActors__/Maps/Levels/Level_2/1/NI/DATQ0CH1P2IBWLBDJEVOAK.uasset" 7511
"/Game/__ExternalObjects__/Maps/Levels/Level_2/B/80/JN298SZPA4ZHC5X328XIOG" 7512
"/Game/__ExternalObjects__/Maps/Levels/Level_2/D/TP/9NURPNO2KVTNJTSV1M6D5T" 7513
"/Game/__ExternalObjects__/Maps/Levels/Level_2/0/FY/9OTB1J0DTWDAGQWPW1MODH" 7514
"/Game/__ExternalObjects__/Maps/Levels/Level_2/A/BJ/WTV9CSVOIKE3RZW37BF0C6" 7515
"/Game/__ExternalObjects__/Maps/Levels/Level_2/F/0E/33RI9QXXYGFMXGM41QX3IL" 7516
"/Game/__ExternalObjects__/Maps/Levels/Level_2/0/2U/IC6QVF3C8QY4U7BU33Q202" 7517
"/Game/__ExternalObjects__/Maps/Levels/Level_2/D/W0/4DGS3N8CD2YWOO90NE90FX" 7518
"/Game/__ExternalObjects__/Maps/Levels/Level_2/7/ON/OB10C7D0S3WUNTL2L8BWXK" 7519
"/Game/__ExternalObjects__/Maps/Levels/Level_2/8/79/4F8L9NQEDI8BDK980C3WBB" 7520
"/Game/__ExternalObjects__/Maps/Levels/Level_2/5/SO/G9Y320XPZ257RCZO03NIF2" 7521
"/Game/__ExternalObjects__/Maps/Levels/Level_2/7/X7/CV9AHGSM2YGOJ6M77F07IV" 7522
"/Game/__ExternalObjects__/Maps/Levels/Level_2/3/7I/7FJ2Q3TGO0SQ6KU0C6OZT2" 7523
"/Game/__ExternalObjects__/Maps/Levels/Level_2/6/R4/OAXM34MTRHA7DCHNJW6JNY" 7524
"/Game/__ExternalObjects__/Maps/Levels/Level_2/6/W2/JQJ4XIQ82QQ8GSIESUT8QU" 7525
"/Game/__ExternalActors__/Maps/Levels/Level_2/0/1E/NMGI6G1FX0OCZO227P4FVS" 7526
"../../../../../../Repos/Unreal_stealth/Unreal_stealth_proj/Stealth_game/Content/__ExternalActors__/Maps/Levels/Level_2/0/1E/NMGI6G1FX0OCZO227P4FVS.uasset" 7527
"/Game/__ExternalActors__/Maps/Levels/Level_2/0/1O/MB6IAXOTMJON7QINI43WB5" 7528
"../../../../../../Repos/Unreal_stealth/Unreal_stealth_proj/Stealth_game/Content/__ExternalActors__/Maps/Levels/Level_2/0/1O/MB6IAXOTMJON7QINI43WB5.uasset" 7529
"/Game/__ExternalActors__/Maps/Levels/Level_2/0/B2/SIZX48C53C4A3KZP5MM4UT" 7530
"../../../../../../Repos/Unreal_stealth/Unreal_stealth_proj/Stealth_game/Content/__ExternalActors__/Maps/Levels/Level_2/0/B2/SIZX48C53C4A3KZP5MM4UT.uasset" 7531
"/Game/__ExternalActors__/Maps/Levels/Level_2/1/2E/PK9F0J96NNO5OLJTWMJ151" 7532
"../../../../../../Repos/Unreal_stealth/Unreal_stealth_proj/Stealth_game/Content/__ExternalActors__/Maps/Levels/Level_2/1/2E/PK9F0J96NNO5OLJTWMJ151.uasset" 7533
"/Game/__ExternalActors__/Maps/Levels/Level_2/1/H1/0MP2NSH56Z12WJRY92BL38" 7534
"../../../../../../Repos/Unreal_stealth/Unreal_stealth_proj/Stealth_game/Content/__ExternalActors__/Maps/Levels/Level_2/1/H1/0MP2NSH56Z12WJRY92BL38.uasset" 7535
"/Game/__ExternalActors__/Maps/Levels/Level_2/1/XI/9J27TS9RT36S496IHLFLVI" 7536
"../../../../../../Repos/Unreal_stealth/Unreal_stealth_proj/Stealth_game/Content/__ExternalActors__/Maps/Levels/Level_2/1/XI/9J27TS9RT36S496IHLFLVI.uasset" 7537
"/Game/__ExternalActors__/Maps/Levels/Level_2/2/QY/M81PK2KV6OIR7TQL98I6B1" 7538
"../../../../../../Repos/Unreal_stealth/Unreal_stealth_proj/Stealth_game/Content/__ExternalActors__/Maps/Levels/Level_2/2/QY/M81PK2KV6OIR7TQL98I6B1.uasset" 7539
"/Game/__ExternalActors__/Maps/Levels/Level_2/2/S3/OMKO4OY123MDUGX93CE6PW" 7540
"../../../../../../Repos/Unreal_stealth/Unreal_stealth_proj/Stealth_game/Content/__ExternalActors__/Maps/Levels/Level_2/2/S3/OMKO4OY123MDUGX93CE6PW.uasset" 7541
"/Game/__ExternalActors__/Maps/Levels/Level_2/2/TP/OB935IQH8IK7X1EV8XNIUE" 7542
"../../../../../../Repos/Unreal_stealth/Unreal_stealth_proj/Stealth_game/Content/__ExternalActors__/Maps/Levels/Level_2/2/TP/OB935IQH8IK7X1EV8XNIUE.uasset" 7543
"/Game/__ExternalActors__/Maps/Levels/Level_2/2/ZJ/UV0KBD0XBJ627FU47CGA2Y" 7544
"../../../../../../Repos/Unreal_stealth/Unreal_stealth_proj/Stealth_game/Content/__ExternalActors__/Maps/Levels/Level_2/2/ZJ/UV0KBD0XBJ627FU47CGA2Y.uasset" 7545
"/Game/__ExternalActors__/Maps/Levels/Level_2/3/1O/Z20NC7OAVSEG3EIZLYVLZP" 7546
"../../../../../../Repos/Unreal_stealth/Unreal_stealth_proj/Stealth_game/Content/__ExternalActors__/Maps/Levels/Level_2/3/1O/Z20NC7OAVSEG3EIZLYVLZP.uasset" 7547
"/Game/__ExternalActors__/Maps/Levels/Level_2/3/9Y/V5IV2YBDJ2XL5BPUA2B03H" 7548
"../../../../../../Repos/Unreal_stealth/Unreal_stealth_proj/Stealth_game/Content/__ExternalActors__/Maps/Levels/Level_2/3/9Y/V5IV2YBDJ2XL5BPUA2B03H.uasset" 7549
"/Game/__ExternalActors__/Maps/Levels/Level_2/3/QX/DXN6ZKZAHKYS3ZO7HRQBLF" 7550
"../../../../../../Repos/Unreal_stealth/Unreal_stealth_proj/Stealth_game/Content/__ExternalActors__/Maps/Levels/Level_2/3/QX/DXN6ZKZAHKYS3ZO7HRQBLF.uasset" 7551
"/Game/__ExternalActors__/Maps/Levels/Level_2/3/YF/RNL6UQMHLWEICPEXTCZ4V2" 7552
"../../../../../../Repos/Unreal_stealth/Unreal_stealth_proj/Stealth_game/Content/__ExternalActors__/Maps/Levels/Level_2/3/YF/RNL6UQMHLWEICPEXTCZ4V2.uasset" 7553
"/Game/__ExternalActors__/Maps/Levels/Level_2/4/7A/N5CI0VP67TH4BZGMYDTY6P" 7554
"../../../../../../Repos/Unreal_stealth/Unreal_stealth_proj/Stealth_game/Content/__ExternalActors__/Maps/Levels/Level_2/4/7A/N5CI0VP67TH4BZGMYDTY6P.uasset" 7555
"/Game/__ExternalActors__/Maps/Levels/Level_2/4/SK/5A0KYS78Y3JBVNUAVWFCBS" 7556
"../../../../../../Repos/Unreal_stealth/Unreal_stealth_proj/Stealth_game/Content/__ExternalActors__/Maps/Levels/Level_2/4/SK/5A0KYS78Y3JBVNUAVWFCBS.uasset" 7557
"/Game/__ExternalActors__/Maps/Levels/Level_2/4/YM/2M9JYV45VJKXAW2GZWTG7P" 7558
"../../../../../../Repos/Unreal_stealth/Unreal_stealth_proj/Stealth_game/Content/__ExternalActors__/Maps/Levels/Level_2/4/YM/2M9JYV45VJKXAW2GZWTG7P.uasset" 7559
"/Game/__ExternalActors__/Maps/Levels/Level_2/5/I3/31ACLTK8DHU7CGNZGLU362" 7560
"../../../../../../Repos/Unreal_stealth/Unreal_stealth_proj/Stealth_game/Content/__ExternalActors__/Maps/Levels/Level_2/5/I3/31ACLTK8DHU7CGNZGLU362.uasset" 7561
"/Game/__ExternalActors__/Maps/Levels/Level_2/5/NS/3JVQ8BKD4MIZJPY8URWQRR" 7562
"../../../../../../Repos/Unreal_stealth/Unreal_stealth_proj/Stealth_game/Content/__ExternalActors__/Maps/Levels/Level_2/5/NS/3JVQ8BKD4MIZJPY8URWQRR.uasset" 7563
"/Game/__ExternalActors__/Maps/Levels/Level_2/5/PL/M8RYAWT7XBGG3C4ONJXMKS" 7564
"../../../../../../Repos/Unreal_stealth/Unreal_stealth_proj/Stealth_game/Content/__ExternalActors__/Maps/Levels/Level_2/5/PL/M8RYAWT7XBGG3C4ONJXMKS.uasset" 7565
"/Game/__ExternalActors__/Maps/Levels/Level_2/6/5W/0VI8MJWE885F1IXKDKFN97" 7566
"../../../../../../Repos/Unreal_stealth/Unreal_stealth_proj/Stealth_game/Content/__ExternalActors__/Maps/Levels/Level_2/6/5W/0VI8MJWE885F1IXKDKFN97.uasset" 7567
"/Game/__ExternalActors__/Maps/Levels/Level_2/7/FD/MH1JQ9XY9XQM5WT9MSEAZY" 7568
"../../../../../../Repos/Unreal_stealth/Unreal_stealth_proj/Stealth_game/Content/__ExternalActors__/Maps/Levels/Level_2/7/FD/MH1JQ9XY9XQM5WT9MSEAZY.uasset" 7569
"/Game/__ExternalActors__/Maps/Levels/Level_2/7/NW/RUD2AGIDH8YSYNN5JEW72A" 7570
"../../../../../../Repos/Unreal_stealth/Unreal_stealth_proj/Stealth_game/Content/__ExternalActors__/Maps/Levels/Level_2/7/NW/RUD2AGIDH8YSYNN5JEW72A.uasset" 7571
"/Game/__ExternalActors__/Maps/Levels/Level_2/7/SX/GY77XTB4SNTI5H3RSANB8V" 7572
"../../../../../../Repos/Unreal_stealth/Unreal_stealth_proj/Stealth_game/Content/__ExternalActors__/Maps/Levels/Level_2/7/SX/GY77XTB4SNTI5H3RSANB8V.uasset" 7573
"/Game/__ExternalActors__/Maps/Levels/Level_2/8/07/L1MC9LOYZG244NSOXAWXIA" 7574
"../../../../../../Repos/Unreal_stealth/Unreal_stealth_proj/Stealth_game/Content/__ExternalActors__/Maps/Levels/Level_2/8/07/L1MC9LOYZG244NSOXAWXIA.uasset" 7575
"/Game/__ExternalActors__/Maps/Levels/Level_2/8/3H/FKSCCX27RFQ4UIKKLV5Y9S" 7576
"../../../../../../Repos/Unreal_stealth/Unreal_stealth_proj/Stealth_game/Content/__ExternalActors__/Maps/Levels/Level_2/8/3H/FKSCCX27RFQ4UIKKLV5Y9S.uasset" 7577
"/Game/__ExternalActors__/Maps/Levels/Level_2/8/J9/O0CIFBMDAQUOXBWDA25N6O" 7578
"../../../../../../Repos/Unreal_stealth/Unreal_stealth_proj/Stealth_game/Content/__ExternalActors__/Maps/Levels/Level_2/8/J9/O0CIFBMDAQUOXBWDA25N6O.uasset" 7579
"/Game/__ExternalActors__/Maps/Levels/Level_2/9/5J/H5V6YD5RJLLQKXJ921VP0F" 7580
"../../../../../../Repos/Unreal_stealth/Unreal_stealth_proj/Stealth_game/Content/__ExternalActors__/Maps/Levels/Level_2/9/5J/H5V6YD5RJLLQKXJ921VP0F.uasset" 7581
"/Game/__ExternalActors__/Maps/Levels/Level_2/9/G9/WW4D4T66ZNXEVH3Z9PW2YL" 7582
"../../../../../../Repos/Unreal_stealth/Unreal_stealth_proj/Stealth_game/Content/__ExternalActors__/Maps/Levels/Level_2/9/G9/WW4D4T66ZNXEVH3Z9PW2YL.uasset" 7583
"/Game/__ExternalActors__/Maps/Levels/Level_2/A/E6/WVQI1VYOKC3BGY1ZXCTYJ2" 7584
"../../../../../../Repos/Unreal_stealth/Unreal_stealth_proj/Stealth_game/Content/__ExternalActors__/Maps/Levels/Level_2/A/E6/WVQI1VYOKC3BGY1ZXCTYJ2.uasset" 7585
"/Game/__ExternalActors__/Maps/Levels/Level_2/A/Y0/9DFT9FB9NKRJ1QBWSY797M" 7586
"../../../../../../Repos/Unreal_stealth/Unreal_stealth_proj/Stealth_game/Content/__ExternalActors__/Maps/Levels/Level_2/A/Y0/9DFT9FB9NKRJ1QBWSY797M.uasset" 7587
"/Game/__ExternalActors__/Maps/Levels/Level_2/B/D2/T41L1H5Q8VVYF2H6UELHQM" 7588
"../../../../../../Repos/Unreal_stealth/Unreal_stealth_proj/Stealth_game/Content/__ExternalActors__/Maps/Levels/Level_2/B/D2/T41L1H5Q8VVYF2H6UELHQM.uasset" 7589
"/Game/__ExternalActors__/Maps/Levels/Level_2/B/HP/IKAIKUN6NOC8CJTNL91M9O" 7590
"../../../../../../Repos/Unreal_stealth/Unreal_stealth_proj/Stealth_game/Content/__ExternalActors__/Maps/Levels/Level_2/B/HP/IKAIKUN6NOC8CJTNL91M9O.uasset" 7591
"/Game/__ExternalActors__/Maps/Levels/Level_2/C/D8/NV4YD6PTKFRUGU7221CRPO" 7592
"../../../../../../Repos/Unreal_stealth/Unreal_stealth_proj/Stealth_game/Content/__ExternalActors__/Maps/Levels/Level_2/C/D8/NV4YD6PTKFRUGU7221CRPO.uasset" 7593
"/Game/__ExternalActors__/Maps/Levels/Level_2/D/42/NMWY44VO6EXERRUA1RJ4UO" 7594
"../../../../../../Repos/Unreal_stealth/Unreal_stealth_proj/Stealth_game/Content/__ExternalActors__/Maps/Levels/Level_2/D/42/NMWY44VO6EXERRUA1RJ4UO.uasset" 7595
"/Game/__ExternalActors__/Maps/Levels/Level_2/D/QW/EE4BN1AKDAWOX5M11PYKN7" 7596
"../../../../../../Repos/Unreal_stealth/Unreal_stealth_proj/Stealth_game/Content/__ExternalActors__/Maps/Levels/Level_2/D/QW/EE4BN1AKDAWOX5M11PYKN7.uasset" 7597
"/Game/__ExternalActors__/Maps/Levels/Level_2/D/YD/Z0ZZ267D8Y667DHFCLDULR" 7598
"../../../../../../Repos/Unreal_stealth/Unreal_stealth_proj/Stealth_game/Content/__ExternalActors__/Maps/Levels/Level_2/D/YD/Z0ZZ267D8Y667DHFCLDULR.uasset" 7599
"/Game/__ExternalActors__/Maps/Levels/Level_2/E/GG/B241POSZCB84D1SB9WS246" 7600
"../../../../../../Repos/Unreal_stealth/Unreal_stealth_proj/Stealth_game/Content/__ExternalActors__/Maps/Levels/Level_2/E/GG/B241POSZCB84D1SB9WS246.uasset" 7601
"/Game/__ExternalActors__/Maps/Levels/Level_2/E/SG/KMV8K5CBJ2MJ6U2A8HVQRL" 7602
"../../../../../../Repos/Unreal_stealth/Unreal_stealth_proj/Stealth_game/Content/__ExternalActors__/Maps/Levels/Level_2/E/SG/KMV8K5CBJ2MJ6U2A8HVQRL.uasset" 7603
"C:/Repos/Unreal_stealth/Unreal_stealth_proj/Stealth_game/Content/__ExternalObjects__/Maps/Sandbox/Sandbox_2/A/QZ/J61NXWPBLSGFHSF41AYVWD.uasset" 7604
"C:/Repos/Unreal_stealth/Unreal_stealth_proj/Stealth_game/Content/__ExternalObjects__/Maps/Sandbox/Sandbox_2/0/3H/AG2WFVZVVYB0H13RJKQZFM.uasset" 7605
"C:/Repos/Unreal_stealth/Unreal_stealth_proj/Stealth_game/Content/__ExternalObjects__/Maps/Sandbox/Sandbox_2/B/9N/VV764XB5LZ17QI65WW87P9.uasset" 7606
"C:/Repos/Unreal_stealth/Unreal_stealth_proj/Stealth_game/Content/__ExternalObjects__/Maps/Sandbox/Sandbox_2/2/NI/GG6O6E4OHDIFILFQITI1GT.uasset" 7607
"C:/Repos/Unreal_stealth/Unreal_stealth_proj/Stealth_game/Content/__ExternalObjects__/Maps/Sandbox/Sandbox_2/0/V9/1NP92VMOBHBGZO82ZR4XZT.uasset" 7608
"C:/Repos/Unreal_stealth/Unreal_stealth_proj/Stealth_game/Content/__ExternalObjects__/Maps/Sandbox/Sandbox_2/A/VY/PG7WDRCJWVCHIKVYDAKR0C.uasset" 7609
"C:/Repos/Unreal_stealth/Unreal_stealth_proj/Stealth_game/Content/__ExternalObjects__/Maps/Sandbox/Sandbox_2/4/WV/LAOSZN41CQH72BQH2INGNK.uasset" 7610
"C:/Repos/Unreal_stealth/Unreal_stealth_proj/Stealth_game/Content/__ExternalObjects__/Maps/Sandbox/Sandbox_2/D/57/0V8DJ6H0MEJCCXZNUBQI32.uasset" 7611
"C:/Repos/Unreal_stealth/Unreal_stealth_proj/Stealth_game/Content/__ExternalObjects__/Maps/Sandbox/Sandbox_2/C/LL/8WJ84Q366SIEBTK6LG19UI.uasset" 7612
"C:/Repos/Unreal_stealth/Unreal_stealth_proj/Stealth_game/Content/Maps/Sandbox/Sandbox_2.umap" 7613
"/Game/Maps/Sandbox/Sandbox_2" 7614
"../../../../../../Repos/Unreal_stealth/Unreal_stealth_proj/Stealth_game/Content/__ExternalActors__/Maps/Sandbox/Sandbox_2/7/A0/EGDARBNOO0BPPLG483HKNA.uasset" 7615
"/Game/__ExternalObjects__/Maps/Sandbox/Sandbox_2/B/9N/VV764XB5LZ17QI65WW87P9" 7616
"/Game/__ExternalActors__/Maps/Sandbox/Sandbox_2/0/FD/HAYR2FLEB5UK14ANSNAPWY" 7617
"../../../../../../Repos/Unreal_stealth/Unreal_stealth_proj/Stealth_game/Content/__ExternalActors__/Maps/Sandbox/Sandbox_2/0/FD/HAYR2FLEB5UK14ANSNAPWY.uasset" 7618
"/Game/__ExternalActors__/Maps/Sandbox/Sandbox_2/0/LS/6D68E9G7YBLU2CVIQU8VZK" 7619
"../../../../../../Repos/Unreal_stealth/Unreal_stealth_proj/Stealth_game/Content/__ExternalActors__/Maps/Sandbox/Sandbox_2/0/LS/6D68E9G7YBLU2CVIQU8VZK.uasset" 7620
"/Game/__ExternalActors__/Maps/Sandbox/Sandbox_2/0/VF/21SQTLY7ROKIJZSPBKXTF7" 7621
"../../../../../../Repos/Unreal_stealth/Unreal_stealth_proj/Stealth_game/Content/__ExternalActors__/Maps/Sandbox/Sandbox_2/0/VF/21SQTLY7ROKIJZSPBKXTF7.uasset" 7622
"/Game/__ExternalActors__/Maps/Sandbox/Sandbox_2/1/B9/GMV1A0Y6N96BG3Q14MXZTN" 7623
"../../../../../../Repos/Unreal_stealth/Unreal_stealth_proj/Stealth_game/Content/__ExternalActors__/Maps/Sandbox/Sandbox_2/1/B9/GMV1A0Y6N96BG3Q14MXZTN.uasset" 7624
"/Game/__ExternalActors__/Maps/Sandbox/Sandbox_2/1/BJ/WDB5Q7NE24HNRGWT960DGU" 7625
"../../../../../../Repos/Unreal_stealth/Unreal_stealth_proj/Stealth_game/Content/__ExternalActors__/Maps/Sandbox/Sandbox_2/1/BJ/WDB5Q7NE24HNRGWT960DGU.uasset" 7626
"/Game/__ExternalActors__/Maps/Sandbox/Sandbox_2/1/FP/QKKO8QIB9UJWERUFGMJJM8" 7627
"../../../../../../Repos/Unreal_stealth/Unreal_stealth_proj/Stealth_game/Content/__ExternalActors__/Maps/Sandbox/Sandbox_2/1/FP/QKKO8QIB9UJWERUFGMJJM8.uasset" 7628
"../../../../../../Repos/Unreal_stealth/Unreal_stealth_proj/Stealth_game/Content/__ExternalActors__/Maps/Sandbox/Sandbox_2/B/G2/QC75I62Z4B2NOK94FNXO9D.uasset" 7629
"/Game/__ExternalActors__/Maps/Sandbox/Sandbox_2/E/XH/95KWRM9S84EBHPGF4HTSMH" 7630
"../../../../../../Repos/Unreal_stealth/Unreal_stealth_proj/Stealth_game/Content/__ExternalActors__/Maps/Sandbox/Sandbox_2/E/XH/95KWRM9S84EBHPGF4HTSMH.uasset" 7631
"../../../../../../Repos/Unreal_stealth/Unreal_stealth_proj/Stealth_game/Content/Orgin_stuff/StarterContent/Props/SM_Lamp_Wall.uasset" 7632
"/Game/__ExternalActors__/Maps/Sandbox/Sandbox_2/2/XG/02X6X84GVH2F0QI844EMQW" 7633
"../../../../../../Repos/Unreal_stealth/Unreal_stealth_proj/Stealth_game/Content/__ExternalActors__/Maps/Sandbox/Sandbox_2/2/XG/02X6X84GVH2F0QI844EMQW.uasset" 7634
"/Game/__ExternalActors__/Maps/Sandbox/Sandbox_2/3/3O/OEM7R99GDDTGNJIOV7D5PV" 7635
"../../../../../../Repos/Unreal_stealth/Unreal_stealth_proj/Stealth_game/Content/__ExternalActors__/Maps/Sandbox/Sandbox_2/3/3O/OEM7R99GDDTGNJIOV7D5PV.uasset" 7636
"/Game/__ExternalActors__/Maps/Sandbox/Sandbox_2/3/I7/56N81XIYYKYYM3M1X6FGG6" 7637
"../../../../../../Repos/Unreal_stealth/Unreal_stealth_proj/Stealth_game/Content/__ExternalActors__/Maps/Sandbox/Sandbox_2/3/I7/56N81XIYYKYYM3M1X6FGG6.uasset" 7638
"/Game/__ExternalActors__/Maps/Sandbox/Sandbox_2/3/R3/DTCL1FNDDRDNPFYMI1FDYU" 7639
"../../../../../../Repos/Unreal_stealth/Unreal_stealth_proj/Stealth_game/Content/__ExternalActors__/Maps/Sandbox/Sandbox_2/3/R3/DTCL1FNDDRDNPFYMI1FDYU.uasset" 7640
"/Game/__ExternalActors__/Maps/Sandbox/Sandbox_2/3/WZ/DM73QQSUZUGVVOVN3FJU46" 7641
"../../../../../../Repos/Unreal_stealth/Unreal_stealth_proj/Stealth_game/Content/__ExternalActors__/Maps/Sandbox/Sandbox_2/3/WZ/DM73QQSUZUGVVOVN3FJU46.uasset" 7642
"/Game/__ExternalActors__/Maps/Sandbox/Sandbox_2/4/3C/UZXR7DP9GCV3TTEUXL6YOZ" 7643
"../../../../../../Repos/Unreal_stealth/Unreal_stealth_proj/Stealth_game/Content/__ExternalActors__/Maps/Sandbox/Sandbox_2/4/3C/UZXR7DP9GCV3TTEUXL6YOZ.uasset" 7644
"/Game/__ExternalActors__/Maps/Sandbox/Sandbox_2/4/K6/CNEG3GERW6CUDGZVAKF55P" 7645
"../../../../../../Repos/Unreal_stealth/Unreal_stealth_proj/Stealth_game/Content/__ExternalActors__/Maps/Sandbox/Sandbox_2/4/K6/CNEG3GERW6CUDGZVAKF55P.uasset" 7646
"/Game/__ExternalActors__/Maps/Sandbox/Sandbox_2/4/O3/8GH21MS8KG20LIR2K56EYZ" 7647
"../../../../../../Repos/Unreal_stealth/Unreal_stealth_proj/Stealth_game/Content/__ExternalActors__/Maps/Sandbox/Sandbox_2/4/O3/8GH21MS8KG20LIR2K56EYZ.uasset" 7648
"../../../../../../Repos/Unreal_stealth/Unreal_stealth_proj/Stealth_game/Content/LevelPrototyping/Meshes/SM_Cube.uasset" 7649
"../../../../../../Repos/Unreal_stealth/Unreal_stealth_proj/Stealth_game/Content/LevelPrototyping/Procedural_meshes/SM_Cube.uasset" 7650
"/Game/__ExternalActors__/Maps/Sandbox/Sandbox_2/4/YV/TZB48WJW1D0ZZKQE56P0ZL" 7651
"../../../../../../Repos/Unreal_stealth/Unreal_stealth_proj/Stealth_game/Content/__ExternalActors__/Maps/Sandbox/Sandbox_2/4/YV/TZB48WJW1D0ZZKQE56P0ZL.uasset" 7652
"/Game/__ExternalActors__/Maps/Sandbox/Sandbox_2/5/44/9SN9OC7N8H8F838XHI7YFJ" 7653
"../../../../../../Repos/Unreal_stealth/Unreal_stealth_proj/Stealth_game/Content/__ExternalActors__/Maps/Sandbox/Sandbox_2/5/44/9SN9OC7N8H8F838XHI7YFJ.uasset" 7654
"/Game/__ExternalActors__/Maps/Sandbox/Sandbox_2/5/78/4D20RAZMDUDFGD7YDU02B5" 7655
"../../../../../../Repos/Unreal_stealth/Unreal_stealth_proj/Stealth_game/Content/__ExternalActors__/Maps/Sandbox/Sandbox_2/5/78/4D20RAZMDUDFGD7YDU02B5.uasset" 7656
"/Game/__ExternalActors__/Maps/Sandbox/Sandbox_2/5/7U/V185XAYJL1U9OSEAAM7F05" 7657
"../../../../../../Repos/Unreal_stealth/Unreal_stealth_proj/Stealth_game/Content/__ExternalActors__/Maps/Sandbox/Sandbox_2/5/7U/V185XAYJL1U9OSEAAM7F05.uasset" 7658
"/Game/__ExternalActors__/Maps/Sandbox/Sandbox_2/5/9G/C4MHKUJW29A0IQ5UKJ4TLN" 7659
"../../../../../../Repos/Unreal_stealth/Unreal_stealth_proj/Stealth_game/Content/__ExternalActors__/Maps/Sandbox/Sandbox_2/5/9G/C4MHKUJW29A0IQ5UKJ4TLN.uasset" 7660
"/Game/__ExternalActors__/Maps/Sandbox/Sandbox_2/8/SW/I4S8XQ835OVQFDSPLPBI91" 7661
"../../../../../../Repos/Unreal_stealth/Unreal_stealth_proj/Stealth_game/Content/__ExternalActors__/Maps/Sandbox/Sandbox_2/8/SW/I4S8XQ835OVQFDSPLPBI91.uasset" 7662
"/Game/__ExternalActors__/Maps/Sandbox/Sandbox_2/5/9T/ECXLRFOTC4V55EKVYA408S" 7663
"../../../../../../Repos/Unreal_stealth/Unreal_stealth_proj/Stealth_game/Content/__ExternalActors__/Maps/Sandbox/Sandbox_2/5/9T/ECXLRFOTC4V55EKVYA408S.uasset" 7664
"/Game/__ExternalActors__/Maps/Sandbox/Sandbox_2/5/MX/IJT3ZVO96UGKOGD0Q9R2HY" 7665
"../../../../../../Repos/Unreal_stealth/Unreal_stealth_proj/Stealth_game/Content/__ExternalActors__/Maps/Sandbox/Sandbox_2/5/MX/IJT3ZVO96UGKOGD0Q9R2HY.uasset" 7666
"/Game/__ExternalActors__/Maps/Sandbox/Sandbox_2/5/O4/RY4ORK4KYN8MG24NSXAHWG" 7667
"../../../../../../Repos/Unreal_stealth/Unreal_stealth_proj/Stealth_game/Content/__ExternalActors__/Maps/Sandbox/Sandbox_2/5/O4/RY4ORK4KYN8MG24NSXAHWG.uasset" 7668
"/Game/__ExternalActors__/Maps/Sandbox/Sandbox_2/5/T2/RC9JWBO6321M0VXF2NOIUB" 7669
"../../../../../../Repos/Unreal_stealth/Unreal_stealth_proj/Stealth_game/Content/__ExternalActors__/Maps/Sandbox/Sandbox_2/5/T2/RC9JWBO6321M0VXF2NOIUB.uasset" 7670
"/Game/__ExternalActors__/Maps/Sandbox/Sandbox_2/5/UI/K40C3WX1QVWHKWQMUO9XP4" 7671
"../../../../../../Repos/Unreal_stealth/Unreal_stealth_proj/Stealth_game/Content/__ExternalActors__/Maps/Sandbox/Sandbox_2/5/UI/K40C3WX1QVWHKWQMUO9XP4.uasset" 7672
"/Game/__ExternalActors__/Maps/Sandbox/Sandbox_2/5/VU/4ODBHHDVXDFH9HD7963VGN" 7673
"../../../../../../Repos/Unreal_stealth/Unreal_stealth_proj/Stealth_game/Content/__ExternalActors__/Maps/Sandbox/Sandbox_2/5/VU/4ODBHHDVXDFH9HD7963VGN.uasset" 7674
"/Game/__ExternalActors__/Maps/Sandbox/Sandbox_2/5/X8/3PT9FLYXE6DUQIFLNG0WPZ" 7675
"../../../../../../Repos/Unreal_stealth/Unreal_stealth_proj/Stealth_game/Content/__ExternalActors__/Maps/Sandbox/Sandbox_2/5/X8/3PT9FLYXE6DUQIFLNG0WPZ.uasset" 7676
"/Game/__ExternalActors__/Maps/Sandbox/Sandbox_2/7/BA/F7LKV0JQB79V0KG4XA6TPC" 7677
"../../../../../../Repos/Unreal_stealth/Unreal_stealth_proj/Stealth_game/Content/__ExternalActors__/Maps/Sandbox/Sandbox_2/7/BA/F7LKV0JQB79V0KG4XA6TPC.uasset" 7678
"/Game/__ExternalActors__/Maps/Sandbox/Sandbox_2/F/0I/YXXH17MIKUSEY8UJWRWOC9" 7679
"../../../../../../Repos/Unreal_stealth/Unreal_stealth_proj/Stealth_game/Content/__ExternalActors__/Maps/Sandbox/Sandbox_2/F/0I/YXXH17MIKUSEY8UJWRWOC9.uasset" 7680
"/Game/__ExternalActors__/Maps/Sandbox/Sandbox_2/7/PU/LWPQBN7S5ZROI76G0LD8X1" 7681
"../../../../../../Repos/Unreal_stealth/Unreal_stealth_proj/Stealth_game/Content/__ExternalActors__/Maps/Sandbox/Sandbox_2/7/PU/LWPQBN7S5ZROI76G0LD8X1.uasset" 7682
"/Game/__ExternalActors__/Maps/Sandbox/Sandbox_2/7/YG/NNHB42C3607CXG54K9YAYD" 7683
"../../../../../../Repos/Unreal_stealth/Unreal_stealth_proj/Stealth_game/Content/__ExternalActors__/Maps/Sandbox/Sandbox_2/7/YG/NNHB42C3607CXG54K9YAYD.uasset" 7684
"/Game/__ExternalActors__/Maps/Sandbox/Sandbox_2/8/DY/ULEYGYKLONWIJQPWMD7H2W" 7685
"../../../../../../Repos/Unreal_stealth/Unreal_stealth_proj/Stealth_game/Content/__ExternalActors__/Maps/Sandbox/Sandbox_2/8/DY/ULEYGYKLONWIJQPWMD7H2W.uasset" 7686
"/Game/__ExternalActors__/Maps/Sandbox/Sandbox_2/8/MT/VJYXMMBNZHQLPB7CIPD26B" 7687
"../../../../../../Repos/Unreal_stealth/Unreal_stealth_proj/Stealth_game/Content/__ExternalActors__/Maps/Sandbox/Sandbox_2/8/MT/VJYXMMBNZHQLPB7CIPD26B.uasset" 7688
"/Game/__ExternalActors__/Maps/Sandbox/Sandbox_2/8/RZ/0UYLK1SDMQXIFUMUXBWUDJ" 7689
"../../../../../../Repos/Unreal_stealth/Unreal_stealth_proj/Stealth_game/Content/__ExternalActors__/Maps/Sandbox/Sandbox_2/8/RZ/0UYLK1SDMQXIFUMUXBWUDJ.uasset" 7690
"/Game/__ExternalActors__/Maps/Sandbox/Sandbox_2/8/SB/EDJZEHQX7GEPX25QMAAUJ5" 7691
"../../../../../../Repos/Unreal_stealth/Unreal_stealth_proj/Stealth_game/Content/__ExternalActors__/Maps/Sandbox/Sandbox_2/8/SB/EDJZEHQX7GEPX25QMAAUJ5.uasset" 7692
"/Game/__ExternalActors__/Maps/Sandbox/Sandbox_2/8/TG/LQHN23JL0IRE50Q0785I3D" 7693
"../../../../../../Repos/Unreal_stealth/Unreal_stealth_proj/Stealth_game/Content/__ExternalActors__/Maps/Sandbox/Sandbox_2/8/TG/LQHN23JL0IRE50Q0785I3D.uasset" 7694
"/Game/__ExternalActors__/Maps/Sandbox/Sandbox_2/8/TX/11G9OG6GV175TEE2QFKPCP" 7695
"../../../../../../Repos/Unreal_stealth/Unreal_stealth_proj/Stealth_game/Content/__ExternalActors__/Maps/Sandbox/Sandbox_2/8/TX/11G9OG6GV175TEE2QFKPCP.uasset" 7696
"/Game/__ExternalActors__/Maps/Sandbox/Sandbox_2/8/UK/0VUXWJH36I1SYMYMVCFV1R" 7697
"../../../../../../Repos/Unreal_stealth/Unreal_stealth_proj/Stealth_game/Content/__ExternalActors__/Maps/Sandbox/Sandbox_2/8/UK/0VUXWJH36I1SYMYMVCFV1R.uasset" 7698
"/Game/__ExternalActors__/Maps/Sandbox/Sandbox_2/9/0S/YGH6C87ULK43K4G229XA0H" 7699
"../../../../../../Repos/Unreal_stealth/Unreal_stealth_proj/Stealth_game/Content/__ExternalActors__/Maps/Sandbox/Sandbox_2/9/0S/YGH6C87ULK43K4G229XA0H.uasset" 7700
"/Game/__ExternalActors__/Maps/Sandbox/Sandbox_2/9/M8/94CE3TFOBYRCLVXSB591JJ" 7701
"../../../../../../Repos/Unreal_stealth/Unreal_stealth_proj/Stealth_game/Content/__ExternalActors__/Maps/Sandbox/Sandbox_2/9/M8/94CE3TFOBYRCLVXSB591JJ.uasset" 7702
"/Game/__ExternalActors__/Maps/Sandbox/Sandbox_2/9/V0/KDMOH5234F3BFEW9OWCF81" 7703
"../../../../../../Repos/Unreal_stealth/Unreal_stealth_proj/Stealth_game/Content/__ExternalActors__/Maps/Sandbox/Sandbox_2/9/V0/KDMOH5234F3BFEW9OWCF81.uasset" 7704
"/Game/__ExternalActors__/Maps/Sandbox/Sandbox_2/A/3F/TL18ULG8TV4GIX6A2KCYBV" 7705
"../../../../../../Repos/Unreal_stealth/Unreal_stealth_proj/Stealth_game/Content/__ExternalActors__/Maps/Sandbox/Sandbox_2/A/3F/TL18ULG8TV4GIX6A2KCYBV.uasset" 7706
"/Game/__ExternalActors__/Maps/Sandbox/Sandbox_2/A/7Z/VYPZ2WTQ6PXDOQYT2N8KC9" 7707
"../../../../../../Repos/Unreal_stealth/Unreal_stealth_proj/Stealth_game/Content/__ExternalActors__/Maps/Sandbox/Sandbox_2/A/7Z/VYPZ2WTQ6PXDOQYT2N8KC9.uasset" 7708
"/Game/__ExternalActors__/Maps/Sandbox/Sandbox_2/A/AP/8MNVFEUBNNZBHBYC5WXRGO" 7709
"../../../../../../Repos/Unreal_stealth/Unreal_stealth_proj/Stealth_game/Content/__ExternalActors__/Maps/Sandbox/Sandbox_2/A/AP/8MNVFEUBNNZBHBYC5WXRGO.uasset" 7710
"/Game/__ExternalActors__/Maps/Sandbox/Sandbox_2/A/I7/T2C9CR1Z32P3QF0AV0M8M3" 7711
"../../../../../../Repos/Unreal_stealth/Unreal_stealth_proj/Stealth_game/Content/__ExternalActors__/Maps/Sandbox/Sandbox_2/A/I7/T2C9CR1Z32P3QF0AV0M8M3.uasset" 7712
"/Game/__ExternalActors__/Maps/Sandbox/Sandbox_2/A/IF/P0999P8VLSJQWFUBLQ4QIO" 7713
"../../../../../../Repos/Unreal_stealth/Unreal_stealth_proj/Stealth_game/Content/__ExternalActors__/Maps/Sandbox/Sandbox_2/A/IF/P0999P8VLSJQWFUBLQ4QIO.uasset" 7714
"/Game/__ExternalActors__/Maps/Sandbox/Sandbox_2/A/IN/3GZJU3H2JRXGQT5CW0QV9X" 7715
"../../../../../../Repos/Unreal_stealth/Unreal_stealth_proj/Stealth_game/Content/__ExternalActors__/Maps/Sandbox/Sandbox_2/A/IN/3GZJU3H2JRXGQT5CW0QV9X.uasset" 7716
"/Game/__ExternalActors__/Maps/Sandbox/Sandbox_2/A/OC/668W1KSWC8Q6NGMMOIEF2O" 7717
"../../../../../../Repos/Unreal_stealth/Unreal_stealth_proj/Stealth_game/Content/__ExternalActors__/Maps/Sandbox/Sandbox_2/A/OC/668W1KSWC8Q6NGMMOIEF2O.uasset" 7718
"/Game/__ExternalActors__/Maps/Sandbox/Sandbox_2/A/SK/0202AQBMPT87D1MA57UMVR" 7719
"../../../../../../Repos/Unreal_stealth/Unreal_stealth_proj/Stealth_game/Content/__ExternalActors__/Maps/Sandbox/Sandbox_2/A/SK/0202AQBMPT87D1MA57UMVR.uasset" 7720
"/Game/__ExternalActors__/Maps/Sandbox/Sandbox_2/B/36/FIQU5EZ96FK4R90ZR33MOJ" 7721
"../../../../../../Repos/Unreal_stealth/Unreal_stealth_proj/Stealth_game/Content/__ExternalActors__/Maps/Sandbox/Sandbox_2/B/36/FIQU5EZ96FK4R90ZR33MOJ.uasset" 7722
"/Game/__ExternalActors__/Maps/Sandbox/Sandbox_2/B/8T/5TWPG2K5T77AJPSIT2N1EV" 7723
"../../../../../../Repos/Unreal_stealth/Unreal_stealth_proj/Stealth_game/Content/__ExternalActors__/Maps/Sandbox/Sandbox_2/B/8T/5TWPG2K5T77AJPSIT2N1EV.uasset" 7724
"/Game/__ExternalActors__/Maps/Sandbox/Sandbox_2/B/OT/HUJRFTZI5MSINWTHUPTMKO" 7725
"../../../../../../Repos/Unreal_stealth/Unreal_stealth_proj/Stealth_game/Content/__ExternalActors__/Maps/Sandbox/Sandbox_2/B/OT/HUJRFTZI5MSINWTHUPTMKO.uasset" 7726
"/Game/__ExternalActors__/Maps/Sandbox/Sandbox_2/B/UX/VZ37PHNR311W2T6M2ZD3TC" 7727
"../../../../../../Repos/Unreal_stealth/Unreal_stealth_proj/Stealth_game/Content/__ExternalActors__/Maps/Sandbox/Sandbox_2/B/UX/VZ37PHNR311W2T6M2ZD3TC.uasset" 7728
"/Game/__ExternalActors__/Maps/Sandbox/Sandbox_2/B/VO/MHWSQ7NOCN13PTFYQHPCYF" 7729
"../../../../../../Repos/Unreal_stealth/Unreal_stealth_proj/Stealth_game/Content/__ExternalActors__/Maps/Sandbox/Sandbox_2/B/VO/MHWSQ7NOCN13PTFYQHPCYF.uasset" 7730
"/Game/__ExternalActors__/Maps/Sandbox/Sandbox_2/B/XM/PTZQEZOHFPKX0XAEWIRGXN" 7731
"../../../../../../Repos/Unreal_stealth/Unreal_stealth_proj/Stealth_game/Content/__ExternalActors__/Maps/Sandbox/Sandbox_2/B/XM/PTZQEZOHFPKX0XAEWIRGXN.uasset" 7732
"/Game/__ExternalActors__/Maps/Sandbox/Sandbox_2/B/YO/ND2XQE1NVLFPWPIUS03QGK" 7733
"../../../../../../Repos/Unreal_stealth/Unreal_stealth_proj/Stealth_game/Content/__ExternalActors__/Maps/Sandbox/Sandbox_2/B/YO/ND2XQE1NVLFPWPIUS03QGK.uasset" 7734
"/Game/__ExternalActors__/Maps/Sandbox/Sandbox_2/C/47/C5GL24PU5R3T6PKYTVEDCF" 7735
"../../../../../../Repos/Unreal_stealth/Unreal_stealth_proj/Stealth_game/Content/__ExternalActors__/Maps/Sandbox/Sandbox_2/C/47/C5GL24PU5R3T6PKYTVEDCF.uasset" 7736
"/Game/__ExternalActors__/Maps/Sandbox/Sandbox_2/C/LF/AXA022I1SQVZ0VS8LA52AL" 7737
"../../../../../../Repos/Unreal_stealth/Unreal_stealth_proj/Stealth_game/Content/__ExternalActors__/Maps/Sandbox/Sandbox_2/C/LF/AXA022I1SQVZ0VS8LA52AL.uasset" 7738
"/Game/__ExternalActors__/Maps/Sandbox/Sandbox_2/C/LJ/6ECEKP2622V8HJMWU6B0RX" 7739
"../../../../../../Repos/Unreal_stealth/Unreal_stealth_proj/Stealth_game/Content/__ExternalActors__/Maps/Sandbox/Sandbox_2/C/LJ/6ECEKP2622V8HJMWU6B0RX.uasset" 7740
"/Game/__ExternalActors__/Maps/Sandbox/Sandbox_2/C/MF/TVC6T6KZOG614XJS8DQ6I9" 7741
"../../../../../../Repos/Unreal_stealth/Unreal_stealth_proj/Stealth_game/Content/__ExternalActors__/Maps/Sandbox/Sandbox_2/C/MF/TVC6T6KZOG614XJS8DQ6I9.uasset" 7742
"/Game/__ExternalActors__/Maps/Sandbox/Sandbox_2/C/MO/MXMFB9MKC7WMP3DFAVB93Y" 7743
"../../../../../../Repos/Unreal_stealth/Unreal_stealth_proj/Stealth_game/Content/__ExternalActors__/Maps/Sandbox/Sandbox_2/C/MO/MXMFB9MKC7WMP3DFAVB93Y.uasset" 7744
"/Game/__ExternalActors__/Maps/Sandbox/Sandbox_2/C/RC/WM432BD95QSAEA5FD2VJKH" 7745
"../../../../../../Repos/Unreal_stealth/Unreal_stealth_proj/Stealth_game/Content/__ExternalActors__/Maps/Sandbox/Sandbox_2/C/RC/WM432BD95QSAEA5FD2VJKH.uasset" 7746
"/Game/__ExternalActors__/Maps/Sandbox/Sandbox_2/D/E1/X8VSYFWR8OJCZO32NV4G8W" 7747
"../../../../../../Repos/Unreal_stealth/Unreal_stealth_proj/Stealth_game/Content/__ExternalActors__/Maps/Sandbox/Sandbox_2/D/E1/X8VSYFWR8OJCZO32NV4G8W.uasset" 7748
"/Game/__ExternalActors__/Maps/Sandbox/Sandbox_2/D/EN/OTGR8EEZ73TSOS382MI71M" 7749
"../../../../../../Repos/Unreal_stealth/Unreal_stealth_proj/Stealth_game/Content/__ExternalActors__/Maps/Sandbox/Sandbox_2/D/EN/OTGR8EEZ73TSOS382MI71M.uasset" 7750
"/Game/__ExternalActors__/Maps/Sandbox/Sandbox_2/D/I8/K5Z6CRLWEA1ZNIXSO09CAS" 7751
"../../../../../../Repos/Unreal_stealth/Unreal_stealth_proj/Stealth_game/Content/__ExternalActors__/Maps/Sandbox/Sandbox_2/D/I8/K5Z6CRLWEA1ZNIXSO09CAS.uasset" 7752
"/Game/__ExternalActors__/Maps/Sandbox/Sandbox_2/E/7M/K68ZV9R3QF2MWV82HT5W14" 7753
"../../../../../../Repos/Unreal_stealth/Unreal_stealth_proj/Stealth_game/Content/__ExternalActors__/Maps/Sandbox/Sandbox_2/E/7M/K68ZV9R3QF2MWV82HT5W14.uasset" 7754
"/Game/__ExternalActors__/Maps/Sandbox/Sandbox_2/E/7O/VIYK575MKXQZYFWLBWRYQR" 7755
"../../../../../../Repos/Unreal_stealth/Unreal_stealth_proj/Stealth_game/Content/__ExternalActors__/Maps/Sandbox/Sandbox_2/E/7O/VIYK575MKXQZYFWLBWRYQR.uasset" 7756
"/Game/__ExternalActors__/Maps/Sandbox/Sandbox_2/E/VC/W2WR24WC6RAQ8I7JDYOP61" 7757
"../../../../../../Repos/Unreal_stealth/Unreal_stealth_proj/Stealth_game/Content/__ExternalActors__/Maps/Sandbox/Sandbox_2/E/VC/W2WR24WC6RAQ8I7JDYOP61.uasset" 7758
"/Game/__ExternalActors__/Maps/Sandbox/Sandbox_2/E/ZK/AMVYUK4YXFUVW50MF51Q3W" 7759
"../../../../../../Repos/Unreal_stealth/Unreal_stealth_proj/Stealth_game/Content/__ExternalActors__/Maps/Sandbox/Sandbox_2/E/ZK/AMVYUK4YXFUVW50MF51Q3W.uasset" 7760
"/Game/__ExternalObjects__/Maps/Sandbox/Sandbox_2/4/WV/LAOSZN41CQH72BQH2INGNK" 7761
"/Game/__ExternalObjects__/Maps/Sandbox/Sandbox_2/A/VY/PG7WDRCJWVCHIKVYDAKR0C" 7762
"/Game/__ExternalObjects__/Maps/Sandbox/Sandbox_2/D/57/0V8DJ6H0MEJCCXZNUBQI32" 7763
"/Game/__ExternalObjects__/Maps/Sandbox/Sandbox_2/2/NI/GG6O6E4OHDIFILFQITI1GT" 7764
"/Game/__ExternalObjects__/Maps/Sandbox/Sandbox_2/0/3H/AG2WFVZVVYB0H13RJKQZFM" 7765
"/Game/__ExternalObjects__/Maps/Sandbox/Sandbox_2/0/V9/1NP92VMOBHBGZO82ZR4XZT" 7766
"/Game/__ExternalObjects__/Maps/Sandbox/Sandbox_2/C/LL/8WJ84Q366SIEBTK6LG19UI" 7767
"/Game/__ExternalObjects__/Maps/Sandbox/Sandbox_2/A/QZ/J61NXWPBLSGFHSF41AYVWD" 7768
"C:/Repos/Unreal_stealth/Unreal_stealth_proj/Stealth_game/Content/__ExternalObjects__/Maps/Sandbox/FirstPersonMap/8/UU/6A7YHB81J0JTD7GJ25YYUS.uasset" 7769
"C:/Repos/Unreal_stealth/Unreal_stealth_proj/Stealth_game/Content/__ExternalObjects__/Maps/Sandbox/FirstPersonMap/1/88/6UP779ZC8L3SZNK25T3ZGO.uasset" 7770
"C:/Repos/Unreal_stealth/Unreal_stealth_proj/Stealth_game/Content/__ExternalObjects__/Maps/Sandbox/FirstPersonMap/6/ZE/QY94UQUNQKGUN0VDB2O6NE.uasset" 7771
"C:/Repos/Unreal_stealth/Unreal_stealth_proj/Stealth_game/Content/__ExternalObjects__/Maps/Sandbox/FirstPersonMap/0/R0/EQKRWCTMNSGB0WXLQ8HP3Q.uasset" 7772
"C:/Repos/Unreal_stealth/Unreal_stealth_proj/Stealth_game/Content/__ExternalObjects__/Maps/Sandbox/FirstPersonMap/D/87/NXK9S3VOKND865EW51PK3U.uasset" 7773
"C:/Repos/Unreal_stealth/Unreal_stealth_proj/Stealth_game/Content/__ExternalObjects__/Maps/Sandbox/FirstPersonMap/B/0A/IPQZGHMTOFQIECU6C8SGAC.uasset" 7774
"C:/Repos/Unreal_stealth/Unreal_stealth_proj/Stealth_game/Content/__ExternalObjects__/Maps/Sandbox/FirstPersonMap/3/WU/70VJDCERCKI907D0E7KR4D.uasset" 7775
"C:/Repos/Unreal_stealth/Unreal_stealth_proj/Stealth_game/Content/__ExternalObjects__/Maps/Sandbox/FirstPersonMap/9/0N/H68SQOS3HNX7AAKSWVBMVT.uasset" 7776
"C:/Repos/Unreal_stealth/Unreal_stealth_proj/Stealth_game/Content/__ExternalObjects__/Maps/Sandbox/FirstPersonMap/A/AW/A8ZDQWXD56JZ5B06IA65L6.uasset" 7777
"C:/Repos/Unreal_stealth/Unreal_stealth_proj/Stealth_game/Content/__ExternalObjects__/Maps/Sandbox/FirstPersonMap/6/OP/W59REFXIT6T11H622M2KVE.uasset" 7778
"C:/Repos/Unreal_stealth/Unreal_stealth_proj/Stealth_game/Content/Maps/Sandbox/FirstPersonMap.umap" 7779
"C:/Repos/Unreal_stealth/Unreal_stealth_proj/Stealth_game/Content/__ExternalObjects__/Maps/Sandbox/FirstPersonMap/D/5C/YJBWXOVRH3EDXA48E0XQN7.uasset" 7780
"/Game/Maps/Sandbox/FirstPersonMap" 7781
"../../../../../../Repos/Unreal_stealth/Unreal_stealth_proj/Stealth_game/Content/__ExternalActors__/Maps/Sandbox/FirstPersonMap/6/L1/80LPBHIVGEGHFGOKSPD6OY.uasset" 7782
"/Game/__ExternalObjects__/Maps/Sandbox/FirstPersonMap/6/OP/W59REFXIT6T11H622M2KVE" 7783
"/Game/__ExternalObjects__/Maps/Sandbox/FirstPersonMap/A/AW/A8ZDQWXD56JZ5B06IA65L6" 7784
"/Game/__ExternalObjects__/Maps/Sandbox/FirstPersonMap/9/0N/H68SQOS3HNX7AAKSWVBMVT" 7785
"/Game/__ExternalActors__/Maps/Sandbox/FirstPersonMap/0/3G/C0MPZ2C7KJGWU8MT0W6KHF" 7786
"../../../../../../Repos/Unreal_stealth/Unreal_stealth_proj/Stealth_game/Content/__ExternalActors__/Maps/Sandbox/FirstPersonMap/0/3G/C0MPZ2C7KJGWU8MT0W6KHF.uasset" 7787
"/Game/__ExternalActors__/Maps/Sandbox/FirstPersonMap/0/7B/ASYSJEB2CGD2K84KWD3QQB" 7788
"../../../../../../Repos/Unreal_stealth/Unreal_stealth_proj/Stealth_game/Content/__ExternalActors__/Maps/Sandbox/FirstPersonMap/0/7B/ASYSJEB2CGD2K84KWD3QQB.uasset" 7789
"../../../../../../Repos/Unreal_stealth/Unreal_stealth_proj/Stealth_game/Content/LevelPrototyping/Objects/Meshes/Basic_blocks/SM_ChamferCube.uasset" 7790
"../../../../../../Repos/Unreal_stealth/Unreal_stealth_proj/Stealth_game/Content/LevelPrototyping/Materials/MI_Solid_Blue.uasset" 7791
"../../../../../../Repos/Unreal_stealth/Unreal_stealth_proj/Stealth_game/Content/LevelPrototyping/Materials/M_Solid.uasset" 7792
"/Game/__ExternalActors__/Maps/Sandbox/FirstPersonMap/0/IZ/2R1OFFC1DHRPXZKJ1HTT19" 7793
"../../../../../../Repos/Unreal_stealth/Unreal_stealth_proj/Stealth_game/Content/__ExternalActors__/Maps/Sandbox/FirstPersonMap/0/IZ/2R1OFFC1DHRPXZKJ1HTT19.uasset" 7794
"/Game/__ExternalActors__/Maps/Sandbox/FirstPersonMap/0/PU/XBBDLN1M4F6AU3X48QXZ46" 7795
"../../../../../../Repos/Unreal_stealth/Unreal_stealth_proj/Stealth_game/Content/__ExternalActors__/Maps/Sandbox/FirstPersonMap/0/PU/XBBDLN1M4F6AU3X48QXZ46.uasset" 7796
"/Game/__ExternalActors__/Maps/Sandbox/FirstPersonMap/0/X2/WQ79ZODY0EATN4ECP0TSLP" 7797
"../../../../../../Repos/Unreal_stealth/Unreal_stealth_proj/Stealth_game/Content/__ExternalActors__/Maps/Sandbox/FirstPersonMap/0/X2/WQ79ZODY0EATN4ECP0TSLP.uasset" 7798
"../../../../../../Repos/Unreal_stealth/Unreal_stealth_proj/Stealth_game/Content/__ExternalActors__/Maps/Sandbox/FirstPersonMap/7/9H/OBX4NZ66VAU8MVGM8YRN9D.uasset" 7799
"/Game/__ExternalActors__/Maps/Sandbox/FirstPersonMap/1/12/FDNEKVNNY66OVEU5YM3FYF" 7800
"../../../../../../Repos/Unreal_stealth/Unreal_stealth_proj/Stealth_game/Content/__ExternalActors__/Maps/Sandbox/FirstPersonMap/1/12/FDNEKVNNY66OVEU5YM3FYF.uasset" 7801
"/Game/__ExternalActors__/Maps/Sandbox/FirstPersonMap/1/6Q/PA9KCY9QBGK44FY1EWPLMB" 7802
"../../../../../../Repos/Unreal_stealth/Unreal_stealth_proj/Stealth_game/Content/__ExternalActors__/Maps/Sandbox/FirstPersonMap/1/6Q/PA9KCY9QBGK44FY1EWPLMB.uasset" 7803
"/Game/__ExternalActors__/Maps/Sandbox/FirstPersonMap/1/7V/DEPKVW6NPNONG6G5J4NWLD" 7804
"../../../../../../Repos/Unreal_stealth/Unreal_stealth_proj/Stealth_game/Content/__ExternalActors__/Maps/Sandbox/FirstPersonMap/1/7V/DEPKVW6NPNONG6G5J4NWLD.uasset" 7805
"/Game/__ExternalActors__/Maps/Sandbox/FirstPersonMap/1/CX/VTFGAXQ7D4OPD0Y3HO19VI" 7806
"../../../../../../Repos/Unreal_stealth/Unreal_stealth_proj/Stealth_game/Content/__ExternalActors__/Maps/Sandbox/FirstPersonMap/1/CX/VTFGAXQ7D4OPD0Y3HO19VI.uasset" 7807
"../../../../../../Repos/Unreal_stealth/Unreal_stealth_proj/Stealth_game/Content/LevelPrototyping/Materials/MI_PrototypeGrid_TopDark.uasset" 7808
"../../../../../../Repos/Unreal_stealth/Unreal_stealth_proj/Stealth_game/Content/LevelPrototyping/Objects/Meshes/Basic_blocks/SM_Ramp.uasset" 7809
"/Game/__ExternalActors__/Maps/Sandbox/FirstPersonMap/1/LX/F5SQ197FCFKGFE5ZHM41X2" 7810
"../../../../../../Repos/Unreal_stealth/Unreal_stealth_proj/Stealth_game/Content/__ExternalActors__/Maps/Sandbox/FirstPersonMap/1/LX/F5SQ197FCFKGFE5ZHM41X2.uasset" 7811
"/Game/__ExternalActors__/Maps/Sandbox/FirstPersonMap/1/PA/R7YB31KEWB02ML791S2WU2" 7812
"../../../../../../Repos/Unreal_stealth/Unreal_stealth_proj/Stealth_game/Content/__ExternalActors__/Maps/Sandbox/FirstPersonMap/1/PA/R7YB31KEWB02ML791S2WU2.uasset" 7813
"/Game/__ExternalActors__/Maps/Sandbox/FirstPersonMap/2/3O/KJGWTJN3EP5DU3S38GTZIN" 7814
"../../../../../../Repos/Unreal_stealth/Unreal_stealth_proj/Stealth_game/Content/__ExternalActors__/Maps/Sandbox/FirstPersonMap/2/3O/KJGWTJN3EP5DU3S38GTZIN.uasset" 7815
"/Game/__ExternalActors__/Maps/Sandbox/FirstPersonMap/2/8Q/5XBFFXNFRHTZGVD6MF62Y2" 7816
"../../../../../../Repos/Unreal_stealth/Unreal_stealth_proj/Stealth_game/Content/__ExternalActors__/Maps/Sandbox/FirstPersonMap/2/8Q/5XBFFXNFRHTZGVD6MF62Y2.uasset" 7817
"/Game/__ExternalActors__/Maps/Sandbox/FirstPersonMap/2/N5/YJVTIHC68FUOMDS7A2QJLM" 7818
"../../../../../../Repos/Unreal_stealth/Unreal_stealth_proj/Stealth_game/Content/__ExternalActors__/Maps/Sandbox/FirstPersonMap/2/N5/YJVTIHC68FUOMDS7A2QJLM.uasset" 7819
"/Game/__ExternalActors__/Maps/Sandbox/FirstPersonMap/2/P0/LIDPF5GMQHB1U4I4J6R6PS" 7820
"../../../../../../Repos/Unreal_stealth/Unreal_stealth_proj/Stealth_game/Content/__ExternalActors__/Maps/Sandbox/FirstPersonMap/2/P0/LIDPF5GMQHB1U4I4J6R6PS.uasset" 7821
"/Game/__ExternalActors__/Maps/Sandbox/FirstPersonMap/2/PS/5JYKBG1M94YBRBH2HOMSV9" 7822
"../../../../../../Repos/Unreal_stealth/Unreal_stealth_proj/Stealth_game/Content/__ExternalActors__/Maps/Sandbox/FirstPersonMap/2/PS/5JYKBG1M94YBRBH2HOMSV9.uasset" 7823
"/Game/__ExternalActors__/Maps/Sandbox/FirstPersonMap/2/R7/BKXRDGPGMO1MMM66CRAI4A" 7824
"../../../../../../Repos/Unreal_stealth/Unreal_stealth_proj/Stealth_game/Content/__ExternalActors__/Maps/Sandbox/FirstPersonMap/2/R7/BKXRDGPGMO1MMM66CRAI4A.uasset" 7825
"/Game/__ExternalActors__/Maps/Sandbox/FirstPersonMap/3/7W/1VM09P14WRULKHOIWH3UHN" 7826
"../../../../../../Repos/Unreal_stealth/Unreal_stealth_proj/Stealth_game/Content/__ExternalActors__/Maps/Sandbox/FirstPersonMap/3/7W/1VM09P14WRULKHOIWH3UHN.uasset" 7827
"/Game/__ExternalActors__/Maps/Sandbox/FirstPersonMap/3/KW/9P6LFNP3VOTZLDVJKVWSSZ" 7828
"../../../../../../Repos/Unreal_stealth/Unreal_stealth_proj/Stealth_game/Content/__ExternalActors__/Maps/Sandbox/FirstPersonMap/3/KW/9P6LFNP3VOTZLDVJKVWSSZ.uasset" 7829
"/Game/__ExternalActors__/Maps/Sandbox/FirstPersonMap/3/LJ/40YF7WB9QPF9SPOME5U9DL" 7830
"../../../../../../Repos/Unreal_stealth/Unreal_stealth_proj/Stealth_game/Content/__ExternalActors__/Maps/Sandbox/FirstPersonMap/3/LJ/40YF7WB9QPF9SPOME5U9DL.uasset" 7831
"/Game/__ExternalActors__/Maps/Sandbox/FirstPersonMap/4/2M/4QX84MVU37S0WUTYHOPK25" 7832
"../../../../../../Repos/Unreal_stealth/Unreal_stealth_proj/Stealth_game/Content/__ExternalActors__/Maps/Sandbox/FirstPersonMap/4/2M/4QX84MVU37S0WUTYHOPK25.uasset" 7833
"/Game/__ExternalActors__/Maps/Sandbox/FirstPersonMap/4/VP/V93BUXODF9C3DR52NGEZWQ" 7834
"../../../../../../Repos/Unreal_stealth/Unreal_stealth_proj/Stealth_game/Content/__ExternalActors__/Maps/Sandbox/FirstPersonMap/4/VP/V93BUXODF9C3DR52NGEZWQ.uasset" 7835
"/Game/__ExternalActors__/Maps/Sandbox/FirstPersonMap/5/5D/ANJT1RWDZR13O0CQM7BV17" 7836
"../../../../../../Repos/Unreal_stealth/Unreal_stealth_proj/Stealth_game/Content/__ExternalActors__/Maps/Sandbox/FirstPersonMap/5/5D/ANJT1RWDZR13O0CQM7BV17.uasset" 7837
"/Game/__ExternalActors__/Maps/Sandbox/FirstPersonMap/5/DE/89N12QPH7FZHF81H6TRD1B" 7838
"../../../../../../Repos/Unreal_stealth/Unreal_stealth_proj/Stealth_game/Content/__ExternalActors__/Maps/Sandbox/FirstPersonMap/5/DE/89N12QPH7FZHF81H6TRD1B.uasset" 7839
"/Game/__ExternalActors__/Maps/Sandbox/FirstPersonMap/5/KO/RGS5CKVQJUCF7BRGW8FTKM" 7840
"../../../../../../Repos/Unreal_stealth/Unreal_stealth_proj/Stealth_game/Content/__ExternalActors__/Maps/Sandbox/FirstPersonMap/5/KO/RGS5CKVQJUCF7BRGW8FTKM.uasset" 7841
"/Game/__ExternalActors__/Maps/Sandbox/FirstPersonMap/5/LB/3LJ13UJ3UVPQQ7FCGIDACM" 7842
"../../../../../../Repos/Unreal_stealth/Unreal_stealth_proj/Stealth_game/Content/__ExternalActors__/Maps/Sandbox/FirstPersonMap/5/LB/3LJ13UJ3UVPQQ7FCGIDACM.uasset" 7843
"/Game/__ExternalActors__/Maps/Sandbox/FirstPersonMap/5/YX/EN0BPW6HA7XHJUW3LJ2J6G" 7844
"../../../../../../Repos/Unreal_stealth/Unreal_stealth_proj/Stealth_game/Content/__ExternalActors__/Maps/Sandbox/FirstPersonMap/5/YX/EN0BPW6HA7XHJUW3LJ2J6G.uasset" 7845
"/Game/__ExternalActors__/Maps/Sandbox/FirstPersonMap/6/7X/W6IIFK9Z7L7Y31NLHXN574" 7846
"../../../../../../Repos/Unreal_stealth/Unreal_stealth_proj/Stealth_game/Content/__ExternalActors__/Maps/Sandbox/FirstPersonMap/6/7X/W6IIFK9Z7L7Y31NLHXN574.uasset" 7847
"/Game/__ExternalActors__/Maps/Sandbox/FirstPersonMap/6/DE/1OGINYU0ZU7WS19L4SZHQ2" 7848
"../../../../../../Repos/Unreal_stealth/Unreal_stealth_proj/Stealth_game/Content/__ExternalActors__/Maps/Sandbox/FirstPersonMap/6/DE/1OGINYU0ZU7WS19L4SZHQ2.uasset" 7849
"/Game/__ExternalActors__/Maps/Sandbox/FirstPersonMap/6/X4/LI75B5V1G82IN43SJZ5B6J" 7850
"../../../../../../Repos/Unreal_stealth/Unreal_stealth_proj/Stealth_game/Content/__ExternalActors__/Maps/Sandbox/FirstPersonMap/6/X4/LI75B5V1G82IN43SJZ5B6J.uasset" 7851
"/Game/__ExternalActors__/Maps/Sandbox/FirstPersonMap/7/0H/X0IO58FX4S4OI4X5P3COM7" 7852
"../../../../../../Repos/Unreal_stealth/Unreal_stealth_proj/Stealth_game/Content/__ExternalActors__/Maps/Sandbox/FirstPersonMap/7/0H/X0IO58FX4S4OI4X5P3COM7.uasset" 7853
"/Game/__ExternalActors__/Maps/Sandbox/FirstPersonMap/7/8C/FJRK3YBCVG87FUCSZRNSK6" 7854
"../../../../../../Repos/Unreal_stealth/Unreal_stealth_proj/Stealth_game/Content/__ExternalActors__/Maps/Sandbox/FirstPersonMap/7/8C/FJRK3YBCVG87FUCSZRNSK6.uasset" 7855
"/Game/__ExternalActors__/Maps/Sandbox/FirstPersonMap/7/BZ/C9U28I158CDOAEL6D8ORXL" 7856
"../../../../../../Repos/Unreal_stealth/Unreal_stealth_proj/Stealth_game/Content/__ExternalActors__/Maps/Sandbox/FirstPersonMap/7/BZ/C9U28I158CDOAEL6D8ORXL.uasset" 7857
"/Game/__ExternalActors__/Maps/Sandbox/FirstPersonMap/7/G9/03N7LHVVJ3MEZOHXFURU8R" 7858
"../../../../../../Repos/Unreal_stealth/Unreal_stealth_proj/Stealth_game/Content/__ExternalActors__/Maps/Sandbox/FirstPersonMap/7/G9/03N7LHVVJ3MEZOHXFURU8R.uasset" 7859
"/Game/__ExternalActors__/Maps/Sandbox/FirstPersonMap/7/KY/ILRNPJG8N59URKO9WAY46P" 7860
"../../../../../../Repos/Unreal_stealth/Unreal_stealth_proj/Stealth_game/Content/__ExternalActors__/Maps/Sandbox/FirstPersonMap/7/KY/ILRNPJG8N59URKO9WAY46P.uasset" 7861
"/Game/__ExternalActors__/Maps/Sandbox/FirstPersonMap/7/QD/DSTEQB95RJZPT06NS72MW4" 7862
"../../../../../../Repos/Unreal_stealth/Unreal_stealth_proj/Stealth_game/Content/__ExternalActors__/Maps/Sandbox/FirstPersonMap/7/QD/DSTEQB95RJZPT06NS72MW4.uasset" 7863
"/Game/__ExternalActors__/Maps/Sandbox/FirstPersonMap/8/3R/ZFCNSEFB7SWH6YTLJ9OFCY" 7864
"../../../../../../Repos/Unreal_stealth/Unreal_stealth_proj/Stealth_game/Content/__ExternalActors__/Maps/Sandbox/FirstPersonMap/8/3R/ZFCNSEFB7SWH6YTLJ9OFCY.uasset" 7865
"/Game/__ExternalActors__/Maps/Sandbox/FirstPersonMap/8/4W/LRE02YXWMTNQ1WUUEJL8I5" 7866
"../../../../../../Repos/Unreal_stealth/Unreal_stealth_proj/Stealth_game/Content/__ExternalActors__/Maps/Sandbox/FirstPersonMap/8/4W/LRE02YXWMTNQ1WUUEJL8I5.uasset" 7867
"/Game/__ExternalActors__/Maps/Sandbox/FirstPersonMap/8/7S/QMHZT8KEKGHZ20FCZJESUZ" 7868
"../../../../../../Repos/Unreal_stealth/Unreal_stealth_proj/Stealth_game/Content/__ExternalActors__/Maps/Sandbox/FirstPersonMap/8/7S/QMHZT8KEKGHZ20FCZJESUZ.uasset" 7869
"/Game/__ExternalActors__/Maps/Sandbox/FirstPersonMap/8/CN/HSUDXCX38HYZTPDVJFHQAJ" 7870
"../../../../../../Repos/Unreal_stealth/Unreal_stealth_proj/Stealth_game/Content/__ExternalActors__/Maps/Sandbox/FirstPersonMap/8/CN/HSUDXCX38HYZTPDVJFHQAJ.uasset" 7871
"/Game/__ExternalActors__/Maps/Sandbox/FirstPersonMap/8/DT/3D8TUM318QNW7QSUV8CU33" 7872
"../../../../../../Repos/Unreal_stealth/Unreal_stealth_proj/Stealth_game/Content/__ExternalActors__/Maps/Sandbox/FirstPersonMap/8/DT/3D8TUM318QNW7QSUV8CU33.uasset" 7873
"/Game/__ExternalActors__/Maps/Sandbox/FirstPersonMap/8/PM/EZLAPNQ0MZZ7PD4XV9RQMG" 7874
"../../../../../../Repos/Unreal_stealth/Unreal_stealth_proj/Stealth_game/Content/__ExternalActors__/Maps/Sandbox/FirstPersonMap/8/PM/EZLAPNQ0MZZ7PD4XV9RQMG.uasset" 7875
"/Game/__ExternalActors__/Maps/Sandbox/FirstPersonMap/8/UD/GRUZ5FVBASL2K2X5GYTW84" 7876
"../../../../../../Repos/Unreal_stealth/Unreal_stealth_proj/Stealth_game/Content/__ExternalActors__/Maps/Sandbox/FirstPersonMap/8/UD/GRUZ5FVBASL2K2X5GYTW84.uasset" 7877
"/Game/__ExternalActors__/Maps/Sandbox/FirstPersonMap/8/XR/6BWD1222IQBBO1KKVUJJOC" 7878
"../../../../../../Repos/Unreal_stealth/Unreal_stealth_proj/Stealth_game/Content/__ExternalActors__/Maps/Sandbox/FirstPersonMap/8/XR/6BWD1222IQBBO1KKVUJJOC.uasset" 7879
"/Game/__ExternalActors__/Maps/Sandbox/FirstPersonMap/9/RA/I3V0OW6W2DLFI9MBAAN187" 7880
"../../../../../../Repos/Unreal_stealth/Unreal_stealth_proj/Stealth_game/Content/__ExternalActors__/Maps/Sandbox/FirstPersonMap/9/RA/I3V0OW6W2DLFI9MBAAN187.uasset" 7881
"/Game/__ExternalActors__/Maps/Sandbox/FirstPersonMap/9/T7/9MI5HDOYKIM49PPWADT8SP" 7882
"../../../../../../Repos/Unreal_stealth/Unreal_stealth_proj/Stealth_game/Content/__ExternalActors__/Maps/Sandbox/FirstPersonMap/9/T7/9MI5HDOYKIM49PPWADT8SP.uasset" 7883
"/Game/__ExternalActors__/Maps/Sandbox/FirstPersonMap/A/0U/4EK3FG2B6QMNCIIXJ8PM89" 7884
"../../../../../../Repos/Unreal_stealth/Unreal_stealth_proj/Stealth_game/Content/__ExternalActors__/Maps/Sandbox/FirstPersonMap/A/0U/4EK3FG2B6QMNCIIXJ8PM89.uasset" 7885
"/Game/__ExternalActors__/Maps/Sandbox/FirstPersonMap/A/8P/CRZPOPBBWVZHR80AWNA9AJ" 7886
"../../../../../../Repos/Unreal_stealth/Unreal_stealth_proj/Stealth_game/Content/__ExternalActors__/Maps/Sandbox/FirstPersonMap/A/8P/CRZPOPBBWVZHR80AWNA9AJ.uasset" 7887
"/Game/__ExternalActors__/Maps/Sandbox/FirstPersonMap/A/EZ/G2Z0V4554Z0ZWBTPR3HXBE" 7888
"../../../../../../Repos/Unreal_stealth/Unreal_stealth_proj/Stealth_game/Content/__ExternalActors__/Maps/Sandbox/FirstPersonMap/A/EZ/G2Z0V4554Z0ZWBTPR3HXBE.uasset" 7889
"/Game/__ExternalActors__/Maps/Sandbox/FirstPersonMap/A/I4/ELTSGEMH4JZOHN9AXASBS0" 7890
"../../../../../../Repos/Unreal_stealth/Unreal_stealth_proj/Stealth_game/Content/__ExternalActors__/Maps/Sandbox/FirstPersonMap/A/I4/ELTSGEMH4JZOHN9AXASBS0.uasset" 7891
"/Game/__ExternalActors__/Maps/Sandbox/FirstPersonMap/A/MZ/8VZF8MYSXD0WDU8I900MJS" 7892
"../../../../../../Repos/Unreal_stealth/Unreal_stealth_proj/Stealth_game/Content/__ExternalActors__/Maps/Sandbox/FirstPersonMap/A/MZ/8VZF8MYSXD0WDU8I900MJS.uasset" 7893
"/Game/__ExternalActors__/Maps/Sandbox/FirstPersonMap/B/3G/8P4TGTT39ZWJ3U18MJHLUW" 7894
"../../../../../../Repos/Unreal_stealth/Unreal_stealth_proj/Stealth_game/Content/__ExternalActors__/Maps/Sandbox/FirstPersonMap/B/3G/8P4TGTT39ZWJ3U18MJHLUW.uasset" 7895
"/Game/__ExternalActors__/Maps/Sandbox/FirstPersonMap/B/FI/QFXL6GF74D5VRMC6YYVKNF" 7896
"../../../../../../Repos/Unreal_stealth/Unreal_stealth_proj/Stealth_game/Content/__ExternalActors__/Maps/Sandbox/FirstPersonMap/B/FI/QFXL6GF74D5VRMC6YYVKNF.uasset" 7897
"/Game/__ExternalActors__/Maps/Sandbox/FirstPersonMap/B/N4/4POVX9LXDSHQWCERSOL2YQ" 7898
"../../../../../../Repos/Unreal_stealth/Unreal_stealth_proj/Stealth_game/Content/__ExternalActors__/Maps/Sandbox/FirstPersonMap/B/N4/4POVX9LXDSHQWCERSOL2YQ.uasset" 7899
"/Game/__ExternalActors__/Maps/Sandbox/FirstPersonMap/B/PT/LQLERM211Q6IOFF2I1ZZBP" 7900
"../../../../../../Repos/Unreal_stealth/Unreal_stealth_proj/Stealth_game/Content/__ExternalActors__/Maps/Sandbox/FirstPersonMap/B/PT/LQLERM211Q6IOFF2I1ZZBP.uasset" 7901
"/Game/__ExternalActors__/Maps/Sandbox/FirstPersonMap/C/FN/A25V82KAIEGARTLXQZXWP3" 7902
"../../../../../../Repos/Unreal_stealth/Unreal_stealth_proj/Stealth_game/Content/__ExternalActors__/Maps/Sandbox/FirstPersonMap/C/FN/A25V82KAIEGARTLXQZXWP3.uasset" 7903
"/Game/__ExternalActors__/Maps/Sandbox/FirstPersonMap/C/HV/H6IFGYH8K7CF1QD1UEMSHE" 7904
"../../../../../../Repos/Unreal_stealth/Unreal_stealth_proj/Stealth_game/Content/__ExternalActors__/Maps/Sandbox/FirstPersonMap/C/HV/H6IFGYH8K7CF1QD1UEMSHE.uasset" 7905
"/Game/__ExternalActors__/Maps/Sandbox/FirstPersonMap/C/LB/ANO5VPMYSEA2U4E16HNTM5" 7906
"../../../../../../Repos/Unreal_stealth/Unreal_stealth_proj/Stealth_game/Content/__ExternalActors__/Maps/Sandbox/FirstPersonMap/C/LB/ANO5VPMYSEA2U4E16HNTM5.uasset" 7907
"/Game/__ExternalActors__/Maps/Sandbox/FirstPersonMap/C/MM/IF4G5T37R3A73T668R5AQ2" 7908
"../../../../../../Repos/Unreal_stealth/Unreal_stealth_proj/Stealth_game/Content/__ExternalActors__/Maps/Sandbox/FirstPersonMap/C/MM/IF4G5T37R3A73T668R5AQ2.uasset" 7909
"/Game/__ExternalActors__/Maps/Sandbox/FirstPersonMap/C/Y9/GZ1D1BBOYR4YGA5LABOMJO" 7910
"../../../../../../Repos/Unreal_stealth/Unreal_stealth_proj/Stealth_game/Content/__ExternalActors__/Maps/Sandbox/FirstPersonMap/C/Y9/GZ1D1BBOYR4YGA5LABOMJO.uasset" 7911
"/Game/__ExternalActors__/Maps/Sandbox/FirstPersonMap/D/1P/M6K51ERL7UD3TONVNG4UEG" 7912
"../../../../../../Repos/Unreal_stealth/Unreal_stealth_proj/Stealth_game/Content/__ExternalActors__/Maps/Sandbox/FirstPersonMap/D/1P/M6K51ERL7UD3TONVNG4UEG.uasset" 7913
"/Game/__ExternalActors__/Maps/Sandbox/FirstPersonMap/D/3N/W2M1KYWSD5O7O2CACQOYFD" 7914
"../../../../../../Repos/Unreal_stealth/Unreal_stealth_proj/Stealth_game/Content/__ExternalActors__/Maps/Sandbox/FirstPersonMap/D/3N/W2M1KYWSD5O7O2CACQOYFD.uasset" 7915
"/Game/__ExternalActors__/Maps/Sandbox/FirstPersonMap/D/42/I5OYRJNIPCOJMZ1UWXI234" 7916
"../../../../../../Repos/Unreal_stealth/Unreal_stealth_proj/Stealth_game/Content/__ExternalActors__/Maps/Sandbox/FirstPersonMap/D/42/I5OYRJNIPCOJMZ1UWXI234.uasset" 7917
"/Game/__ExternalActors__/Maps/Sandbox/FirstPersonMap/D/FP/DSP46V0LVH00CVLYW9UH62" 7918
"../../../../../../Repos/Unreal_stealth/Unreal_stealth_proj/Stealth_game/Content/__ExternalActors__/Maps/Sandbox/FirstPersonMap/D/FP/DSP46V0LVH00CVLYW9UH62.uasset" 7919
"/Game/__ExternalActors__/Maps/Sandbox/FirstPersonMap/D/JM/GCLWGG9MI1ZK3ZXGO02E6T" 7920
"../../../../../../Repos/Unreal_stealth/Unreal_stealth_proj/Stealth_game/Content/__ExternalActors__/Maps/Sandbox/FirstPersonMap/D/JM/GCLWGG9MI1ZK3ZXGO02E6T.uasset" 7921
"/Game/__ExternalActors__/Maps/Sandbox/FirstPersonMap/D/Q5/C8VMD53QB3PHLCOKBDLYVN" 7922
"../../../../../../Repos/Unreal_stealth/Unreal_stealth_proj/Stealth_game/Content/__ExternalActors__/Maps/Sandbox/FirstPersonMap/D/Q5/C8VMD53QB3PHLCOKBDLYVN.uasset" 7923
"/Game/__ExternalActors__/Maps/Sandbox/FirstPersonMap/D/Y3/NJ7Q77CQ96DEZZDF3MOUPU" 7924
"../../../../../../Repos/Unreal_stealth/Unreal_stealth_proj/Stealth_game/Content/__ExternalActors__/Maps/Sandbox/FirstPersonMap/D/Y3/NJ7Q77CQ96DEZZDF3MOUPU.uasset" 7925
"/Game/__ExternalActors__/Maps/Sandbox/FirstPersonMap/E/ED/UEXXEOE5FBIJJQ5FKHME6A" 7926
"../../../../../../Repos/Unreal_stealth/Unreal_stealth_proj/Stealth_game/Content/__ExternalActors__/Maps/Sandbox/FirstPersonMap/E/ED/UEXXEOE5FBIJJQ5FKHME6A.uasset" 7927
"/Game/__ExternalActors__/Maps/Sandbox/FirstPersonMap/E/HX/UZC3Z2PUFNISWK3AY90A3R" 7928
"../../../../../../Repos/Unreal_stealth/Unreal_stealth_proj/Stealth_game/Content/__ExternalActors__/Maps/Sandbox/FirstPersonMap/E/HX/UZC3Z2PUFNISWK3AY90A3R.uasset" 7929
"/Game/__ExternalActors__/Maps/Sandbox/FirstPersonMap/E/M1/05FJG7FOT8G82QG7JTZ78R" 7930
"../../../../../../Repos/Unreal_stealth/Unreal_stealth_proj/Stealth_game/Content/__ExternalActors__/Maps/Sandbox/FirstPersonMap/E/M1/05FJG7FOT8G82QG7JTZ78R.uasset" 7931
"/Game/__ExternalObjects__/Maps/Sandbox/FirstPersonMap/D/5C/YJBWXOVRH3EDXA48E0XQN7" 7932
"/Game/__ExternalObjects__/Maps/Sandbox/FirstPersonMap/3/WU/70VJDCERCKI907D0E7KR4D" 7933
"/Game/__ExternalObjects__/Maps/Sandbox/FirstPersonMap/B/0A/IPQZGHMTOFQIECU6C8SGAC" 7934
"/Game/__ExternalObjects__/Maps/Sandbox/FirstPersonMap/0/R0/EQKRWCTMNSGB0WXLQ8HP3Q" 7935
"/Game/__ExternalObjects__/Maps/Sandbox/FirstPersonMap/6/ZE/QY94UQUNQKGUN0VDB2O6NE" 7936
"/Game/__ExternalObjects__/Maps/Sandbox/FirstPersonMap/D/87/NXK9S3VOKND865EW51PK3U" 7937
"/Game/__ExternalObjects__/Maps/Sandbox/FirstPersonMap/8/UU/6A7YHB81J0JTD7GJ25YYUS" 7938
"/Game/__ExternalObjects__/Maps/Sandbox/FirstPersonMap/1/88/6UP779ZC8L3SZNK25T3ZGO" 7939
"C:/Repos/Unreal_stealth/Unreal_stealth_proj/Stealth_game/Saved/Cooked/Windows/Stealth_game/Metadata/CookedSettings.txt" 7940
